train_context,train_labels
اختلف حياه برزخي اختلاف كلي حياه دنيوي حياه اخروي صفه مقوم تميز شيء سمو اخر حياه برزخي سمو جسد روح اختلف وجه كثير اهم روح صله داءم بدن تعلق تعلق خاص فارق جسد انسل قبض فارق شكل كلي بقي تفه ابد وقت كعوده فور سءال ملك نزول قبر تسليم مسلم ميت زياره استذكر هٰذا رد عمليه اعاده معين روح كر حياه بدن البعث ,13
مده اخ اسم دلانسي مهاجمه لس داود اخه ساره ولد يعقوب اثناء مرور شارع عندما جاك استشاط غضب شاجر ديلانسي شلاليت بونيات صرع فهر عد اشتكي بوليتز صاحب صحيفه طرد جاك وظيفه مشرد ملجا ,14
ساعد تاثير قديم توليد تفسير متباين طبيعه تاريخ تطور عبر قرن استمر تغير يوم دراسه حديث تاريخ واسع نطاق شمل دراسه منطقه معين دراسه عنصر موضعي موضوعي تحقيق تاريخي غالب تم تدريس تاريخ كجيز تعليم ابتداءي ثانوي عد دراسه اكاديميه تاريخ تخص رءيسي دراسه جامعي ,7
حظي عرض فني تقليدي ياباني يوم شعبيه كبير فن الكابوكي مسرح كلاسيكي نوه مسرح موسيقي كيغن مسرح كوميدي بونراكو مسرح دمي فن النوه كابوكي بونراكو معترف اليونسكو تراث ثقافي ملموس ,12
الابنزوديازيبين بالانجليزيه اشار عامي عقاقير فءه عقار نفساني تاثير شبيه البنزوديازيبين تمام طبيعه ديناميكي دواءي البنزوديازيبينات تقريب امتلك تاثير عقاقير بنزوديازيب تالي تحدث فاءده متماثل اثر جانبي مخاطر البنزوديازيبينات ذٰلك هيكل كيمياءي متباينه مختلف تمام تالي علاقه بنزوديه مستوي جزيءي ,11
عد تاريخ طب سن قديم قدم تاريخ بشريه حضاره تاريخ اقدم دليل ميلاد ميلاد ظهر بقا هيكل عظمي مهرغ ان باكستان مءرخ ذٰلك وقت دليل حفر سن اداه صوان ازاله تسوس طريقه فعال شكل مد هش اعتقد طب سن خص طب طور درج معتمد تخص خاص دعا حركه حديث لطب سن قاءم دليل استخدام بحث دليل علمي عالي جوده توجيه عمليه اتخاذ قرار حفاظ سن يدوي استخدام معالجه ماء فلوريد معجون سن فلوريد تعامل مرض فم تسوس سن وداء داعم سن كذٰلك مرض منتظم هشاشه عظام سكري مرض اضطراب هضمي سرطان فيروس نقص مناعه بشري ايدز امكن اثر ايض تجويف فم ,11
جغرافيا قادر تشخيص مشكله انحصر اقليم تحديد مجال شرح علاقه قاءم مختلف عنصر طبيعي بشري تداخل نتيجه ذٰلك عد جغرافيا خاصيه متميز وضع قدم طبيعي قدم بشري تصنيف حديث موقع مختلف تم سنه قسمه فءه تحليلي تجريبي تفسيري تاويلي نقدي جغرافيا امتلك خواص هٰذا فءه ,9
عندما اقترن تفاعل كيمياءي مرور تيار كهرباءي ذٰلك عمليه عمليه كهروكيمي تفاعل اختزال سب جهد كهرباءي موصول خارج تحليل كهرباءي نشا تيار كهرباءي تفاعل كيمياءي ماده مناسب جهد كهرباءي خليه جلفاني ذٰلك جهد كهرباءيه خصيصه ماده مختلف مدونه قاءمه جهد قياسي اعتبر مجرد انتقال الكترونه جزيه ايونه ذره عمليه كهروكيمي لٰكن صفه عمليه كهروكيمي تميز فصل مكان جر تفاعل كسيد جر تفاعل اختزال جري تفاعل كسيد اختزال ميز كيمياء كهرباءيه سطح فاصل قطب كهرل هٰذا امكن تعريف كيمياء كهرباءيه عمليه تم سطح فاصل طور مختلف قطب وكهرل ,6
قدس عبريه يروشاليم اكبر مدينه فلسطين تاريخي محتل مساحه ساكن اهميه ديني اقتصادي عرف اسم اخر لغه عربي بيت مقدس قدس الشريف اولي كتاب مقدس اسم اورشليم سمي اسراءيل رسمي اورشليم قدس ,9
غضون قرن انصار حركه انساني كلاسيكي شاعر كاتب انجليزي ماثيو ارنولد مفهوم اخر كلمه ثقافه استخدم هٰذا المصطلح اشاره صوره امثل دماثه خلق صوره اخر وصول افضل توصل بشر طريقه تفكير قال اعتقد ذٰلك وقت عد مفهوم ثقافه قريب مفهوم يلدونج لغه الماني عني ثقافه هدف دور تحقيق غايه كمال طريق تعرف افضل تم وصول فكر قول همن صوره اساسي مستوي عالم ذٰلك وقت ,12
استمر تصوير رءيسي مرحله ذٰلك خلال جدول زمني صحراء وادي رم اردن صحراء جزاءر صحراء اكبر تصوير مشهد ولايه كيرلا هند تقطع سبيل طاقم اردن حوالي يوم ذٰلك سب قيد فرض جاءحه كوفيد اضطر عوده هند خلال برنامج بعثه فاندي بهارات اجلاء تابع حكومه هندي استكمل تصوير جزاءر استمر شهر انتقل اردن استمر تصوير منتصف شهر انتقل طاقم اخير ولايه كيرلا هند انتهي تصوير ,14
قدم منصه شاهد محتوي متنوع موجه كافه فرد مجتمع عاءله مختلف شريحه عمري برنامج مسلسله طفل ديزني عربي عالي م ديزني مجموعه كبير مسلسله فيلم عربي اجنبي متنوع شمل منصه ايض مسلسله انيمي فيلم مسلسله هندي بوليود تركي خليجي كوري لاتيني اضافه برنامج حواري اجتماعي اخباري ,12
قران لفظ مركب اضافي جزيء مضاف مضاف قران عرف بحث تعلق قران اتصل قران تعريف معاصر مبحث تعلق قران كريم ناحيه نزول ترتيب جمع كتابه قراءه تفسير اعجاز ناسخ منسوخ مكي مدني دفع ذٰلك قال محمد عبد العظيم الزرقاني موضوع مجموع موضوعات ذٰلك منضوي لواء موضوع قران كريم ناحيه ذٰلك ناحيه قراء موضوع قران كريم ناحيه لفظ اداء تفسير موضوع قران كريم ناحيه شرح معن ,5
دوله اوغوز ياغبو اوغوز ياغبو عني ارض غز دوله تركي اس اوغوز عام استمر وقع جغرافي ساحل بحر قزوين بحر ارال احتل قبيل اوغوز ارض واسع كازاخستان طول انهار ارجيز يايك ايمبا منطقه بحر ارال ادي نهر يحون سفوح جبل قاراتو تيان شان ادي نهر تشو عاش الاوغوز قرب بحر ارال منطقه بحر قزوين طول مجري نهر حون سفلي تقدم رابطه سياسي اوغوز قرن حوض مجري الوسطي دني نهر يحون مجاور سهب غربي كازاخستان ,9
دار حدث قرن ميلادي اثناء تكوين ولايه متحد مهاجر قادم اوروبا ارض عالم جديد مستكشف جون سميث تعاون هندي احمر ساكن اصلي ارض اثناء قيام عمل تقابل اميره بوكاهونتاس وقع حب نظره جون حيره شديد حبه لبوكاهونتاس ولاء مستعمر بريطاني قاءد مدينه جديد وضع مواجه عنيف طرف اختيار نهايه امر حبه اجب وطني ,7
اهميه ثقافه اسلامي مسلم كون هٰذا ثير مسلم تم صله جانح انسان مسلم عقل قلب فكره وصل مسلم ماضي حاضر مستقبل تاريخ امه اسلامي عنصر ثقافه ادب صميم ثقافه خلق امه اسلامي عصر عصور حلقه سلسله خلق قومي ميراث ماضي لذا وجب مسلم وجب امه اخر تمسك ثقافه بعث سب حيوي وصل ماضي اتي ,12
شارك عضو اخر مجموعه مبادره فعال مقوم سبيل مثال فيجو هانستين رولف يكستروم مواطن نرويجي قتل يد لمن محامي محكمه اعلي هرب لندن اثناء احتلال الماني لٰكن النرويج خاض محاوله ناسونال ساميلنج سيطره كونفديه نقابي قتل لان شارك ضرب حليب مرتبط ندره غذاء حشد عامل اوسلو شركه اشترك سبيرفيجكت نايلاند سكابو سكافيام ادي اعلان حكم عرفي ريخكومسيار تيربوفين ,7
استخدم المصطلح عاده مردف جهاز حاسوب شبكه حاسوبي لٰكن شمل تكنولوجيه اخر توزيع معلومه تلفزيون هاتف ارتبط عديد صناعه تكنولوجيا معلومه ذٰلك جهاز حاسوب برمجيه الكترونيه موصل انترنت معدات اتصال تجاره الكتروني ازداد تطبيق تقانه معلومه هٰذا قرن ازديدا كبير طبق اداره حكومي اتصال مختلف جمهور تاديه خدمه قطاع صناعي انتاجي تخطيط قطاع زراعه تعليم اتصال احصاء صحه طب جمرك تجاره تصدير استيراد كذٰلك عرف تواصل جمهور تواصل اجتماعي عد اكبر شركه عالمي ماكروسوفت فيسبوك تويتر جوجل امازون بابا صداره اقتصاد عالم ,4
اقرا ابوها قران كريم سن مبكر قراءه كتابه صرف فقه اصل حضر اقرباء محارم عرم نهل عذب معرفه اسلامي اشار بنان اجاز فريق عالم بدا تدريس فقه اصل حديث حضر جمع عالم ذكر الخاقاني شعراء الغري حدث شيخ محمد السماوي انه سمع جمله عالم نجف حضر قانون اصل اعتبار كون مجازه قراءه صاحب ,0
مراجعه نظير برنامج تضمن غالب قراءه تعليمه رمجيه مصدر هٰذا نوع مراجعه نظير نشاط اكتشاف خل صوره اساسي صوره واضح تم قراءه عينه تعليمه برمجي بواسطه مءلف اصلي ذٰلك ارسال تعليمه برمجي مراجعه تعليمه برمجي تم كتابه استخدام ارشاد ثابت اسهل استيعاب نسبه مراجع اخر ادي تحسين فعاليه عمليه اكتشاف خل ,10
الجاينيه عرف بجاين ماضي دارما ديانه دارمي طابع فلسفي نشا هند قديم تبع تعليم ماهافيرا حوالي قرن ميلاد تبع هٰذا ديانه حالي شكل اقليه هند اضافه تجمع مهاجر متزايد ولايه متحد غرب اوروبا افريقيا شرق اقصي مكان اخر تحافظ الجاينيه تقليد الشرمان قديم ,13
امتلك مطبخ ياباني ماضي عريق طهو تطور هٰذا طهو فن طهو ياباني حديث راقي تناسب موسم موسم سنه هٰذا فن مشاب لفن طهو صيني تعلق عنصر اساسي الشوشوكو ياباني اعتمد عنصر غني كربوهيد ارز قمح شوفان فصوليا دخن شاءع ياباني طبق جانبي اطلق اسم الاوكازو ياباني وظيفه اضافه مذق جيد وجبه رءيسي ذٰلك طبق عاده مالح تكون طعام نموذجي ياباني سلطاني ارز ياباني صحب التسوكهمونو مخل سلطاني حساء مجموعه متنوع طبق الاوزاكو سمك لحم الخضراوات معتاد تسميه طبق تبع كميه ارز حساء صحب ,12
سمح سياسي مستقل ترشح منصب البرازيل نص دستور عام م ماده فقره بند شرط اهلي انتماء حزب ذٰلك تعديل اقتراح دستور سي رقم وضع سيناتور مستقل خوسي ريجوف سمح ترشيح مستقل فرد حظي تايد ناخب قادر تصويت منطقه مدينه ولايه دوله اعتماد انتخاب ترشح مرشح حالي امكن عضو مجلس تشريعي مغادره حزب انتخاب حاله سيناتور ريجوف حزب عامل ديمقراطي دي عام ,8
شركه ا معروف سابق اسم احده اهم شركه مجال تصنيع قاطره سكه حديدي المانيا اخر قرن ماضي مصنع اصلي وقع وسط عاصمه رل كافي تلبيه احتياج متزايد عامل سكه حديدي مصنع ذٰلك بدا شركه بحث موقع مصنع جديد منطقه محيط حول برلين هٰذا سب تم اختيار مساحه بلغ متر مربع عام جوار سكه حديد جورليتز قرب مدينه هوهرلي ,4
طبيعي انجليزيه امكن تعريف طبيعي منهجي بناء تنظيم معرفه رصدي شكل تفسير توقع قابل اختبار حول كون حاول طبيعي شرح كيفيه عمل عالم ظاهره موجود بناء وضع نظريه استخلاص استنتاج ناء معطي مرصود ذٰلك تفسير غيبي اعتبار مرصود سم كثير تفسير ديني غنوصي روحيه عالم ظاهره استخدم كلمه طبيعي كتاج حثي تبع منهج علمي حاول فلسفه طبيعي اجتماعي تطبيق هٰذا منهجي علمي موضوع مختلف ,5
اشار مصطلح اجتماعي تخص اكاديميه اهتم مجتمع علاقه فرد داخل مجتمع اعتمد اساس منهج تجريبي عاده استخدم مصطلح شامل اشاره انسان اقتصاد اجتماع شمل غالب معني اوسع انساني اثر دراسه اقليمي دراسه اتصال دراسه ثقافي تاريخ قانون لغه سياسي امكن استخدام هٰذا المصطلح سياق علمي اشاره اصل اجتماع نشا قرن كلمه انجليزيه لغه لاتيني رفيق يوناني كلمه معرفه دراسه اشار اميل دوركهايم كارل ماركس ماكس فيبر اس اجتماعي حديث فق هٰذا تعريف ,5
ركز اهتمام راي عام سمي حرب شتاء جاء مساعده متطوع استعداد قتال فنلندا عالم تميز دوله ديمقراطي دوله نظام شمولي موجود ايطاليا فاشي ملكه مجر ظهر وجود كبير دوله اسكندافي اجمالي عد متطوع متطوع سويدي نرويجي دنماركي امريكي اصل فنلندي اعتبر فرنسا اهم امه ارسل مساعده مادي فنلندا ارسل طاءره قطعه مدفعيه رشاش قنبله يدوي ندقيه مليون ذخيره ,7
اوضح ركود شهد عقد قرن سياسه نقدي قيدا معين حدث فخ سيوله عندما تخفيض سعر فاءده كافي كدوم طلب رغب بنك اقراض حجم مستهلك زياده انفاق سب توقع سلبي اقتصاد انفاق حكومي مسءول خلق طلب اقتصاد امكن وفر انطلاقه انقاذ اقتصاد ركود عندما حدث ركود عميق كفي اعتماد فقط سياسه نقدي استعاده توازن اقتصادي جانب هٰذا سياسه اختلاف ذٰلك جمع جانب سياسه تعامل مشكله اقتصادي حل استخدم ان ولايه متحد هٰذا سياسه اثر محدود ذٰلك بدا سياسه مالي تاثير اكبر مدي طويل بينما مال سياسه نقدي تحقيق نجاح مدي قصير ,8
جراحه عظام مفصل اهم فرع جراحه عالج مرض اصاب جهاز حركي اختلف اختصاص مرض مفصل تفرع دور طب باطني ذٰلك استخدام وسيله جراحي جراحي علاج رضوض جهاز حركي اصابه رياضي مرض تنكسي التهاب ورم اضطراب خلقي ,11
عديد اداه تقيم نشاط حياه يومي مقياس مقياس نشاط جدول حياه يومي معظم نموذج خدمه رعايه صحي استخدم تقيم نشاط حياه يومي مارسه ذٰلك نموذج طبي نموذج روبر لوغان رنامج شامل رعايه مسن ,14
دليل ثبت ضروره وجود معد اقتضاء حكمه الٰهي وجود معد تقرير الباري تعالي اتصف حكمه الحكيم صدر فعل باطل هدف باري تعالي صدر فعل باطل هدف معني خلق الٰه تعالي هٰذا وجود عالم انسان هدف فعل تعالي باطل عبث قول الٰه تعالي سوره مءمن افحسبتم خلقناكم عبث ترجع مءمن ايه تالي اطل كون فعل الٰه تعالي باطل مقدم اطل كون خلق الٰه تعالي وجود هدف ثبت عكس ,13
بينسك بيلاروسي ينسك ينسك روسيه ينسك اوكرانيه بولندي ينسك اليديشيه عبري ينسك يتوانيا مدينه روسيا ابيض منطقه وليشيا يجتاز نهر بينا كذٰلك نهري ترومن بريبيه معروف منطقه اسم مستنقعات ينسك مركز زراعه خصب وقع جنوب غرب مينسك بلغ عد ساكن حوالي نسمه مدينه مركز انتاج الزوارق صناعي صغير بحر نهر محلي ,9
حاول سياسه استقرار تحفيز اقتصاد خروج ركود تقيد عرض نقد منع تضخم مفرط استخدم سياسه مالي مرتبط كثير الاقتصاديات كينزي انفاق حكومي ضريبه توجيه اقتصاد موقف مالي حجم عجز فاءض سياسه ضريبي ضريبه مستخدمه جمع دخل حكومي انفاق حكومي مجال مجال حكومه تحكم سياسه نقدي قيمه عمله طريق خفض معروض نقد سيطره تضخم رفع تحفيز نمو اقتصادي شعر قلق مقدار مال متداول تالي سعر فاءده تضخم سعر فاءده حد حكومه سياسه دخل ضابط سعر هدف فرض ضابط نقديه تضخم متطلبات احتياطي اثر مضعفه مال ,8
ادعي مدير متحف ديل برادو رسام جوش دي مادروثو مادروث عام اسلوب جويا انعكس وحت صرح سب هٰذا ادعاء طبق عمل جويا استاذ كبير جوده هٰذا لوحه رديء اشتهر هٰذا لوحه سنه عالم مشهور رومانسيه انطباعي عام نقل فالنسيا سلامه اثناء حرب اهلي اسباني تم اصلاح ضر ناتج اثناء نقل شاحنه لٰكن اثناء هٰذا تصليح حده لون لوحه داكن عام وصل عمل مرم حده ون ميوه مدريد مصدر الهام اثار اخر كثير وقع هٰذا اثر مجموعه رسم ادورد لوحه المذبحه كوريا بابلو يكاسو اثر مهم ,14
 جزاءر عاصمه اعلن ياسر عرفات رءيس منظمه تحرير فلسطيني انشاء دوله فلسطين عام توقيع اتفاقيه اوسلو عام شكل سلطه وطني فلسطيني اداره درجه متفاوت منطقه وب ضفه غربي ضم كانتون قطاع غزه حماس حزب راءد برلمان سلطه وطني فلسطيني انتخاب اخير اندلع صراع حركه فتح ادي سيطره حماس غزه عام عام فك ارتباط اسراءيلي ,9
كلام قاعده كيمياء قصد ذٰلك عده خواص معين خواص ماء حدث ماء نقي تفاعل تفك قليل جزي انساب ماء ايونات اوكسونيوم ماء اوجي ماء ايونه الهيدروكسيد ظهر هٰذا تفاعل حدث ماء خواص قاعده تكون ايونه سالب شحنه ماء وقت تكون ايونه موجب خواص حمض لٰكن نصف ماء نقي قاعدي حمضي قال متعادل هٰذا انتمي مقدار اس هيدروجيني اهاء قيمه تركيز ايون ماء بلغ قيمه ال باهاء ماء نقي تركيز منخفض جد جزيء مفك مليون بليون جزيء سليم تفاعل تفك ماء تفاعل متوازن معدل تفك جزيه ماء مكون ايونات سالب موجب ساوي معدل ترابط ذٰلك ايون تكوين جزي ماء متعادل هٰذا معني توازن تفاعل ,6
شعار نباله كنسي تقليد شعار نباله وضع رجل دين مسيحي استخدم بدايه تميز وثيقه وضع علامه ميز تطور عمل كنظام تحديد شخص ابرشيه اعتبر شعار نباله كنسي رسمي كنيسه كاثوليكي امتلك معظم سقاقه ذٰلك بابا معطفه شعار خاص تبع رجل دين كنيسه انجليكي لوثري كاثوليكي شرقي كنيسه ارثوذكسي عاده مشابه هٰذا امر كذٰلك مءسه مدرسه ابرشيه ,13
منظمه مقاومه اخر عرف اسم مجموعه اوزوالد كنيه مءس اسبيورن سوند تاس مجموعه سمي ولبيبر ارتبط دور مءس ارنست بيبر سيطر شرطه سري سوفياتي اعتقال ولبيبر عام خسر فريق اتصال تمويل موسكو لٰكن تمكن سوند حفاظ تشغيل خليه بدء عمليه بدا مجموعه ربروسا حمله تخريب اصاب مختلف قطار منشاه عسكري تفعيل معسكر تدريبي خاص روكاديلين منطقه معزول جبل قرب نيسبيان ,7
مقاربه اقتصاد جغرافي خريطه صيني حكومه كين تاريخ قرن ميلاد عمل جغرافي يوناني ترابو جيوغرافيكا عام تطور رسم خريطه وضح جغرافي عده جانب استخدم حالي هٰذا مجال وضع عده قوه اوروبي مختلف خريطه وصف مورد احتمالي ارض اسيوي افريقي اميركي احتوي مذكره سفر توصيف ساكن اصلي مناخ مناظر طبيعي انتاجي عده موقع شجع هٰذا توصيف تطور نمط تجاره قاره فتح باب حقبه نزعه تجاري ,9
عد تفاعل كيمياءي طبيعه كهربي كيمياء كهربي حقيقه دراسه ظاهره كسيد اختزال تناول دراسه تحول متبادل طاقه كيمياءي كهربي ضمن اطار تفاعل كسيد اختزال شكل قسم هام جد تفاعل كيمياءي ,6
طيران ناس شركه طيران اقتصادي عودي خاص مساهمه مغلق شركه طيران اقتصادي ملكه عربي سعودي وقع مقر رءيسي عاصمه رياض شغل رحله طيران اسبوعي وجه محلي دولي شرق اوسط اسيا اوروبا افريقيا مطار ملك خالد دولي رياض مطار ملك عبد العزيز دولي جده مطار ملك هد دولي دمام مطار امير محمد بن عبد العزيز دولي مدينه منور مركز عمليه اسطول تكون طاءره عام ,2
اعتبر لجنه مسجد شاهي حمايه رعايه مسجد سلطان تيبو عمل توجيه رءيس حالي سامي المباركي فاعل رءيسي نشط رعايه شان يومي مسجد اطلق عضو لجنه حمله مساعده ضحيه تسونامي عام كجيز صندوق رءيس وزير ضحيه تسونامي نظم لجنه اضراب طعام استمر مده يوم احتجاج تدخل حكومه مركزي عندما تم تدمير دارغ مسلم معبد هندوسي فادودارا تم انهاء اضراب حق مبادره محافظ شري جوبال كريشنا غاندي قدم كوب عصير صاءم ادان وقت لاحق هجمه معبد هندوسي باكستان كذٰلك اعتداء مبشر مسيحي اوريسا جزء اخر هند ,7
صدر البوم ميرا عندما عرف وسط فني اسم هموري البوم صدر عندما بدا عرف اسم ميرا سب تغير هٰذا اسم وقت قصير حق نجاح كبير وقت قصير هٰذا اختراق تغير حق فن رشح حصول جاءزه امراه اختراق ذٰلك خلال جاءزه موسيقي الفيديو تلفزيون كرال لٰكن نهايه حصل اوزليم تكين هٰذا جاءزه ضمن مرشح هٰذا جاءزه جولشن نار اونسال سيبال يلجتش خلال البوم تقديم فيديو كليب اغن نور توبو وجهك ضحك مستحيل حال حال ,14
خلال تاريخ طويل تعرض قدس تدمير مره حاصر مره هوجم مره تم غزو فقدان مجد مره استوطن بشر موقع شيد مدينه الفي ميلاد امر قدس اقدم مدينه ماهول عالم د صنف مدينه قديم موقع تراث عالمي جري عاده عرف تقسيم حاره اسم مستخدمه يوم حاره هٰذا حاره حاره ارمن حاره نصاري حاره شرف حاره يهودي حاره مسلم ظهر قرن رشح اردن مدينه قديم درج ضمن قاءمه موقع تراث عالمي مهد سنه ,7
مواجه نيتيرو غون وكيلوا تحدي نيتيرو استخدم ذراع قديم لعبه خطف كره جهد كبير جون وكيلوا تمكن نيتيرو استخدم يد نزال اخر ملك نمل ميرويم استخدم نيتيرو قدره نال احترام ملك لان اقوي واج ادي تغير فكر ملك بشر استخدام نيتيرو اقوي هجوم يد صفر ادي اصابه ملك لٰكن نيتيرو استهلك طاقت لجا نيتيرو حيل زرع قنبل مكان معركه فعل اتن توقف قلب نيتيرو عمل استخدم نيتيرو هٰذا حيله ملك فرقه عقل بشري متجد متطور بشر ملك قوه جسدي فقط ملك عقل تدمير ,14
امكن سيره اخر سيره رءيس دوله تجمع انجاز كثير كثف احتاج صياغه خاص شامل لٰكن مفهوم باحث متبع قارء عادي سواء عنوان مستقل عرض رشيق انجاز محطه صوره مختزل سيره ذاوتي لاتيني روي شخص سيره حياه ,12
حضاره ازدهر جزيره حضاره قوم سكن جزيره عربي قال باحث مسكن حقف واقع جنوب ربع خالي حضاره ظهر جزيره حضاره قوم ثمود عد ضمن حضاره باءد تالف قبيل عشيره متعد بلغ حد عظيم مدني ازدهار جزيره عربي اتفق مءرخ مسلم اهم دار بادي قريه حجاز شام اثر مدينه مدينه منور تبوك وكانوا قوم تميز كون نحت يوت جبل ,7
ابقي وجود سر عام عندما عد عضو قاد عديد نساء ذٰلك صوفي اوستفدت طالب كيمياء جامعه اوسلو عام عام اكتشف لمن تنظيم سلسله اعتقال لٰكن تمكن تفكيك استمر عمل نهايه نزاع ,7
قدر مكتب المراجع سكاني ساكن عاش منطقه حضري عام عد ساكن عاصمه دوحه بلغ عد ساكن ذٰلك سنه نم مدينه رءيسي صناعه نفط دخان ساحل غربي ميناء سعيد جنوب دوحه فق امه متحد معدل نمو سكاني منطقه حضري فتره نسبه ,9
قرن عديد عالم انثوبوبوجيا عرق ظاهره بيولوجي تمام هٰذا جوهري سلوك شخص هويه موقف اطلق عرقي اساسي هٰذا جانب اعتقاد مجموعه لغوي ثقافي اجتماعي موجود اساس اساس عرقي شكل اساس سمي ان عنصريه علمي برنامج تحسين نسل نازي جنب جنب صعود حركه مناهض استعمار اصولي عرقي شعبيه واسع انتشار ادي دراسه جديد ثقافه مجال وليد وراثه سكاني تقويض مكانه علمي عنصريه عرقي دفع عالم انثوبوبوجيا عرقي مراجعه استنتاج حول مصدر اختلاف مظهري عد كبير عالم انثوبوبوجيا حديث عالم حي غرب جاء نظر عرق تسميه راثي بيولوجي صالح ,9
تضمن هٰذا الترجمات لغه البرمجه عالي مستوي قابل قراءه بشري سي بلاص بلاص وجافا لغه مستوي متوسط جاف بايت كود لغه مستوي منخفض لغه تجميع لغه اله مستوي ماثل لغه منصه مختلف كذٰلك سبق لغه اخر ,10
يوم خرج جاك مقر توزيع صحيفه عالم نيويورك بوابه رءيسي مرتد بزه متهندم حامل يده عده نسخه جريده صحيفه عالم نيويورك عندما راه زميل باءع صحيفه متجول مضرب متجمع حول مقر صحيفه دهش جاك زعيم موظف صحيفه عالم نيويورك صاحب يوسف بوليستر شتم جاك قال بعي نت داود جاك كاذب كه نهر جاك هادء نظر داود باق النوزيز برود ابي كلام افترق جاك كيلي كاوبوي نام مطبعه مقر توزيع صحيفه عالم نيويورك ,14
والبنزوديازيبين عاميه نزو غالب اختصر عقار نفساني تاثير احتوي نوه كيمياءي اساسي انصهار حلقه بنزين حلقه ديازيبين هٰذا عقار كلورديازيبوكس يبريوم اكتشف صدفه ليو تيرنباخ عام متاح عام هوفمان روش حق تسويق بنزودياز الديازيبام الفاليوم عام ,11
كمال باشا شعر اشميزاز استسلام تنازل قدم سلطان حليف احتلال بريطاني قسطنطينيه معروف اسم اسطنبول لغه انجليزيه عام استقال منصب هرب مصطفي كمال باشا اسطنبول طريق بحر مرور دوريه بحريه ملكي بريطاني نزل مدينه سامسون ساحليه بحر اسود تنظيم مقاومه ضد احتلال قوه حليف انضول استقاله اصدر باب عالي حكومه عثماني مذكره ضد مصطفي كمال باشا حكم لاحق اعدام غيابي ,14
مجمل نشاط يومي فرد ذٰلك نشاط اعتيادي خاص رعايه ذاوتي تغذيه استحمام تغير ملبس نظافه شخصي عمل تدبير منزلي راحه ذٰلك نشاط حياه يومي اساسي استحمام لبس ملبس اكل تغذيه اعداد طعام عمليه تنقل قصد انتقال مكان اخر اثناء تنفيذ نشط نظافه شخصي نشاط جنسي ,14
جادل عد عالم حاسوب تميز نموذج منفصل حاسوب جادل بيتر اجنر هٰذا نموذج تكنولوجيا رياضي جادل فريق عمل يتر دينينغ النظريه تجريد النمذجه تصميم وصف امنون هـ ايدن نموذج عقلاني تعامل الحاسوب كفرع فرع الرياضيات ساءد الحاسوب نظري استخدم شكل اساسي استنباط نموذج التكنوقراطي منهج هندسي ابرز هندسه البرمجيات نموذج علمي قارب مصنوع متعلق حاسوب منظور تجريبي طبيعي امكن تحديد فرع ذكاء اصطناعي ركز حاسوب اسلوب متبع تصميم نظام حوسبه صنع انسان تحديد مواصفه رمجه تحق تنفيذ اختبار ,10
منطق بحث قاعده تبع تفكير طريقه استدلال صحيح اسلوب استنتاج معقوليه ذٰلك اداه تفكير لان عني تحليل طريقه تفكير صيانه خطا عمليه منطقي اهتم بفءه صيغه قضيه مزيد منطق رياضي نظريه مجموعه فرع منطق رياضي اهتم دراسه مجموعه تجميع كاءنه رياضي مجرد عمليه مطبق شكل اهم ركيزه رياضي حديث ,3
رغم وجود كلمه اسم جدل حول حاسوب فرع رياضي هندسه جادل الن نيويل هيربرت سيمون عام قال ذٰلك امكن تصنيف حاسوب تجريبي لان استخدم اختبار تجريبي تقيم صحه برنامج لٰكن بقي مشكله تحديد قانون نظريه حاسوب تحديد طبيعه تجربه حاسوب جادل مءيد تصنيف حاسوب خص هندسي موثوقيه نظام حاسوبي تم تحقيق طريقه تم تحقيق جسر هندسه مدني طاءره هندسه طيران قال تجريبي لاحظ موجود حالي حاسوب لاحظ امكن بينما اكتشف عالم قانون ملاحظه تم عثور قانون مناسب حاسوب اهتم بدل ذٰلك خلق ظاهره ,10
اشار منظمه اليونيسف طفوله قاءمه نهاءي مهاره نفسي اجتماعي حياتي ذٰلك رد دليل منظمه امه متحد طفوله كثير مهاره نفسي اجتماعي مهاره قدره مهارات حياه اخر تقن اعتبر مهم شكل عام استخدم عديد مهاره مارسه وقت مهاره تخطيط اتخاذ قرار تواصل اخر حل خلاف شخصي اخر ماهي خياره ان تبادل مهاره صدر نتيجه سلوكي قوي خاص عندما تم دعم استراتيجيه اخر هٰذا نهج امكن اختلف مهاره حياتي محو اميه مالي خلال وقايه تعاطي مخدر تقنيه علاجي تعامل اعاقه مرض توحد صم منهج مهاره حياتي غالب اكد مهارات تواصل مهاره علمي لازم عيش نجاح مستقل تطوير ذوي احتياج خاص طالب تعليم خاص برنامج تعليم منفرد ,12
دوله اسراءيل منع ترشح مستقل انتخاب الكنيست وجب اشهار حزب ترشح اساس مصر اعتمد نظام مزدوج انتخب جزء برلمان اساس قاءمه تنافس حزب جزء اخر اساس فردي تنافس حزب مستقل سوريا خلال عهد جمهوريه مستقل دوام شكل اكبر كتله رلماني عهد جمهوريه خص ثلث مقعد برلمان مستقل عموم مقرب حزب جبه وطني تقدمي شكل معارضه ,8
تضمن استخلاص معلومه مزيه منهجي قدره باحث تحق فعاليه تلاعب تحديد مشارك تمكن تخمين فرضيه نقطه خداع تم كشف بيان هٰذا طريقه وجب استبعاد هٰذا مشارك تحليل شعر عديد عالم هٰذا فاءده بر ركيزه متابعه تجريبي غياب خداع اجراء ارهاق ,12
ظبي رياضي مجموعه قناه رياضي اماراتي تكون قناه فضاءي قناه بث مجاني اضافه قناه مجموعه بث برنامج ظبي تابع شبكه ظبي اعلام نقل حدث رياضي مختلف مدار ساعه يوم يوم اسبوع حق قناه نقله نوعي شكل مضمون برنامج طور امكانيه نقل دوري اماراتي وسع شبكه مراسل زاد عد محل متخص مجال عبه كره قدم اطلق قناه ظبي رياضي امن تغطيه كامل حدث رياضي نقل مباراه صادف وقت عرض توقيت اخر عرض قناه ظبي رياضي اساسي بث بطوله كاس عالم شب قاهره فتره نبر اضافه بطوله كاس عالم ناشء سنه اقام نيجيريا فتره نونبر ,1
ماتوزي ميرلو سياسي ديمقراطيه حديث اتبع عاده مسرون ظيفي رءيسي سياسي محتر سياسي حكم قطاع حكومي تقاعد سياسي محترف سياسي اكتسب معه طيب خبره حكم مستوي معين حكومه حكومه دولي حكومه فيدرالي حكومه ولايه حكومه محلي تركي سياسه بدا مشروع تجاري جديد استفاد علاقه سياسي ,8
بدا اتحاد سوفي خطه اقتصادي مده سنه عام هدف طموح بدايه سعي تحول فوري اتحاد سوفي دوله صناعي نتيجه مترتب ضعف اداء خلال خطه صارم اعترف مدير خطا هدف تم تنقيح هٰذا هدف مستوي اعلي ادي ضر اقتصادي اشار احصاء صادر سنه خطه سبق موعد محد اعلن جوزيف تالين خطه اكتمل غضون سنه دعا ياكوف غومينر دعم هٰذا حمله ملصق عام بعنان اشاره حماس مطلوب عامل انجاز خطه موعد محد اعلن تالين نجاح خطه بدايه عام مشير انشاء عديد صناعه ثقيل موجود وقت حث تخطيط حذر مستقبل ,9
طب نساء توليد اختصاص منفصل عني مرض اصاب جهاز تناسلي انثوي عقم اضافه ولاده حمل شان اخر اضطراب اصاب دوره شهري ,11
غزاه مدينه ساحلي فلسطيني اكبر مدينه قطاع غزه وقع طرف جنوبي ساحل شرقي بحر متوسط مدينه قدس مسافه كيلومتر جنوب غربي حد شرقي ارض مدينه الخليل غربي محتل عام مركز محافظه غزه اداري اكبر مدينه قطاع غزه تعداد ساكن بلغ عد ساكن مدينه نسمه عام اكبر تجمع فلسطيني فلسطين بلغ مساحه كيلومتر مربع مدينه كثافه ساكن عالم ,9
ازدهر كذٰلك حضاره مدين ارسل الٰه نبي شعيب سلام امر عباده اله تعالي حضاره قرن ميلاد انتشر اقليم امتد شرق جنوب شرقي خليج عقبه توقع وصول فتره ازدهار حد منطقه عرف ان حجاز شان كبير سيطره طريقه تجاره ,7
امكن تعريف مجموعه سلوكيه مهاره شخصي الزم فرد تعامل مجتمع ثقه اكبر قدره عالي اتخاذ قرار مهم حياه انسب مستوي شخصي اجتماعي جنسيه عمل تطوير تعامل اخر ايجابي تفادي وقوع ازمه تغلب حدوث ,12
نقوش معين مقس مسجد مر تاريخ بناء رغم نقش اسم باني مسجد بوابه شرقي مسجد اسم خان جهان جونان شاه ذٰلك غياب دليل كتابي ادبي تاريخ مسجد رغم اشاره شبكه انترنت ذكر مءخر عام عام اشار شيء تاريخ مسجد تم تقديم دراسه حثيه ولش هوارد ورقه قدم حصول درجه ماجسه عنوان التاغولوغ بناه سلطنه دلهي حد دراسه سنه بناء مقارنه عديد مسجد كبير اخر بني فتره قال دراسه تاريخ بناء مسجد عام عام عهد فيروز شاه ,7
انطلق ذٰلك فتره مسار تطور اجتماعي متاثر كومت مجال اخر مسار تبع نشاه بحث اجتماعي اجري المسوحات احصاءي كبير منطقه مختلف ولايه متحد اوروبا ايميل دوركايم درس حقيقه اجتماعي فلفريدو اريتو مسار اخر افضي فكر نظريه نظريه فردي تطور ساءل نشا انقسام منهجي حالي خلال عرف ظاهره اجتماعي تفهم ماكس فيبر شخصيه ايد هٰذا مسار تطور مسار داخل اقتصاد عز معرفه اقتصادي وصف تمثيل صلب مسار اخير تداخل معرفه قيمه اجتماعي طالب شده سوسيولوجيا ماكس فيبر مرتبط فهم مناهضه وضعيه هٰذا تميز نظريه وصف دعوي هٰذا مسار عباره مناقشه منهجي متداخل موضوع ,5
سد ترتاون وقع نهر تشارلز قرب جسر ترتاون وساحه ترتاون بلده ترتاون ولايه ماساتشوستس امريكي تميز سد ارتفاع بالغ قدم حوالي متر طول قدم متر هٰذا منطقه ماضي وصل ماء مد جزر نهر تشارلز لٰكن ذٰلك عد حدث بناء سد نهر تشارلز مصب عرقل وصول مد جزر هٰذا نقطه سد سد ترابي تصميم جاذبيه بلغ تخزين عادي حوالي متر مكعب فدان قدمي بينما سعه تخزين اقصي سد وصل متر مكعب فدان قدمي هٰذا سد جمع ماء مساحه قدر حوالي ميل مربع كيلومتر مربع ,9
تاريخ دراسه ماضي موصوف وثيقه مكتوب حدث تحدث سجل مكتوب اعتبر تاريخ تاريخ مصطلح شامل تعلق حدث ماضي اضافه الذاكره اكتشاف جمع تنظيم عرض تفسير معلومه حول هٰذا حدث اطلق عالم اكتبي تاريخ اسم مءرخ ,7
حصول شهاده بكالوريه سنه انتقل باريس حصول اجازه سينما ادب جامعه باريس السوربون جديد اشتهر كليه براعه تمثيل قدره كبير تجسيد مختلف دور حصل دور ثانوي نشاط ثقافي سينماءي نظم جامعه جه اخر ,14
مربع كامل عد قسمه عد معين مره ناتج عد فلو قسم عد عد ناتج ساوي مره ناتج عد مربع عد سمي عد جذر تربيعي عد مكعب كامل عد قسمه عد معين مره ناتج عد عد قسمه عد مره ناتج توالي عد مكعب عد عد جذر تكعيبي عد ,3
تضمن تخص فرعي طب الطوارء طب كارثه سموم طبي تخطيط صديده طبي حاله طارءه طب عنايه حرج خدمه طبي طارء معالجه اوكسجين عالي ضغط طب رياضي رعايه تلطيفي طب فضاء طيران نموذج مختلف طب طارءه عالمي دوله تبع نموذج انكليزي امريكي اعتمد طب طارءه سابق جراح مارس طب عام طبيب عام اخر اختصاص قاءم دوله تبع نموذج الماني فرنسي هٰذا اختصاص موجود قدم طبيب تخدير خدمه طبي طارء انعاش شارك جراح متخص طب باطني طبيب القلبيه طبيب عصب فق حاجه ,11
قاءمه منقوش جدر معبد امون كرنك ظهر نقش ملوك جالس تحتمس قيام توسيع معبد امون نقل مكان اخر وصف قاءمه تابع زمني فراعنه لٰكن اهميه نبع ذكر فراعنه فتره انتقالي فتره انتقالي ذكر قاءمه اخر ,7
تميز سياسي تنوع ناحيه منهجي تناسب عديد اسلوب ناشء بحث اجتماعي عصب ادراكي شمل نهج متبع فلسفه وضعي نظري تاويلي تفسيري نظريه اختيار عقلاني نظري سلوكي بنيوي بنيوي واقعي مءسي تعديه استخدم سياسي اعتبار اجتماعي اسلوب تقنيه تعلق نوع استفسار مطلوب مصدر اولي وثيقه تاريخي سجل رسمي مصدر ثانوي مقاله مجله علمي بحث مسحي تحليل احصاءي دراسه حاله بحث تجريبي بناء نموذج ,8
امتلك مصر ثقافه عمر سنه تاريخ مسجل مصر قديم حضاره شرق اوسط افريقيا سنه حافظ مصر ثقافه فريد نوع معقد مستقر اثر ثقافه لاحق اوروبا حقبه فرعوني مصر تاثير حضاره هلنتي فتره زمن وقت لاحق تاثر ثقافه مسيحي ,12
ولايه متحد كندا طبيب عصب طبيب كمل دراسه اعلي عصب تخرج كليه طب طبيب عصب كمل متوسط مقر سنه تعليم جامعي تدريب سريري هٰذا تدريب تضمن سنه جامعي شهاده طبي شكل دور سنه اضافي دراسه اتمام سنه كطبيب مقيم دراسه تخرج طبي الاكلينيكيه عصب سنه اقامه تكون سنه تدريب طب باطني متبوع سنه تدريب طب عصب طبيب عصب كمل سنه سنه زماله طبي اتمام رنامج اقامه طب عصب تخص فرعي هٰذا مجال شمل طب اصابه دماغي الفسيولوجيا عصبيه السريريه صرع طب ملطف الم مريض مصاب مرض قابل شفاء اضطراب نمو عصبي طب عصبي عضلي طب الم طب اضطراب نوم طب وعاءي عد طبيب عصب كمل تدريب اضافي سنه زماله حقل معين جلطه طب عصب وعاءي طب عصب التدخلي صرع طب عصبي عضلي تاهيل عصبي طب عصب سلوكي طب نوم اداره الم مناعه عصبيه الفسيولوجيا عصبيه اضطراب حركه ,11
دعم ايثون نمط برمجه متعد توجيه كاءني برمجي جانبي توجيه برمجه الوظيفيه استخدم ايثون عاده عديد لغه البرمجه ديناميكي كلغه برمجه نصيه ايثون نموذج مفتوح تطوير قاءم مجتمع ايثون برمجي مدعوم مءسه برمجيه ايثون تحافظ تعريف لغه تنفيذ مرجعي لسي ايثون ,10
امتد سودان مساحه واسع جنوب مصر منطقه استواءي وسط افريقيا ادي وجود مختلف عرقيه ثقافه دين لٰكن شكل اسلام خلفيه ثقافي غالبيه ساكن سودان خاص جزء اوسط شمالي تشكل ثقافه جنوب جنوب شرق غرب سودان ثقافه افريقي خالص مازج اسلام قليل ,12
عام توصل استبيان شمل عضو جمعيه اقتصادي امريكي بينما افق شكل عام بيان سياسه مالي تاثير تحفيزي كبير اقتصاد توظيف كامل افق شكل عام بيان وجب اداره دوره عمل احتياطي فيدرالي وجب تجنب سياسه مالي نشط عام توصل استبيان لاحق عضو عضو ال اجماع سابق حول اقتراح اخير الغي حلول ذٰلك متنازع تسوي تقريب ,8
مرشح هٰذا موضوع اخ نابليون جوزيف بونابرت افصح هٰذا فكره خاطب كتب امبراطور ميسه اضطر رناندوالتن عرش اسره ديه ينيو وحكم جوزيف بونابرت اسبانيا غضب شعب اسباني استاء كثير حكم فرنسي ميوه تمردالشعب المدريدي حكم انتشار خبر سجن اخر عضو عاءله ملكي اسباني ارسال فرنسا ,7
اقدم استخدام معروف هٰذا فكره امكن طريقه جد رساله الورد ايرون عام زوجه قريب ان ايزابلا ملبانك كتب اعرف ساوي وجب سعيد اثبات ذٰلك استطاع رغم ذٰلك وجب اقول طريقه امكني تحويل متعه اكبر كثير ,8
حصل اجازه فن مسرحي دمشق سوريا شارك ذٰلك بطوله عرض مسرحي عمل اهم مخرج سوري فواز الساجر مانويل جيجي منصور السلطي نادر قاسم طفل جمهور ميز قدم عديد عرض مسرحي موجه طفل سنديلا سنه عرف صوت ميز شاهد مسلسله الكرتونيه دور بطل اهم ماوكلي كاب ماجد صياد صغير اسهام كتابه قصه قصير موجه يافعي اهم خطفني الديك ,14
نورا عاءله يهودي مدينه نيويورك ابنه اكبر ضمن بنت ترع بيفرلي هيلز كاليفورنيا الدي هنري فيبي اسم زواج وكند افرون مولود ساحل شرقي كاتب مسرحيه نص سينماءي ميت نورا تيمه بطله مسرحيه بيت الدميه كاتب المسرحيات النرويجي هنريك ابسن عمل خوت اصغر سنا ديليا ايمي كاتبتا سيناريو ايض شقيقه هالي افرون صحفي مراجعه كتاب رواءي مختص كتابه قصه جريمه كتب الدا افرون شخصيه ساذج نسخه مسرحي فيلم خذ ملكي تيمن نورا بالغ عمر عام رساله بعث عندما كليه ادمن الدي لاحق خلال اخر سنه عمر كحول ,14
افتخر اغلب قبيل اوسط سودان غرب سودان انتساب ثقافه عربي اسلامي بينما قل هٰذا شعور اقاصي بلد جنوب سودان انفصال منطقه نيل ازرق قطاع سودان خصوص منطقه تحدث لغه عربي تحدث هجه مختلف المصطلح سوداني رطانه كلغه ,12
عد احده مجموعه كارث حرب تاشب هٰذا مجموعه لوحه ميوه تبع جوي اسلوب تقليدي دور واضح عد لوحه كارث حرب احده مجموعه حفري رغم رسم عام اكتمل رسم عام جويا اخيه البوم بحريه معروض ان متحف بريطاني تعلق وحت تصوير امامي ذٰلك مجموعه طبع مجموعه كارث حرب لوحه هٰذا مجموعه وحتان وضح حدث شهد جويا اثناء زياره زراجوز وسط لوحه دعاء ال توسل خفي اخر وجه وضع ستار ظهر عسكر عكس لوحه احده لوحه جويا احتل هٰذا لوحه مكانه مهم داخل مجموعه كوارث حرب استخدم جويا ذٰلك فتره قالب صوره طبيعي امكن رسم لوحه اخر ,7
مرور وقت تطور عبه كره سله اشتمل طريقه لعب فني شاءع تعلق تصويب كره تمرير مراوغه جانب مركز لاعب خطه دفاعي هجومي عاده لعب اطول عباء فريق مركز وسط مركز هجوم لاعب اقصر طول تميز سرعه امتلك افضل مهارات امساك كره تحكم فيلعبون مركز دفاع رغم اهتمام بالغ قاعده قانون عبه كره سله مارسه مسابقه منافسه ظهر كثير لعب مشتق لعبه كره سله شكل رسمي بلد عد عبه كره سله رياض شعبي استقطب قطاع جماهيري كبير عد كره سله اساس مثابه رياضه تنافسي صاله ملعب كره سله ازداد انتشار لعب مشتق لعبه كره سله تم تشديد قاعده قانون كنع رياض ساحه خارجي موجود قرب حي شعبي تجمع سكني ريفي ,1
حوي فناء مسجد نافوره وقع وسط كشك ركن وقع محراب جدار داخلي غربي منبر مرتفع رخام ابيض طعم نقش فارسي رخام ابيض لمسه جمالي حجر اسود مر بوابه مركزي فتره عام دمر جزء مساحه مسجد خارجي بناء خط سكه حديدي مدينه ,7
تضمن حياه فرد شخصي يومي اكتساب خبره عديد اكتساب مهارات عمل حياه مهني ضمن خبره وظيفه متنوع اضافه حياه عاءلي كيفيه تمضيه وقت فراغ حصول تسليه ترفيه وقت استغراق تفكير تامل مطالعه كتاب خبره جديد مناقشه فكر جديد فلسفه ,14
رياضه لعب دور اساسي حميه امكن اتباع مفيد جسم بشري ادي تقليل نسبه اصابه مرض سكري مرض قلب شريان تحافظ وزن مثالي ذاكره افضل زاد ثقه نفسي اثبت دراسه بريطاني رياضه ساعد افراز مخ ماده كيمياءي الاندرفينس انسان شعر حال افضل عديد لعب رياضه تميز تشويق كره قدم قفز عالي سباق حاجز مارسه رياضه لسي حاجه قضاء ساعه صاله تمرين رياضي احتاج اضافه قليل حركه روه يومي اثبت دراسه حديث رياضه بدني افاد جسم كثير ,1
اطلق لقب محق طبيب طبيب عبر تاريخ محق طبيب طبيب معظم متعهد دفن موتي ذٰلك دوله استخدم قب محق طبيب كندا اختلف مسمي محق مدينه اخر اونتاريو محق طبيب مرخص غالب طبيب اسره مدينه كيوبيك خلط محق طبيب طبيب بينما كولومبيا بريطاني غالب نظام محق طبيب مدينه البرتا سكوتيا تطلب نظام محق طبيب ,11
 سياسه مقارن انجليزيه فرع سياسه اهتم دراسه نمط حكومه عصر حاضر تحديد مجال حكومه مقارن وجه دقه اعترض صعوبه اساسي صعوبه اتصل صعوبه دراسه ماهيه عمل شكل جوهر نشاط حكومي صعوبه اهم اتصل علاقه قيمه ناحيه نشاط حكومي ناحيه اخر ذٰلك اعتبار لكل حكومه واقع ميراث تاريخي شيء خصوصيه تنميط حكومه تصنيف محل تساءل ,8
بدا تاريخ حاسوب وقت طويل ظهور فرع معرفه حديث حاسوب ظهر قرن لاح افق قرن سابق تقدم اختراع اليه نظريه رياضي مفاهي اله حديث شكل مجال اكاديمي رءيسي اساس صناعه هاءل منتشر مستوي عالم ,10
باءع صحيفه متجول صد شبيحه حاول افساد اضراب لٰكن اتضح امر فخ دبر اخ ديلانسي ادي تعرض النيوزيس ضرب مبرح عندما هزيمه اعتقال شرطه وصل سبوت قاءد مجموعه باءع صحيفه متجول حي بروكلين رفقه مجموعه اتحد باءع صحيفه حي مانهاتن نظير بروكلين مهاجمه خصم استخدام مقل درس قاسي ,7
اسلامي عصر اوسط غرض عملي اضافه هدف فهم سبيل مثال فلك مفيد تحديد قبله وجه صلاه نبات تطبيق عملي زراعه عمل ابن بصال وابن العوام جغرافيا مكن زيد البلخي عمل خريطه دقيق حق عالم رياضي اسلامي الخوارزمي ابن سينا غياث دين الكاشي تقدم جبر المثلثات هندسه رقم عربي صف طبيب مسلم مرض جدري حصبه تحدي نظريه طبي يوناني كلاسيكي صف البيروني ابن سينا اخر تحضير دواء مصنوع نبات طبي مركبه كيمياءي درس فيزياءي اسلامي ابن الهيثم بيروني اخر البصريات ميكانيك فلك انتقد رءيه ارسطو حركه ,5
الامازيغ دفن موتاه شكل جانب شكل مثني اخر شكل جانب صبغ جثه موتاهم مغر احمر اوكر هٰذا عاده قفصيه ايبيرو موريسيه اعتبر سلف امزيغ كشف مقبر الماقبل تاريخي مغرب وضع اداه ميت سلاح حلي قشر بيض ربما استخدم عالم اخر خلاف اميغ افريقي الغوانش ساكن جزيره الكناري اصلي تحنيط جثه موتاهم فكان جف ولف جلد ماعز افريقيا عثر فاريزيو موري سنه مومي يبيه قديم اقدم موميه مصري قديم ,13
قطر وقع شرق اوسط غرب اسيا حد سعوديه خليج عربي موقع استراتيجي غطي قطر كيلومتر مربع جزيره امتد كيلومتر خليج عربي جزيره عربي عرض كيلومتر قطر اساسي مسطح اعلي نقطه متر جزيره منتصف ساحل غربي خليج عربي اتصل بر ملكه عربي سعودي تجاور دوله اماره عربي متحد ملكه البحرين ايران تبع دوله قطر جزر اهم جزيره حالول شراع سافلي سحط تكون ارض سطح صخري منبسط هضاب تلال كلسي منطقه دخان غرب منطقه جبل فويرط امتاز هٰذا سطح كثره خور خلج حوض منخفض اطلق روض منطقه وسط عد دور موقع خصوبه كثر نبات طبيعي قطر جنوب سعودي غرب خليج عربي شرق اماره جنوب شرق اهم مدينه دوحه الخور ريان وكره مسيعيد ,9
عد تقليل تكلفه صيانه برنامج سب ذكر قاعده تعليم برمجي تالي مقدمه قاعده تعليم برمجي خاص لغه برمجه اوضح اساس منطقي تالي قاعده تعليم برمجي مهم مبرمج ذٰلك عده سب نسبه تكلفه وقت تشغيل عينه برنامج موجه صيان قلم تم صيانه برنامج واسطه مءلف اصلي طوال فتره تشغيل عمل قاعده تعليم برمجي تحسين قابليه قراءه برنامج اتاح مهندس استيعاب تعليمه برمجي جديد صوره اسرع شكل كامل حاله قيام شحن تعليمه رمجيه مصدر صوره منتج حاجه تاكد تعبءه صوره جيد نظافه ذٰلك منتج ,10
 طير بلا جناح مسلسل درامي مصري تم انتاج عام تكون حلقه مسلسل تاليف راحل منصور مكاوي طوله سميحه ايوب عبد اله غيث انور اسماعيل ناديه السبع مصطفي متولي ارق الفيشاوي محمد الشويحي صبري عبد المنعم اطمه التابعي تيسير فهمي احمد زكي مثل اخر اعتبر مسلسل افضل مسلسله مصري ,14
اصدر فنانه امل ساين البوم تكون اغن تركي موسيقي عرف اسم افضل اغن اخر سنه عام اظهر عديد الموسيقي تصويري خاص عديد فيلم رواءي تركي هٰذا البوم صدر هٰذا الالبوم اسطنبول تم كتابه غلاف امامي البوم اسم فنانه امل ساين تم تغطيه لون احمر عام اصدر البوم امل ساين عام اصدر البوم امل ساين ,14
صف لوحه ساعه يوم ثوره اعتمد لوحه مجموعه مجموعه جود اسير شكل متفرق مقابل جندي فرقه اعدام نظر ضحيه جندي فرقه وجو شكل فظ ذٰلك ساحه ضيق ضح كنيس كلارك فريشي جويا وصف التضاد محاوله ضحيه فرقه اعدام دعم ضوء درام منظر فنار مجموعه اضاء الفنار طرف الايسر وحه تواجد ضحيه متعانق داخل هٰذا الحشد راهب القس دعا رحمه وسط لوحه وقف ضحيه اخر خط طلق نار مجموعه مفقود طرف ايمن خيال فرقه اعدام عديد شخص غيره واضح وجه سب حراب عسكر قبعه وصف جويا ذٰلك مجموعه ضحيه رءيسي لوحه رسم جوي مجموعه روبسوار وصف ضحيه رءيسي منظر امامي وحه ظلام ليل وصف برج كنيسه شكل واضح شرح جويا منظر اخير وحه ظلام مشاعل ,7
قصر العيني كليه طب جامعه قاهره اشار كليه طب مستشفي جامعه قاهره مجمع صحي تعليمي متكامل وقع منطقه قصر العيني منيل روضه قاهره اشتمل كليه طب جامعه قاهره مدرسه طبي مصر قاهره عهد محمد علي باشا عام اشتمل مستشفي جامعه قاهره سمي مستشفي قصر عيني عديد معهد علمي ,11
تعين سياسي مجرد انتخاب تعامل ضابط حكومه موظف حكومي عمل صالح صراع خفي عبر تاريخ هدف طويل جانب استبدل ساسه فاءز نظام قاءم محسوبيه ولايه متحد قرن مسءول موظف حكومي محمي موجب قاعده خدمه حكومي مءيد هٰذا نظام غنيمه بدا عمل اصلاح وظيفه حكومي قضاء فساد وظيفه حكومي نظام غنيمه ظل عمل كامل طاقت عديد بلد نمو عام ,8
جغرافيا طبيعي فيزيوجغافيا درس ظاهره طبيعي سطح ارض توزيع يابس ماء تضريس شكل سطح غلاف جوي غلاف حيوي تدخل انسان هدف جغرافيا طبيعي فهم شكل ارض تغير مناخي خصيصه غطاء نباتي حيواني ,9
نيتيرو مستخدم نين قوي غايه حاز لقب اقوي مستخدم نين نصف قرن اقال انه فضل تدفق هاله ساكن خاصت استطاع توقع حركه بينما كميه هاله رهيب غايه ادهش صياده مستوي موراو وصف ن جسد تم وخز ابره كولت قال قارن حٰتي هاله حارس ذٰلك استطاع تخلص نيفيربيتو رمشه الحاق ضر جسيمه ميرويم واسطه قدره يد صفر ظهر تالي انه تقني هٰذا فن احتراف تام ,14
عرق مفهوم استخدم تصنيف بشر مجموعه دعا عرق مجموعه عرقي استناد تركيب صفه بدني مشترك سلف وراثه صفه اجتماعي ثقافي رغم هٰذا تجمع افتقر اساس متين بيولوجيا حديث زال تاثير قوي علاقه اجتماعي معاصر استخدم مره اشاره متكلم بلغه مشترك دلاله انتماء امه حلول قرن ال بدا عرق اشار سمات جسدي ظاهري استخدم هٰذا المصطلح كثير معني تصنيفي بيولوجي عام بدء قرن دلاله مجموعه شريه متباين راثي محد نمط ظاهري ,5
كره سله رياضه جماعي شعبي تنافس فريقان تالف اعب حاول ادخال كره سله خصم احراز هدف كسب نقطه تم احراز نقطه خلال ادخال كره داخل سله موجود ارتفاع مترار فاز فريق تمكن احراز عد نقطه اكبر ذٰلك احرز منفسه نهايه مباراه هٰكذا صعب قوع نتيجه تعادل فريق امكن اعب تقدم كره طريق تنط ارض ملعب عرف اسم مراوغه تمرير زميل وصول هدف سمح احتكاك بدني عرقل لاعب فريق خطا قيد مفروض كيفيه تعامل كره عرف اسم مخالفه قاعده لعب ارتكاب لاعب لسي مخالفه طرد مباشره مباراه اعب اخر فريق ,1
امتد ساحل عمان مسافه كلم مضيق هرمز حد يمن طل ذٰلك بحار بحر عرب بحر عمان خليج عربي حد ناحيه غرب دوله اماره عربي متحد طول ملكه عربي سعودي طول جنوب جمهوريه يمني طول مضيق هرمز شرق بحر عرب تواجد عمان خطوه عرض خطوه طول و شرق ,9
اعتبر قدس مدينه مقدس تبع ديانه ابراهيمي رءيسي يهودي مسيحي اسلام نسبه يهودي مدينه اقدس موقع فتح نبي ملك داود عاصمه ملكه اسراءيل موحد حوالي سنه ميلاد اقدم ابن سليمان بناء هيكل نص توراه مسيحي مدينه موقع مقدس صلب يسوع المسيح تلال المسماه جلجثه حوالي سنه ميلاد عثر قديسه هيلانه صليب داخل مدينه حوالي سنه فق جاء عهد جديد مسلم قدس اقدس مدينه مكه مدينه منور مسلم توجه صله فرض حوالي سنه ميلاد موقع عرج نبي اسلام محمد بن عبد اله سماء وفق معتقد اسلامي كنتيجه هٰذا اهميه ديني اعظم حوي مدينه قديم عد معلم ديني اهميه اكبر كنيسه قيامه حاءط براق مسجد اقصي مكون عده معلم مقدس اهم مسجد قبه صخره مسجد قبلي ,7
هولبرغ مثقف سافر كثير فتره مراهقه زار مدينه كبير دوله هولندا فرنسا عاش فتره قصير روما فتره اطول اكسفورد انجلترا نادر خلال ذٰلك فتره حياه فكري تمحور اوروبا قاري رسمي جامعه اكسفورد لٰكن قضي وقت استخدام مكتبه مشاركه مناقشه اتيني طالب لغه انجليزيه ,14
سياسي مستقل حزبي خاض انتخاب محلي تشريعي رءاسي اسم شخصي برنامج خاص صفه حزبي غالب مستقل ذوي حيثيه داءره ترشح كون عاءله نفوذ رجل عمل كثر ترشيح مستقل بلد نامي شعبيه واسع عمل حزبي حصر عمل حزبي مدينه اكبر ريف ,8
عندما استخدم كاسم مجموع ثقافه مجموعه عاده تقليد قيمه مجتمعي مجموعه اثني امه تمثل ثقافه شعب سيما عربي عرف قبلي موروث اب عد مثابه قانون نظم حياه معتقد مثابه خط احمر تم تجاوز ثقافه مجموعه معرفه مكتسب مرور وقت هٰذا معني تعديه ثقافي قدر تعايش سلمي احترام متبادل خلق تقبل ثقافه مختلف سكن كوكب استخدم كلمه ثقافه ايض وصف مارسه معين داخل مجموعه فرعي مجتمع ثقافه فرعي ثقافه مضاد اطار انثوبوبوجيا ثقافي ايديولوجيه موقف تحليلي نسبي ثقافي اكد امكن سهوله تصنيف تقيم ثقافه شكل موضوعي لان تقيم وقع ضروره ضمن نظام قيمه ثقافه معين ,12
مدخل مسجد ناحيه شرق احتوي درج تم دفن ناءب مرشد قولي خان هٰذا سلال تم ذٰلك وفق رغبه تاءب اثم ارتكب امر هٰذا تواضع قال اراد ادفن هٰذا مكان الدوس ذٰلك عام عندما توفي دفن الدرج مسجد لوح مكتوب لغه عربي محمد عربي مجد عالم غبار راس غبار بوابه ,7
تم اجراء علاجه سن فريق طب سن غالب تكون طبيب سن معاون سن مساعد طبيب سن اختصاصي صحه سن فني سن اضافه معالج سن عمل معظم طبيب سن عياده خاص رعايه صحي اولي مستشفي سن مءسه رعايه ثانوي سجن قاعده قوه مسلح الخ ,11
اتصل جغرافيا اجتماعي اتصال ثيق اجتماع في اسم فرع فرع ارتبط اخر ارتباط ثيق اخر جغرافي ساكن صله وثيق ساكن ديموغرافيا جغرافيه عمران حضري ريفي صله وثيق تخطيط مدينه ريف اعتمد جغرافي خدمه سابق توزيع تصنيف مركز خدمي ولي دراسه تفصيلي فرع جغرافيا اجتماعي ,9
عوده رحله عرض داروين شرشير جمعيه جيولوجي ندن اجتماع ينايرعام ثديه عينات طير جمع عينات طير تضمن الشراشير لجون غولد عالم طير انجليزيه شهير تحديد اجل قولد عمل خلال اجتماع قادم صرح طير جزيره غالابوس ظن داروين طير اسود منقار خشن شرشير حقيقه سلسله شرشير ارض ميز شكل مجموعه جديد كلي تضمن نوع وصل هٰذا قصه صحيفه ,14
يهودي مسيحيه اسلام ديانه ابراهيمي سماوي ضم اكبر عد اتباع اعتبار عام صنف تقدير مليار شخص ساكن عالم تبع ديانه ابراهيمي ال مليار شخص ساكن عالم تبع ديانه ابراهيمي لاديني توزع تبع ديانه اخر حوالي انتمي دين منظم شكل مسيحيه حوالي ساكن عالم شكل اسلام حوالي شكل يهودي حوالي ,13
مظهر ايجابي مجتمع كويتي ديواني اعتبر عصب مجتمع ذكوري كويت ديواني مجلس غرفه ملاصق منزل اجتمع فرد اسره ضيف تبادل طرف حديث الاخبار تهنءه عزاء ديواني اعتبر منبر مرشح نقابي حصد صوت تحدث امر سياسي اقتصادي ذٰلك حرص مجتمع كويتي تركيز ثقافه ديواني اعتبر ابسط شكل ديموقراطيه بلد ,12
كتاب فردوس حكمه كتب ابن ربن الطبري مجلده عام تقريب اولي موسوعات طبي عربي الطبري راءد تنشءه طفل اكد رابطه قوي طب حاجه علاج نفسي ارشاد معالجه مريض ناقش موسوعه اثر ساسروتا تشانكيا طب ذٰلك علاج نفسي ,11
السيخيه ديانه دارمي حديث متاثر تعليم اسلام خاص توحيد وهويه اضافه دمج عنصر هندوسي ظهر يد معلم ناناك لد سنه م هندوسيا لد بيءه مسلم عمل انسان مسلم تاثر تعليم اسلام خصوص فكره توحيد ديانه السيخيه دمج اسلام هندوسي شعار هندوس مسلم ,13
انتشر سهول اجرد هضاب قليل ماء كلاه اعتاش شجيره صغير تراوح درجه حراره بيءه كثير صيف تراوح حراره و درجه مءوي شتاء انخفض حراره درجه مءوي صفر تنقل جمال وحشي مسافه طويل بحث ماء كلاه قرب جبل حوي ينابيع طبيعي ثلج شتاء ,12
بدا تاريخ اجتماعي عصر تنوير عام شهد ثوره داخل فلسفه طبيعي اطار اساسي فهم خلال فرد اطلق صفه علمي نشا اجتماعي فلسفه اخلاقي ذٰلك عصر متاثر عصر ثوره ثوره صناعي ثوره فرنسي تطور اجتماعي تجريبي تطبيقي معرفه قاءم اساس منهجي مارسه توجيهي متعلق نمو اجتماعي مجموعه كيان متفاعل ,5
 اصدر البوم اربيسك تقريب هٰذا الالبوم الالبوم موسيقي هادء بسيط تعامل هٰذا الالبوم البر نارمان فتاح هٰذا تعامل ثناءي انتاج عديد اغن مشترك اغن نجاح شهره الراديو ذٰلك وقت الراديو غنيه التكسيرات سيزين اكسو غنيه مصير ,14
توحيد ماز تقليد البابيه بهاءي الشيوندو مسيحيه الربوبيه الدرزيه اكنكار السيخيه طواءف هندوسي الشيفيه فيشنافي اسلام يهودي السامريه منداءي الراستفاريه يتشو نو تنريكيو ايزادي اتيني تم عثور عنصر فكر توحيدي ديانه مبكر الزرادشتيه دين صيني قديم يهوي ,13
هٰذا مساحه اخضر كبير جنب جنب مجموعه حديقه صغير ملعب اندسورث ارك مراقبه شرطه حديقه خاص مجلس اندسورث معروف عام عام اسم شرطه حديقه اندسورث اعتبار تم استبدال فريق شرطه حديقه مءلف ضابط داءره شرطه حدث اندسورث اصغر حجم عمل فريق ضابط شرطه عاصمه اعتبر هٰذا نظام ناجح عام تم تغير اسم شرطه متنزه حدث واندسورث مستوي توظيف كامل ضابط شرطه ضابط دعم ,9
 مجموعه عرقي معترف رسمي صين هٰذا رقم عد قوميه هان اكبر مجموعه مر تاريخ كثير مجموعه اندمج عرق مجاور اختفي هويه تقليدي داخل مجتمع علاقه شكل كبير تميز اسم عاءله هويه تقليدي داخل مجتمع تميز اسم عاءله شكل كبير اقليم مقال اساسي كنز سلف غطي ثقافه تقليدي صيني اقليم جغرافيه كبير منطقه مقسم ثقافه فرعي مستقل غالب منطقه موضوع مستمد سلف سبيل مثال غوانغدونغ متمثل اجاد جينجر هاي ,12
عرض سياسه ثوره منهجي شان ضعف شوكه منهج اداه تقليدي تبني منهج اداه جديد هٰذا ثوره ملي جمله اعتبار اعتبار تعلق حركه سلوكي اثر شكل واضح اجتماعي ضمن سياسه اعتبار تعلق انفتاح سياسه فرع مختلف اخر ظهر استخدام نموذج اقتصادي اسلوب انثوبوبوي تعرف علاقه قوه سلطه رسمي فضل اقتراب بحث سوسيولوجي تحليل بناءي وظيفي تحليل طبقي نخبوي ,8
احتفي هٰذا يوم عموم شهر يوم لٰكن نهايه قرن احتف عالم هٰذا يوم صادف ذكري ميلاد رغيليوس ملحم روماني حاءز جاءزه اوغستان ادب فقد حافظ عديد دوله هٰذا تقليد احتفال يوم وطني شعر يوم عالمي شعر ,12
حينما بلغ ايلا كوتلو عمر بدا كتابه نشر قصه مقال مجله انسان حر عنوان ايجن بيريل انهي ايلا كوتلو روايه عنوان هروب عام عام عقب انهاء ايلا كوتلو فتره خدمه قدر عام استقال وظيفه اتجه شكل كامل كتابه نشر مرار ريايه شخصيه متشابك تطور مجتماعي تاريخي روايه ,14
اخ مسلم حركه اسلامي سياسي وصف اصلاحي شامل اس حسن البنا مصر م عقب خرج دار انتشر تعليم البنا ابعد مصر اثر يوم مجموعه متنوع حركه اسلامي منظمه خيري دعوي حزب سياسي استخدم اسم بدا كحركه ديني اجتماعي دعا اسلام مصر امي مسجد مدرسه اسلامي مستشفي شركه تجاري تقدم لاحق ساحه سياسي انهاء سيطره استعماري بريطاني مصر هدف معلن جماعه موقع رسمي اقامه دوله مدني ديمقراطي مرجعي اسلامي تحكم شريعه اسلامي ,14
واقع هٰذا اختلاف تحديد معني المصطلح دلاله امكن تميز مستوي تحليل اساسي نطاق سياسه مقارن مستوي افقي مقارنه نشاط حكومه داخل مجتمع نشاط مجموعه وحده حكم محلي ربما وحده اصغر اتحاد تاجر كنيسه شركه اتفق حكومه مضمون وليس حجم نشاط مستوي راسي هٰذا مستوي اعتمد اسلوب مقارنه تطور حكومه عبر فتره تاريخي مختلف سيطر هٰذا نوع تحليل فعل دراسه سياسه مقارن زمن طويل كشف وزن متغير مختلف تاثير نشاط حكومي درجه استمراريه هٰذا تاثير مقارنه مختلف حكومه عالم معاصر هٰذا استخدم معيار شديد اختلاف ,8
جغرافي بشري تحد دراسه ملامح تفاعل وجه تباين تشابه اقليم مختلف بيءه عنصر طبيعي مورد ثروه معدني وصف اساس قاعده فهم عنصر حضاري مترتب مترابط داخل اطار بيء محد ذٰلك اكد مبدا ارتباط ثمر فهم علاقه تاثيري تاثري انسان بيءه تعريف جغرافيا بشري ذٰلك اهتم وصف تحليل نمط مكاني ظاهره ثابت متغير اصل بشري سطح ارض انقسم جغرافيا بشري فرع رءيسي ,9
فيلم كريستيان بيل سنه فيلم خارج فرن مخرج سكوت كوبر ادي شخصيه راسل بايز تلاه الم احتيال امريكي اخراج ديفيد راسل شارك طوله برادلي كوبر ايمي ادمز جينيف لورنس رشح فيلم جاءزه الاوسكار افضل فيلم حفل توزيع جاءزه اويكار رشح بيل لنيل جاءزه اويكار افضل مثل اداء لٰكن فز اختار بيل تجسيد شخصيه نبي موسي فيلم حمل عنوان خروج اله ملوك اخراج ريدلي سكوت عرض فيلم تجسيد شخصيه مايكل بيري فيلم درام سيره ذاوتي عجز كبير تم ترشيح جاءزه الاوسكار جاءزه البافتا افضل مثل دور ثانوي اوان اخير لعب دور ديك تشيني فيلم درامي كوميدي ناءب اخرج ادم مكاي بطوله ايمي ادمز دور لين تشيني تيف كارل دور دونالد رامسفيلد سام روكويل دور جورج دبليو بوش تلقي بيل اشاده عالمي اداء ,14
سلطه قضاءي دوله استخدم قب فاحص طبي ميديكال اكسامينر شخص وسا طبيب تم اختيار فحص حاله وفاه بينما دوله اخر اشترط قانون طبيب شرعي طبيب اخصاءي مرض طبيب شرعي ,11
عندما اكتشف محمد بن موسي الخوارزمي الخوارزميات غرض حوسبه مطلع قرن تبع ذٰلك فتره تقدم كبير صنع مخترع عالم اداه حساب عام ض لهل شيكارد تصميم اله حسابي لٰكن تخلي هٰذا مشروع عندما دمر نموذج اولي بدا بناء حريق عام عام تقريب بليز اسكال عالم رياضي فرنسي راءد بناء جهاز جمع ميكانيكي اساس تصميم وصف هيرو السكندري عالم رياضي حضاره اغريق عام اخترع غوتفريد ايبنتز جدول حساب متدرج اكمل عام ,10
اثبت بنزوديازي فعاليه علاج اضطراب نوم دليل اشار محدود تحمل دواءي منسوب بنزوديازي تطور شكل بطء بنزوديازي ذٰلك بيان اقتصر استنتاج امكن استخلاص اقتصر بيان اثر طويل مدي بنزوديازي اوصي مزيد بحث سلامه بنزوديازي فعاليه مدي طويل نسبه بنزوديازي مراجعه ادبا اختلاف مخدر سبيل مثال تحمل عوده عرض حدث زاليبلون ,11
دار حدث فيلم حول فتاه اسكندريه تقر سفر صديقه قاهره راد حلم شهره عمل وسط فني بينما فتات اعتقد جمال وحد بوابه عبور حلم اصطدم قاهره حقيقه اخر موهبه حجر اساس جمال طريق وحيد فن مرور ضاءقه مالي ظرف صعب تقر عوده اسكندريه بينما عمل اخر راقص ,14
عام ازمه مغربي ازمه اكادير تم توقيع معاهده فاس مغرب حمايه فرنسي اسباني عام سنه احتلال فرنسي حصل مغرب استقلال استعاد معظم ارض خاضع سيطره اسباني استقلال ايض ,7
ضمن تلفزيون جزاءري تغطيه كامل تراب وطني هٰذا وصول هدف اجتماعي ثقافي شريحه جزاءر عميق تركز اهتمام تلفزيون جزاءري كقناه عمومي برنامج متنوع وطني محلي درجه مجتمع دولي مختلف قضيه راهن حرص قدم جمهور جزاءري شفافيه كامل سهر تلفزيون جزاءري مواكبه تقنيه جديد تكنولوجيه اعلام اتصال خلال توسيع حركي رقمنه داخل مءسه تركيز عمل جهاز متطور انقسم مءسه مديريه اساسي ,12
اصدر ميرا البوم عشيقي عام كليب تصوير هٰذا الالبوم عشيقي كتب حنه شهرزاد عام قدم ميرا اولي اغاني منفرد عنوان ميناء اخير شهر عام التقي عديد موسيقي الهام جي تلحين عمل منفرد مشاركه دانيل تاشيل بينما تولي فيابو تاشيل تنظيم تم اصدار نسخه مختلط اغن توقيع دانيل تاشيل عام قدم ميرا دويتو غناءي جيميل دمير اطلق عمل منفرد جمهور عنوان انلا ,14
سياسه اجتماعي تعامل نظام حكم سلطه تحليل نشاط سياسي مءسه سياسي فكر سلوك سياسي دسار قانون مرتبط ,5
بلغ عد ساكن فلسطين نسمه اعتبار احتل مرتبه عالم رغم فلسطين ادعي قدس عاصمه مدينه خضع سيطره اسراءيل اعترف مجتمع دولي مطلب فلسطين اسراءيل مدينه اعترف دوله فلسطين اصل عضو امه متحد عام تمتع وضع دوله مراقب عضو امه متحد سطين عضو جامعه دوله عربي منظمه تعاون اسلامي مجموعه ال لجنه اولمبي دولي اضافه اليونسكو اونكتاد محكمه جناءي دولي ,9
دراسه حديث تصنيف عرقي كبنيه اجتماعي ذٰلك عرق شيء جوهري بشر هويه اقامه معني سياق اجتماعي هٰذا هويه عرقي عكس موقف ثقافي سلطه امبراطوريه مهيمن خلال عصر توسع استعماري اوروبي هٰذا راي رفض فكره قاءل عرق محد بيولوجيا ذٰلك عالم حي فءه عرقي ارتبط صفه بيولوجي سبيل مثال نمط ظاهري علامه راثي معين ترد متفاوت بشر تطابق شكل اخر تجمع عرقي تقليدي هٰذا سب اجماع حالي حول امكن اعتبار فءه عرقي اهميه فهم تنوع جيني بشري ,9
تاس طيران اماره دعم حاكم دبي شيخ محمد بن راشد ال مكتوم شركه رحله طيران دبي كراتشي اكستان ذكر خط جوي باكستاني دولي لعب دور كبير تاسيس شركه طيران اماره سنه قدم مساعده فني اداري اضافه توفير طاءره بوينج جديد طاءره ايرباص طراز ,2
ثناء تخطيط ادرك السويد استطاع تدخل وقت نرويج تخطيط اقتصر شمي عمل الكسوف انطلق قوه حليف دنمارك المانيا شمالي تم احتلال دنمارك دعم اسطول متركز طوربيد ديبو بيرمينغام دخل ميناء كوبينغاين مغطاه عمليه اسطول كاسحه لغم نظر لان اوريسوند مزروع الغام شكل كبير اضاف قسم مظلات سرب قاذفه سمي وبير تيبهون سلاح جوي ملكي بريطاني ,7
بلع دواء تم امتصاص وساطه جهاز هضمي دخل جهاز بوابي كبدي تم نقل عبر وريد البابي كبد وصل بقيه جسم تولي كبد عمليه ايض دواء ذٰلك درجه كميه قليل دواء خرج كبد وصل دوره جهازي مرور اولي دواء عبر كبد قل توافر حيوي دواء جاء تسميه ظاهره تاثير مرور اولي ,11
نورا افرون اميركي مولود توفي بركين بنيويورك صحفي كاتبه مقاله كاتبه مسرحي كاتبه سيناريو رواءي منتج مخرج مدونه انتج فيلم سفجين اغلاديليار مساجنيزفار رشح جاءزه اسكار مره تعالج افرون فتره طويل سن لٰكن شفي مرض سرطان دم توفي افرون عام بنيويورك ,14
السلفافورازول اسم دولي مسجل ملكي عرف ايض اسم سلفيسوكسازول مضادي كتيري انتمي مجموعه السلفوناميدات احتوي مجموعه الاوكسازول تفرع امتلك السلفافورازول فعاليه كميض حيوي ضد مجموعه واسع بكتيريا سالب غرام بكتيريا موجب غرام مزيج الاريثروميسين ارثرومايسين سلفافورازول فينازوبايرين استخدم محلي محلول تركيز كمر ,6
صل حكم نابليون بحر ابيض اسبانيا هٰذا بلد مكانه استراتيجي مهم فرنسي امبراطور كرولوس امبراطور اسباني عام اعتبر قادر اداره بلد اثناء صراع قومي حاشيه ملك طاءش تجاهل بلد سب حبه صيد وزوج خاءن زوجه ماريا رءيس وزير جودوي حكم بلد امبراطور اقترح نابليون تقسيم ارض بلد عدوان البرتغال جمع اقوي اسبان صاحب حكم ضعيف رءيس وزير اسباني جزء بينما جزء بلد اسبانيا فرنسا هٰكذا جوي دوي جراف قب امير جوي دوي هٰذا اقتراح معروف صلح امير اعجب كثير صرح رءيس وزير مرور جيش فرنسي اراضي اسباني وصول البرتغال لٰكن هدف نابليون حقيقي وضع اسبانيا البرتغال طره اخي جوزيف حكم هٰذا بلد وصول هدف وعد فيرناندو ابن امبراطور كرولس عرش والد عاقد اتفاق سري استولي امير عهد سلطه برلمان اسباني دعم نابليون فيرناندو عازم قتل ديه دخل اسبانيا لف جندي فرنسي بدون مواجه صعوبه جيش سب ,7
بدا قرن هجري ظهور اصطلاح قران كتب حسن الحوفي كتاب برهان قران مجلد ابن الجوزي تابين فن فن قران مجتبي تعلق قران قرن هجري الدين السخاوي تابي جمال قارء شامه المقدسي كتاب مرشد وجيز تعلق قران العزيز اشهر مبحث قران كتاب برهان قران بدر الدين الزركشي ابن تيميه رساله اصل تفسير مشتمل موضوعات قران كذٰلك كتاب محمد بن سليمان الكافيجي قرن هجري جلال الدين البلقيني كتاب موقع موقع نجم قرن هجري جلال الدين السيوطي تابي اتقان قران اشهر كتاب اوسع هٰذا باب ,5
فق كتاب مقدس انحدر نو اسراءيل نسل يعقوب اب كتابي انجليزيه اغار اسم اسراءيل وقوع جفاف شديد ارض كنعان هرب يعقوب ابن اثن مصر شكل نهايه سبط اسراءيل اثن خرج نو اسراءيل حق فرار عبوديه مصر يد موسي فتح ارض كنعان قياده يشوع خليفه موسي اتفق معظم عالم معاصر توراه قدم وصف حقيقي اصل بني اسراءيل بدل ذٰلك نظر شكل اسطوره وطني ذٰلك افترض اصل تاريخي قصه كتاب مقدس ملكه اسراءيل هاذ ملكه اسراءيل موحد سابق رغم تاريخي هٰذا ملكه محل شك ,7
عندما عرف انسان تحدث مفهوم معين عرق خلق واقع اجتماعي حق خلال تصنيف اجتماعي هٰذا معني اقال عرق بنيه اجتماعي تطور هٰذا بنيه ضمن سياقه قانوني اقتصادي اجتماعي سياسي مختلف امكن تاثير سب وضع اجتماعي اكبر رغم عرق وف بناء اجتماعي كثير معظم عالم اتفق عرق اثار مادي حقيقي حياه انسان خلال مارسه تفضيلي تميزي مءسي ,9
خدمه ندن ارض خدم اساس تقاطع كلافام نهايه محطه جنوبي لخط غرب ندن خدمه تراتفورد عبر بوش شيبرد رغم قطار انتهي نهايه خط غرب ندن شمالي تقاطع لسد محطه غربي لخط شرق ندن تقاطع كلافام خدمه هايبري اسلينغتون عبر دنمارك هيل قطار محدود يومي خدمه قطار برلماني انتهي باترسي بارك بدل تقاطع كلافام ,9
عبر مءشر عمر متوقع ولاده عد سنه توقع عاش طفل حظه ولاده افتراض عامل وفاه ساءد وقت ولاده ظل ثابت طوال حياه عد هٰذا مءشر انعكاس مستوي تقدم مختلف مجال صحي غذاءي اجتماعي اقتصادي ثقافي شهد وطن عربي تحسن ملحوظ هٰذا مءشر تجاوز متوسط عمر متوقع سنه اخر ستينات تجاوز سنه بدايه خمسينات ذٰلك ظل هٰذا معدل منخفض مقارنه دوله متقدم تجاوز سنه ظهر دوله عربي تفاوت واضح بينها فبينما اقترب معدل عمر متوقع كويت البحرين معدل مسجل دوله متقدم ظل منخفض دوله صومال جيبوتي سودان يمن ,9
صف لوحه عدوان ماليه حدث ثوره شرح جويا وحت قتل ماليه ارسل سب سب قمع نابليون عدوان سب فرنسي ساحه مدينه وحتي كاكبر اثر طبق المراجع وحت رسم جوي ذكري عص ذكر جوسي كافيدا ذٰلك الرباعيات مرجعه ضح كريستوبال عملان مختلاف لوحه اوضح ثوره بلط ملكي اوضح دفاع جندي ضد فرنسي ضل رسام جويا لوحه استخدام لون بنيه رمادي ازرق برتقالي استخدم لون باهت رسم شخصيه اختلاف رسم لوحه غموض شخص رسم جويا لوحه اختلف وجود حرب جه اخر رسم جويا لوحه شخص شكل واضح وضح التضاد فرنسي اسبان لوحه وصف جويا الاسبان لوحه كطرف قوه بينما وصف لوحه ضحيه قتل فرنسي تاشب قليل لوحه تاشب هوالبناء القطعي وحه استخدم جويا لوحه اسلوب اثناء وصف اعتداء فرنسي سب جويا تنظيم مجموعه شكل مختصر ,7
تطور اسلوب لعب كره قدم عبر تاريخ كذٰلك ضابط قانون خاص وصل مرحله حالي معروف كره قدم حديث عد ركز هجوم احراز عد اكبر هدف قدر ركز تكتيك مهاره تمثل تنظيم عام استخدم مدرب فريق كره قدم ضبط تحرك فريق داخل ملعب تحقيق نتيجه مخط ضعي قانون كره قدم انجلت را سنه استخدم اسم كره قدم اتحاد ماز لعبه باقي لعب حمل اسم كره قدم ذٰلك وقت خصوص كره قدم الرجبي ظهر مصطلح سوكر انجلت را ظهور ثمانينات قرن اختصار كلمه اتحاد انجليزي اسوسياشن عالم متحدث انجليزيه استخدم كلمه كره قدم ملكه متحد استخدم كلمه سوكر ولايه متحد كندا دوله اخر استراليا نيوزلندا استخدم مصطلح ,1
سياسه مقاومه نشط مجموعه عكس مقاومه سلبي حركه اخر مهمه زياده تركيز جمع معلومه توجيه حزب شيوعي نرويجي عكس عضو زو مجموعه اوزوالد عدل حرب سب مناخ سياسي متغير انكشف منظمه سوند استمر تجس صالح اتحاد سوفياتي تنظيم شبكه نوع سري عمل خلال حرب بارد تم اكتشاف هدف منشاه ولايه متحد النرويج عام حكم سجن سنه سب نشاط اقام نصب تذكاري سقط مجموعه اوسلو ,7
جامعه عضو اتحاد جامعه عربي اتحاد جامعه اسلامي اتحاد دولي جامعه رابطه مءسه عربي اوروبي منظمه عربي مسءول قبول تسجيل ارتبط جامعه علاقه ثقافي اتفاقيه توام تعاون عديد جامعه اجنبي انجلت را جامعه يفربول جامعه بيرمنغهام جامعه كوينز اسبانيا امريكا استراليا كثير جامعه عربي سهل طالب مواصله دراسه اعلي ,4
تداخل كبير طب جهاز عصبي طب نفسي كون حد فاصل تخص حاله تناول مبهم شكل طب جهاز عصبي اختلف عصبيه درس تعامل بنيه عصبيه وظيفه عصبيه تطور عصبي جينات اضافه مرض عصبي صف عد كبير اضطراب عصبيه امكن اثر جهاز عصبي مركزي متمثل دماغ حبل شوكي جهاز عصبي طرفي متمثل جهاز عصبي تلقاءي شقي ودي لاودي جهاز عصبي جسدي جهاز عضلي بدا تخص اكاديمي قرن تاسع عمل بحث عديد طبيب مخ عصب توماس يليس روبرت ونيت ماثيو بيلي تشارلز بيل موريتس هاينريش رومبيرغ دوتشين دي بولون ليام هاموند جان مارتن شاركو جون هيغلينجز جاكسون ,11
خلال قرن اوسط اصل مسيحيه انتشار بلغ اوروبا روسيا قدوم عصور انفتاح استكشاف انتشر هٰذا ديانه ارض اكبر دين عالم عد اتباع بلغ عد تبع مليار حوالي ثلث ساكن الكوكب بشر خلال تاريخ طويل تمكن صراع منازعه ديني سياسي قسم جسم مسيحيه مذهب رءيسي ارثوذكسي فرع شرقي مشرقي كاثوليكي بروتستاني ,13
عد ملكه سبا اهم هٰذا حضاره وقع يمن جنوب سعوديه يوم ظهر وضوح قرن ميلاد ارتبط اسم يمن شكل وثيق عرف بناء سد اشهر سد مارب اس مستعمر جزيره طري كثير طريقه تجاري اهم طريق بخور طريق لبان ملك قوي اسلام ملكه كنده وقع نجد جنوب مدينه رياض حالي ميلاد اقام ملكه قريه الفاو وظل دوله قرن ميلادي دلمون حضاره سنه واقع البحرين شرق جزيره عربي احتوي مقبره عملاق عد يوم اضخم مقبر مستوي عالم جزيره تواجد مدءن صالح اعتبر مكه تاريخي منطقه زامن فتره نبي صالح ,7
مجال داله مجموعه تعريف مجموعه جزءي منطلق داله معرفه داله ربط حتمي عنصر مجموعه انطلاق عنصر مجموعه وصول سبيل مثال داله جذر تربيعي عرف عد موجب مجموعه انطلاق هٰذا داله ار بينما مجال ار ,3
طرح جامعه ازهر مثل دكتور محمد عمر مدير مركز صالح كامل اقتصاد اسلامي كره اصدار تشريع جديد جانب حكومه مصري دوله موجب جمع زكاه جانب ضريبه اشار توقع حكومه مصري استطاع جمع زاد مليار سنوي تقدير قيمه زكاه مصر حاله اصدار قانون بر دكتور عمر زكاه ركن ركن اسلام اداء مسءوليه مسلم مالك مال مسءوليه دوله اطار واجب مقر حراسه دين سياسه دني دين حتم اصدر قانون نظم قيام دوله هٰذا دور لاحق رفض شيخ ازهر محمد سيد طنطاوي مشروع قانون جديد ذٰلك سب زكاه عباده العبادات تطلب قانون حق مسلم ملك نصاب احتاج اجبار ايجاد قانون فرض زكاه تسب خلط ضريبه ادي لبس وخاصه مسلم ,8
نظريه عد فرع رياضي البحته اهتم خصيصه عد شكل عام عد صحيح شكل خاص درس عامل نظريه عد عد اولي خصيصه كاءنه منبثق عد صحيح عد جذري مثال تعميم عد صحيح حال نسبه عد صحيح جبري نظر عد صحيح نظر حل معادل هندسه ديوفانتي تضمن عده مساله مفتوح سهل فهم نسبه مختص صفه عام مجال درس هٰذا نظري اهتم بفءه كبير مساله اتي دراسه عد طبيعي مكن تقسيم نظريه عد عده مجال طريقه مستعمل نوع مساله اهتم دراسه خواص علاقه عد صحيح توسيع جبري تحليلي ,3
تضمن مجموعه ماده كيمياءي مدروس كيمياء عضوي الهيدروكربونات مركبات احتوي كربون هيدروج فقط اضافه عد حصي مركبه تكون كربون اساس لٰكن احتوي عنصر اخر دخل اساس تكوين كاءنه حي نبات حيوان ناتج مكون احتوي كربون اضافه مكون اساسي ,6
تفاوت خدمه طبي مارسه سريري منطقه عالم تبع اختلاف ثقافي تكنولوجي طب علمي حديث متطور جد عالم غربي دوله نامي جزء افريقيا اسيا اعتمد ساكن كثره طب تقليدي فعاليه دليل محدود خضع مارس تدريب رسمي ,11
نظر لكون عالم عربيه اسلام اختلاف تخص زمن ماضي استعمل كلمه ثقافه معني واسع اقام مستقل سمي ثقافه جاء تعبير هٰذا كلمه ليد بحث دراسه حديث اطلع مسلم خلال فلسفات غربي اقتبس عديد مسمي تربوي نظر هٰذا ان تعريف محد متفق مصطلح ثقافه اسلامي اجتهاد عالم مفكر تعد تعريف هٰذا المصطلح تبع تعد اتجاه هٰذا عالم مفكر صي عرف ثقافه اسلامي معرفه مقوم امه اسلامي عام تفاعل ماضي حاضر دين لغه تاريخ حضاره قيمه هدف مشترك عرف عالم معرفه تحدي معاصر متعلق مقوم امه اسلامي مقوم دين اسلامي عرف اخر منهاج اسلام شمولي قيمه نظام فكر نقد تراث انساني تعريف اخير اقرب تعريف صواب اشتمال موضوعات ثقافه اسلامي رءيسي لان تعريف كلي وليس تعريف جزءي ,12
العقدين اخير قرن نظريه اكليل اعتقاد عرق مختلف تطور شكل منفصل قاره تقاسم سلف مشترك انكله را مءرخ ادوارد لونج عالم تشريح تشارلز وايت المانيا اثنوغرافرز كريستوف مينرز جورج فورستر فرنسا جوليان جوزيف فيري ولايه متحد صموءيل جورج مورتون جوسيا نوت لويس اغاسيز روج هٰذا نظريه منتصف قرن الايجاز شاءع اوسع انتشار قرن بلغ ذروه تاسيس جمعيه انثروبوجي لندن خلال فتره حرب اهلي امريكي انفصل جمعيه اثنولوجي لندن موقف احدي جود راي عنصر كبير جانب جه نظر يبرالي شان عرق هٰذا اخير ,9
عام حاز ايلا كوتلو جاءزه قصه سيت فاءق عمل مسمي ترياندافيليس تحول هٰذا قصه فيلم سينماءي حاز ايلا كوتلو جاءزه بول جلبت ذهبي فرع افضل سيناريو تحول فيلم بعنوان عام حق ايلا كوتلو نجاح كبير خلال جمع جاءزه مهرجان برتقال ذهبي مهرجان فيلم بول ذهبي روايه داع امل اصفر باهت ضمن عمل اخر تحول فيلم سينماءي ,14
اختلف توزيع ساكن اقليم اخر سطح ارض لاحظ اقليم تركز عد كبير ساكن بينما قل هٰذا تركز اقليم اخر انعدم اقليم عني هٰذا ساكن عالم موزع توزيع عادل سطح ارض ذٰلك عده عامل اهم عامل طبيعي مناخ مظهر سطح اثر عمليه انتاجي مورد طبيعي امكن استغل انسان عمل تجمع عد متباين جانب عامل بشري شمل مولود وفاه هجره ادي تباين معدل نمو سكاني جه مختلف ,9
 اعرب ميرا اعجاب موسيقي مشروع بدا تحضير البوم معروف اسم تينور مره ميرا كتابه اغاني خاص مساعده ملحن شهير سينان اكتشل تولي بوراك كوت انتاج حمل هٰذا الاغنيه عنوان قرار حق نجاح كبير دخل قاءمه افضل غنيه مسابقه موسيقي تركيا تمكن احتلال مركز ضمن هٰذا قاءمه ,14
كتاب مقدس عبري ظهر اسم اسراءيل مره تكوين سمي ملاك يعقوب هٰذا اسم صارع يعقوب اصل كلمه وارد نص اشتق اسم اسراءيل يسرا عني تغلب تصارع ايل اله خالق كنعاني بلد رافدان ربط شكل وثيق يهوه ذٰلك فسر دراسه حديث مقطع ءيل دلاله فاعل مقطع يسرا مشتق فعل سارار عني حكم تشابي كلمه سار عني حاكم كلمه شارو الاكديه عني حاكم ملك تشاب جذر الغوي سارا عني قاتل جاهد تنافس ,7
قالب اساسي حاسوب حديث هيكله فون نيومان مفصل بحث عام رياضي مجري جون فون نيومان وصف هيكليه تصميم معماري حاسوب الكتروني رقمي ذٰلك وضع تقسيم فرعي وحده معالجه تالف وحده منطق حسابي سجل معلج وحده تحكم مءلف مسجل تعليم محصي برنامج الذاكره تخزين بيان تعليم ذاكره خارجي شامل اسلوب دخل خرج لقد توسع معني المصطلح شمل معني حاسوب مخزن برنامج امكن مهمه حصول تعليم مهمه بيان حصل وقت ذٰلك لان تشارك قافله اشار هٰذا عنق زجاجه فون نيومان غالب حد اداء نظام ,10
اسيا محيط متجمد شمالي غرب اوروبا افريقيا شرق محيط الهادي جنوب محيط هندي اوقيانيا وقع معظم اسيا نصف شمالي كره ارضي لٰكن قاره وقع خطوه عرض درجه خط استواء درجه جنوب خط استواء خطوه طول درجه درجه شرق خط غرينتش ,9
كيمياء نوي مجال فرعي كيمياء اهتم نشاط اشعاعي عمليه نوي تحول نوي ذره تحويل نوي خصيصه نوي كيمياء عنصر مشع اكتينيدات راديوم رادون جنبا جنب كيمياء مرتبط معدات مفاعله نوي صم اداء عمليه نوي هٰذا شمل تاكل سطح سلوك ظل ظرف تشغيل عادي طبيعي مثال ه اثناء وقوع حادث مجال مهم كيمياء نوي سلوك شيء ماده وضع موقع تخزين تخلص نفايه نوي ,6
بدا سلطه فلسطيني استخدام دوله فلسطين وثيقه حكومي اصدر رءيس سلطه حكم ذاوتي فلسطيني محمود عباس بدايه مجموعه مرسوم قضي اعتماد اسم دوله فلسطين رسمي وثيقه ختم ورق حكومي شعار دوله فلسطين كلمه فلسطين بدل سلطه فلسطيني سلطه وطني فلسطيني رغم مفهوم منطقه فلسطين نطاق جغرافي اختلف عبر تاريخ نظر ان مكون دوله اسراءيل حديث ضفه غربي قطاع غزه استخدام عام مصطلح فلسطين مصطلح صله منطقه واقع الركن جنوبي شرقي بحر ابيض متوسط جانب سوريا حدث تاريخي يوم يونان قديم هيرودوت مءرخ كتب قرن ميلاد تاريخ منطقه سوريا سمي فلسطين تفاعل فينيقي شعب حريه اخر اعتقد مصطلح فلسطين لاتيني مصطل صاغ اغريق قديم اشاره مساحه ارض احتل الفلستيون رغم وجود تفسير اخر ,9
استفاد جماعه بحثي حيوي طبي خصيصه فريد ماده نانوي مرتبط تطبيق مختلف عامل تباين تصوير خليه علاجه سرطان فقد بدا استخدام مصطلح تقنيه نانوي البيوطبيه تقنيه النانويه حيوي وطب النانو هدف وصف ذٰلك مجال واسع امكن اضافه وظيفه ماده نانوي خلال تواصل تفاعل غالبيه الجزيءات تركيب حيوي عد حجم ماده نانوي متماثل حجم غالبيه جزيه تركيب حيوي عد ماده نانوي مفيد مجال بحث تطبيق حيوي صناعي اسفر دمج تكامل ماده نانوي حي تنميه جهاز تشخيصي عامل تباين اداه تحليلي تطبيق علاج طبيعي اداه توصيل دواء ,4
قال سيد حسن الصدر تكمله امل امل ذكر والد شيخ احمد البلاغي اني ادرك نته فضه وكانت فاضله اكتب كتاب اجره عاش وزوج ذٰلك استخرج مسوده بياض شده معرفه حسن سواد قال اثناء ترجمه زوج شيخ حسن بن عباس البلاغي فاضل الجليله فضه فاضل ادب عربي حسن خط ,0
جو درامي رصد فيلم بنت دار سلام قصه بنت ادعي منال عاش منطقه دار سلام قاهره حصل منال مءهل ثانوي تجاري تقر سعي حصول عمل توفير مال لازم معيشه صديقه منال توفير عمل منزل رجل كبير سن حياه منال راس عقب بعدما اعتدي هٰذا رجل مضطر زواج رعان اكتشف منال هٰذا رجل مريض نفسي حياه رفقه مهد ضياع ,14
ظهر معز ارسوي مره خشبه مسرح كازينو مبي كوشك اسطنبول عام ذٰلك وقت انضم امتحان قبول قناه ار انقره لٰكن سوء حظ ذٰلك وقت عام بدا عمل فنان قدير جاهد اوناي عامل راديو ار انقره عام ارسل معز ارسوي ار تخطي تجربه فضل اثر قيمه قدم حاز اعجاب بدا غناء مستمع شاشه التقي معز ارسوي مستمع الالبوم معروف اسم فعل ,14
سياسي فرع اجتماعي درس نظريه سياسه تطبيق وصف تحليل نظام سياسي سلوك سياسي اثر مجتمع هٰذا دراسه غالب طابع اكاديمي توجه نظري بحثي ,8
حكم بن سعيد القزاز بدايه حاءك قرطبه اتصل خليفه هشام المعتد الٰه رفع خليفه شان وزير امين مستشار تصرف شان دوله جري مجري حاجب منصور حجر خليفه اهل قرطبه قزاز مصادره مال تاجر اغداق بربر حاله عداو اهل قرطبه اخذي تقديم دهيم انسان ذوي بيت مشهور قرطبه كره كره خليفه هشام تهامس ثوره ظن ابن عم خليفه اسم اميه بن عبد الرحمن فرصه سنح خلع معتد الٰه خليفه مكان شجع ثوره خفاء وزير القزاز ضحيه قتل رجل عرف ابن حصار خلع معتد الٰه خلافه قرطبه طرد اهل قرطبه ابن عم اميه بت عبد الرحمن انقرض ملك اموي اندلس طرد قرطبه بدا عصر ملوك طاءفه مزق الاندلس سقوط ,14
اطلق دراسه سياسه اسم سياسي ضم عديد مجال فرعي تحديد مجال هيذ سياسه مقاران علاقه دولي فلسفه سياسي ارتبط سياسي مجال اقتصاد قانون اجتماع تاريخ فلسفه جغرافيا طب نفسي انثوبوبوجيا سياسه عصبيه اعتمد سياسه مقاران مقارنه نوع مختلف دسار جه سياسي فاعل سلطه تشريعي مجال مرتبط تناول علاقه دولي تفاعل دوله قومي دوله قومي كيان ثقافي اثني عرقي كذٰلك منظمه حكومي دولي منظمه عابر حد وطني اهتم فلسفه سياسي مساهمه مختلف مفكر فلاسفه كلاسيكي معاصر ,8
اسكتلندا عديد عمليه جوي اضطراب حركه مرور ساحلي سرب طوربيد ريستول فايتر دي هافيلاند دي اتش اسراب فايتر سرب قياده ساحليه عمل انطلاق قاعده بانف دالاشي شكل سرب طيران وكارس رقم تالف موظف نرويجي انتقال دهافن قدم عده بعثه استطلاع اطلاق ماده مقاومه نرويجي رحله تشكل بدايه طاءره مجمع موديل كاتالينا اجراء دوريه ,7
اتي اسم فرقه حادثه شهد طالب سابق مشمول مجموع مقاومه لان اعتبر نخبه اطلاق نار مصنع معدات الكتروني هيليروني دانسيك لذٰلك اثار نجاح مجموعه هجوم قبول مجموعه مرور وقت اسم بوبا شهر مجموعه نفذ هجمه اخر شركه الماني بورما ستر شرك واين لبناء سفينه سياره وريفيلسينديكاتيت شرك هندسه ميكانيكيه ملوك شكل مشترك ا ب متجمع ماديسين شركه مصنع اسلا اتوماتيكي عام ,7
بوجه عام عرف فلسفه سياسي كلاسيكي اهتمام فكر هيليني فكر عصر تنوير عرف عالم سياسه اهتمام كبير حداثه دوله قومي معاصر جانب دراسه فكر كلاسيكي تالي تشارك مزيد مصطلح عالم اجتماع بنيه فاعليه ,8
اعتبار اجتماعي سياسه معاصر تشكل نصف اخير قرن انفصال فلسفه سياسي تاريخ اخر قرن شاءع اعتبار سياسه مجال مستقل تاريخ مصطلح سياسه ميز داءم فلسفه سياسي مجموعه واضح سابق شمل فلسفه اخلاقي اقتصاد سياسي له سياسي تاريخ مجال اهتم تحديد معيري انبغي استنباط خصيصه وظيفه دوله المثاليه ,5
يوم قيامه يوم اخر يوم حساب يوم معد نهايه عالم حياه دني موعد حكم حساب اخير بشر الٰه حدث شمل انهاء حياه بشر مخلوقه بعث بشر موه انشر قبر عرض حساب الٰهي الٰه عز وجل جزاء مءمن موحد جنه كفار مشرك نار سمي بيم قيامه قيام موت موه بعث ذٰلك حساب جزاء امن مسلم يوم قيامه علامه سبق حدوث سمي شرط ساعه علامه يوم قيامه قسم علامه صغري علامه اكبر ,13
بني مسجد واسطه امبراطور اورنجزيب عام تدمير معبد كاشي فيشواناث وقع موقع سمي مسجد غيانفابي انجليزيه عني بءر معرفه وقع معبد مسجد اعتقد الهندوس موقع بءر موقع مقدس اتي زياره شكل يومي تم هدم معبد يد اورنجزيب معبد تم تدمير عده مره وقت لاحق تم بناء هيكل معبد موجود بناء مسجد ارجح واسطه رجا مان سينغ خلال عهد امبراطور اكبر ,14
تربيه بدني جانب متكامل تربيه عمل تنميه فرد تكيف جسدي عقلي اجتماعي وجداني طريق نشاط بدني مختار تناسب مرحله نمو اشراف قياده صالح تحقيق سمي قيمه انساني ذٰلك تعبير تربيه رياضي اوسع كثير اعمق دلاله نسبه حياه انسان كون مجرد صحه بدني ثقافه بدني تمرين تدريب بدني لعب رياضي مجال مجال تربيه شامل شكل تربيه رياضي ميدان حي مشير برنامج مجرد تدريب ادي لٰكن اشراف قياده مءهل ساعد حياه انسان ملاءم متطلبات عصر ,1
زمن اقليدس تميز واضح حيز مادي فضاء هندسي تم اكتشاف هندسه الاقليديه قرن خضع مفهوم فضاء تحول جذري سءال طرح هندسه فضاء افضل توافق حيز مادي تطور الرياضيات بروز اهميه قرن فضاء نقطه خط مستوي محتوي بديهي وجب ان تفريق حيز مادي هندسه فضاء فضاء تجريدي اعتبر هندسه معاصر هٰذا التشعبات اقرب نظريه رياضي فقط عكس هندسه الاقليديه معروف ظهر مستوي صغير هندسه حديث روابط قوي فيزياء مثل علاقه هندسه ريمان نسبي العامه نظريه وتر احدث نظريه فيزياء هندسه مختلف هندسه معروف ,3
نجاح البوم نوستاليجا اعجاب جمهور قر تقديم عديد البومه نوستاليجا نوستاليجا حق عديد نجاح رفع سهم فن تركي سقط اغن سب نوع الموسيقي قانون عشق عشق الضاحكه انتهي لعبه الصديق وقت شده صعب ,7
مشكله اقتصادي كيفيه حصول مورد احتاج قادر اداء ظاءف حكومه مبكر جيش طريقه مشروع بناء اهرام اعتمد حكومه مبكر عموم ضريبه عيني عمل قسري مورد اقتصادي ذٰلك تطور مال جاء خيار سياسه امكن حكومه جمع مال خلال فرض ضريبه مواطن ذٰلك امكن ان تصحيح عمله تالي زياده معروض نقد حضاره مبكر قرار حول وجب سماح ذٰلك كيفيه فرض ضريبه تجاره اعتمد حضاره مبكر مصر بطلمي ياسه عمله مغلق اضطر تاجر اجنبي تبديل عمله مقابل نقد محلي رض هٰذا فعاليه تعريفه عالي جد تجاره خارجي ,8
اضطراب نهم طعام رمز اختصار اضطراب تناول طعام صنف اضطراب افراط تناول طعام ناءبه تطهير احقه اكتشف هٰذا اضطراب طبيب نفسي باحث البرت انكرد مره بعام متلازمه تناول طعام ليل تم استخدام المصطلح اضطراب افراط تناول طعام وصف نوع سلوك تناول طعام لٰكن فقط فتره ليل ادي اضطراب افراط طعام سمنه رغم ذٰلك ظهر هٰذا اضطراب فرد بوزن طبيعي عامل راثي جيني اضطراب افراط تناول طعام مستقل مخاطر سمنه ارتفاع عد حاله اعتلال مشترك نفسي تراوح نسبه فرد مصاب اضطراب افراط تناول طعام مرحله اضطراب اعتلال مشترك نفسي نسبه ذٰلك مصاب اضطراب افراط تناول طعام اكلينيكي ,11
صين نظام ايماني ارثوذكسي التزم معظم اسره حاكم اسره شانغ ميلاد عصر حديث تركز عباده شانغدي حرفي سياده ترجم شكل عام اسم الٰه سماء اعتبار الٰه قدير قوه ذٰلك هٰذا نظام ايماني توحيدي حق نظر لان اله روح اخر اهميه اختلف اختلاف منطقه عبد ايض جنب جنب شانغدي ذٰلك متغير لاحق موهيه ميلاد ميلاد اقترب توحيد حقيقي وظيفه اله روح جد مجرد تنفيذ اراده شانغدي غرار ملاءكه ديانه ابراهيمي دور اعتبر اله قط ,13
تعامل كيمياء حيوي شكل كبير تركيب وظيفه تداخل مكون خليه جزيه كبير دهن كربوهيد بروتينات حمض نوي جزيه حيويه اخر هٰذا جزيه كبير معقد سمي البوليمرات حيوي هٰذا تكون وحده متكر متشابه سمي وحده مونومر ا احتوي جزيء بوليمره حيوي مجموعه مختلف وحده عد بروه وليمر تكون حده مجموعه مختلف حمض اميني كيمياء حيوي درس خصيصه كيمياءي جزيه حيوي هام بروتينات خصوص تفاعل حفز طريق انزيمات ,6
كيمياء تحليلي حديث انقسم قسم هدف تحليلي غرض تحليل طريقه تحليل ابتكار طريقه جديد تحليل جمع معلومه ناتج تحليل العينات عمد استخدام تشكيل منحني تعير استخدم قياسي داخلي شاهد داخلي اضاف كميه معروف عينه محل مساعده تحديد كميه تحليل مقدور موجود ماده مراد تحليل حد كنسبه مقارنه شاهد داخلي خارجي كوسيله تعير خاص طريقه حديث ,6
تضمن هٰذا دراسه انتاج استخدام مصدر مشع مجموعه عمليه شمل هٰذا علاجه اشعاعي تطبيق طبي استخدام ماده مشع صناعه بيءه استخدام اشعاع تعديل ماده بوليمره شمل دراسه استخدام عمليه نوي مجال مشع نشاط بشري سبيل مثال استخدم تحليل طيفي رن مغناطيسي نوي شكل شاءع كيمياء عضوي تركيبي كيمياء فيزياءي تحليل هيكلي كيمياء جزيءي كلي كيمياء نوي عني دراسه نواه تغير تحدث نواه خصيصه جسيمه موجود نواه انبعاث امتصاص اشعاع نواه ,6
نشا مناقشه فلسفي حول استخدام تكنولوجيا وجود خلاف حول تكنولوجيا عمل تحسين حاله بشري تفاقم الاضيه جديد اناركي بداءي حركه رجعي ماثل انتقد انتشار تكنولوجيا حجه الحق ضر بيءه نفر ناسي انصار الايديولوجيات انساني تقدميه تكنولوجي تقدم تكنولوجي مستمر مفيد مجتمع حاله انساني ,4
اصل تسميه كلمه اوفثالمولوجي اتي كلمه يوناني اوفثالمس عني كلمه وجي عني دراسه معني كلمه اوفثامولوجي حرفي عني دراسه فرع معرفه مرض شمل حيوان فارق بشر قليل جد شكل عجيب شكل رءيسي فرقه تشريح فرقه طبيعه مرض ,11
رغم ذٰلك فقد شاع وسيله اعلام عربي ترجمه شبكه دولي معلومه مبني تفسير خاطء اتمولوجي اسم مفاد مقطع اختصار كلمه دولي هٰذا تفسير صحيح مستوي الغوي بنيوي مستوي الغوي دخل مقطع تكوين كلمه انكليزي عديد ٰ لٰكن اقتصر امكن اعتبار اختصار مستوي بنيوي شبكه فبنيه شبكه انترنت تقسيم دولي سياسي عالم معاصر ادار حكومه هٰذا اختلف شبكه اخر نظم اتفاق دولي حكومه برق هاتف شبكه انترنت تالف مجموع شبكه مستقل متباين ملك ادار جه عديد تاريخي جامعه مركز حثيه انضم شركه خاص منظمه اهلي حكومه صنع شبكه انترنت عرف يومه,10
شغل زينب داغي منصب مسءول بحث قسم علاقه دولي كليه اقتصادي اداري جامعه غازي ذٰلك خلال عام عمل زينب داغي كباحثه ضيف قسم دراسه اوروبي روسي معهد اوروبي جامعه جورج اشنطن ذٰلك خلال عام شغل زينب داغي عضو هيءه تدريس استاذ مساعد قسم علاقه دولي جامعه طفره ذٰلك خلال عام عقب عام اصل زينب داغي وظيفه جامعه طفره فتره وقت ,14
عام وضع مقطعه صوتي غنيه معروف اسم حزين موجود البوم اغن طريق طويل جولين ايرجن عام دنيز سيكي وضع صوت مقطعه جديد موضوع الموسيقي الاتينيه امير ارسوي اشهر مغني ذٰلك وقت خلال هٰذا الالبوم اصدار الالبوم طراز الاتيني معروف اسم حظ مسابقه امير ارسوي اصدر لحن الاتينينه متين ارسوي صاحب لقب ملكي فنان صاحب موسيقي روك قدم البوم عشق بحر مقطعه عرف اسم عشيقي حزين عام اصدر دويتو يتك دينشوز اضاف قطعه موسيقي عرف اسم اريد احزن مره اخر ,14
اصدر اليونيسيف عام دليل مهاره حياتي هدف ترويج مهارات الحياتيه اساسي اهميه شب يافع تم استخدام منطقه عربي تجربه دليل مد سنه تشاور مجموعه استشاري شبابي صدر دليل جديد ضم مجموعه مهاره ضم جزء جزء مهارات فرعي ,12
اصدار البوم صدر البوم سمه اسم امل وقام مفرد التقط صوره ولوح هٰذا الالبوم فرنسا اغن موجود هٰذا الالبوم اخاف جني كفي حنلي اخرج كليب اخاف اكينور وزكورت عمل اكمل وجه هٰذا الالبوم ذٰلك وقت دخل كبير تركيا ,14
تم تدريس كيمياء نوي اشعاعي غالب مستوي جامعي عاده بدايه مستوي الماجستير دكتوراه اوروبا تم بذل جهد كبير تنسيق اعداد تعليم كيمياء نوي اشعاعي احتياج مستقبلي صناعه مجتمع تم تنسيق هٰذا جهد مشروع مول عمل منسق مدعوم برنامج اطاري مجتمع اوروبي طاقه ذري رغم استهدف معلم شكل اساسي شخص مهتم كيمياء نوي اشعاعي مرحب امكن عثور كثير معلومه ماده شرح موضوع متعلق هٰذا ,6
طيران اسلوب نقل حديث لٰكن مصطلح طيران دل فقط سفر شمل ذٰلك صناعه جوي طاءره نوع عسكري مدني شركه نقل جوي خط طيران شركه ترفي مطار مختص طيران نشاط اخر قفز مظله استعمل اله معقد لٰكن دخل ضمن نشاط جو ,2
برز شخصيه رءيسي اخر مجموع ميلوراج نس كريستيان هوج جانب عمل سياسي مدير عديد شركه ذٰلك نورتام اصل عمل نورس هيدرو مجال طاقه نوي خلال حرب عضو جوهر مراقبه سعر شرطه اوسلو غرق ضفاعه بشري قياده مانوس اوسلو عبوه ناسف الماني سفينه دوناو مسءول مركبه مدفعيه خيل جندي سفينه مونتي روزا استخدم ترحيل يهودي المانيا نرويج عوده قوه امدادات اجري عمل ضرب اخر عندما قاطر فين عمل انقاذ عيده مضيق بحري اوسلو اصلاح احرز السويد نتيجه ذٰلك منع حركه مرور الماني جانب شرقي مضيق بحري عده اسبوع ,7
مسجد جمالي كمالي وقع مسجد مجمع قريه الاثري مهراولي دلهي عاصمه هند ضم مسجد معلم مجاور معلم مسجد اخر قبر شخص اسم جمالي كمالي اسم جمالي رداء نشا جمال عني جمال اسم جماي اسم مستعار شيخ فضل اله معروف اسم شيخ كامبوا شيخ جمالي جلال خان محدث صوفي شهير عاش مرحله حكم سلاله مغول ودي فتره حكم اسكندر ودي ,13
عنايه اله زوجه ابنه محمود طرزي انجب خليل اله سراج مولود روح اله سراج مولود توفي زينب سراج مستوره سراج حميره سراج حميد اله عنايه سراج مولود رقيه سراج مولود حميده سراج مولود خير اله عنايه سراج مولود عصمت اله عنايه سراج مولود طيفه سراج مولود انيسه سراج مولود نفيسه سراج مولود ,14
تكنولوجيا عديد اثر ساعد تطوير اقتصاد تقدم ذٰلك اقتصاد عالمي يوم سمح زياده مستوي ترفي انتج عديد عمليه تكنولوجي منتج ثانوي مرغوب عرف اسم تلوث استنفد مورد طبيعي اضر بيءه ارض اثر ابتكار قيمه مجتمع اثار سءال جديد اخلاقيه تكنولوجيا مثال ذٰلك ظهور مفهوم كفاءه انتاجي بشري تحدي اخلاقيه بيولوجيا ,4
طب جاهليه طب بداءي اقتصر تجربه تعويذ متوارث فرد اقتصر معظم الكي نار استءصال طرف فاسد تدويه عسل منقوع عشب نباتي لجوء تعويذ تماءم يد كهان عراف فتاح اسلامي شرق اهتم عرب عمل طبيب اغريقي رومان قديم ابقراط جالينوس ديسقوريدوس سريان قلا لغه مدرسه جنديسابور فر هرب اضطهاد باطره بيزنطي مذهب نسطوري اعتنق بدايه عصر عباسي تطور امر بدا عرب نقل طبي مصدر يوناني مباشر عرف الترجمات سرياني ضعف يد طبيب حذق يوناني كال ختيشوع حنين بن اسحاق وقت انتشر مارسه مهنه طب بلغ عد طبيب بغداد وحد زمن خليفه عباسي مقتدر الٰه طبيب ظهر مصنف صنف طبيب فتره زمني عاش منطقه استوطن اهم كتابي طبقه طبيب حكيم لابن جلجل نبا طبقه طبيب ابن اب اصيبعه ,11
هٰذا فتره اداه حساب فلكي اكواتوريوم اخترع ابراهيم بن يحي الزرقالي اسطرلاب ترس ميكانيكي اخترع الريحان البيروني جهاز رصد جرم سماوي اخترع بن افلح مهندس مسلم عد اله ذاوتي تشغيل ذٰلك اله موسيقي امكن رمجه تشغيل نمط موسيقي مختلف تم تطوير هٰذا جهاز يد اخوه موسي جزري حق عالم رياضي مسلم تقدم هام تعميه تطوير تحليل الشفرات تحليل التكرار واسطه يعقوب بن اسحق كندي ,10
تم تطبيق مبدا شراشير داروين مره يد بيرسي عام تم نشره واسطه دايفيد لاك كتابه شراشير داروين تفاوت حجم طير نتيمتر وزن غرام اصغر الشراشير مغرد اكبر شرشير نباتي اهم فرق نوع حجم شكل منقار منقار عالي تلام مختلف مصدر غذاء طير اهته لون ,12
امتد تاريخ اسلامي فتره زمني طويل غطي معظم عصر وسيط مساحه جغرافيه واسع امتد حد صين اسيا غرب اسيا افريقيا صول اندلس امكن اعتبار تاريخ اسلامي امتد بدايه دعوه اسلامي نزول وحي جزيره عربي نبي محمد بن عبد اله مكه تاسيس دوله اسلامي مدينه منور مرور دوله اموي دمشق امتد حد صين جبل البرانس اندلس دوله عباسي تضمن هٰذا دوله اسلامي اماره سلطنه دوله سلاجقه بويهي مغرب دارسه مرابط موحد بلد شام حمداني زنكي اخير مصر فاطمي شام مصر ايوبي ماليه سيطره دوله عثماني عد اخر امبراطوريه حكم اسم اسلام امتداد رقعه جغرافيه واسع ذٰلك امبراطوريه ذكر حكم رقع واسع بلد عربي وصل بلد وراء نهر شرق فرنسا اسبانيا غرب ,7
مءلف كتاب حافظ شمس الدين محمد بن احمد بن عثمان ذهبي المتوفي سنه هـ موافق كتاب سير عرم نبيل اعتبر امتع كتاب تراجم استفاد قارء باحث عباره اختصار كتاب ضخم تاريخ اسلام كتاب اخر مفيد نافع تراجم رجل كتاب ضخم تاريخ اسلام كتاب ميزان اعتدال نقد رجل كتاب تذكره حفاظ ,0
مارسه اغلب رياض ضفي جمال جسم جمباز بناء جسم اليوغا فروسيه اداء قفز عالي جمال شكل حافظ جسد زاول رياضه بحاجه تخسيس رياضه استهلك زاد سعره حراري ,1
لعب اشاعه دور خطير مصير بشر قريه تصارع اعيان زواج فتاه اكمل تعليم كنع اثبات لٰكن هجر قريه انتقل قاهره عاش بيت طالبه مرور وقت انتشر شاءع قريه معاناه سكن تقر عوده قريه بدا هدا قليل تقر مواجه شاءع وضع حد ,14
ضم جامعه ان كليه بلغ عد تخص درس هٰذا كليه تخص اضافه عماده عماده بحث علمي دراسه اعلي قدم ماجسير محاسبه ماجسير تسويق ماجسير حاسوب ماجسير صيدلاني ماجسير علاقه دولي دراسه دبلوماسي ماجسير تمريض اشرف حسن سير امر دراسه اعلي جامعه مءتمر عقد مستوي عالمي العماده اخر عماده شان طالب اشرف طالب شكل عام نشاط منهجي لامنهي ثقافي اجتماعي رياضي موسيقي منح درجه جامعي بكالوري كليه ,4
سمير الحكيم حماه دمشق حاءز اجازه دراسه اجتماعي فلسفي شارك كمثل عديد عمل تلفزيوني مسرحي سينماءي اضافه عمل اذاعي عضو نقابه فنان عام مءس فرع نقابه فنان حماه عام مءس فرقه مسرح وطني عام اسم فرقه سمير الحكيم مسرحي تكريم اسهام متعد مشهد ثقافي مءس مهرجان علامه واضح فاعل مشهد مسرحي عربي مهرجان حماه مسرحي عام مدير دوره ,14
طب مفصل الروماتولوجي الروماتيزميات رثوي زال فرع طب باطني معظم دوله عالم اشترط خص تم تخص طب باطني عام مفصل عني مرض مفصل حول عضله نسيج رخو تحري مختبر خاص فحص شعاعي مقطعي مغناطيسي علاج دواء وسيله طبيعي تمرين تنقيص وزن استدعي حاله جراحه احال مريض جراحه عظام اختصاص اخر مختلف ,11
احتل اوغاريت موقع متقدم خارطه حضاره قديم شرق اهميه تمتع تم كشف اثر مدين جيد تخطيط مبني مدي تقدم صناعه تجاره كشف حفريه عاصمه اوغاريت عديد طريق مرصوف دور بنيه جميل سكن مبني اداري حكومي مكتبه فخم قصر ملكي اعتبر افخم قصور شرق قديم مساحه قدر متر مربع طلي جزء فضه دافع برج ضخم جدر كثيف كشف عمل تنقيب عام م راس ابن هاني كيلومتر جنوب غربي مدينه اوغاريت تم كشف قصر ملك جنوب موقع كذٰلك مجموعه مدفن قبور جه جنوبي خلفيه ارشيف كتابي كبير قصر شمالي ارخ عهد ملك اميشتامارو ميلاد رجح كون مقر حكم ملكي بلط ملكي ملك اوغاريت ,7
داليه متزايد دوال كبر قيمه عندما كبر قيمه متغير داليه متناقص دوال انقص قيمه عندما كبر قيمه متغير داليه رتيب داليه حافظ ترتيب متزايد متناقص صفه معا معرفه داله داله متزايد متناقص رتيب وجب اشتقاق داله اشتقاق اكبر قطع صفر داله متزايد اشتقاق اصغر قطع صفر داله متناقص اشتقاق داله ثابت ساوي صفر ,3
عمليه حسابي عمليه معتمد تحويل مدخل نتيجه تغير متغير سبيل مثال ضرب عد عد عمليه سيطه حسابي بينما تقدير سعر عادل اداه مالي استخدام نموذج بلاك شولز عمليه معقد حسابي شمل عمليه حسابي ذٰلك تقدير احصاءي نتيجه انتخاب ذٰلك استخدام استطلاع راي ,3
نظر خواص فريد مركبه عديد كربون مدي بالغ اتساع استخدام مركبه عضوي دخل مركبه عضوي مكون اساسي عديد منتج دواء منتج بتروكيمي لداءن طعام طلاء متفجر سماد مطاط اصطناعي بلاستيك عديد منتج اخر طبع عيدا استثناء بسيط اساس عمليه حيوي تم اجسام كاءنه حي مركب كاءنه حي مكون مركبه عضوي غه تعقيد اختلاف شكل نشاط مستبدل مركبه عضوي ادي وجود وظيفه شكل مختلف هٰذا مركبه حفز انزيمات تفاعل حيوي نظام حي هٰذا تفاعل شكل اخر عد محور دار حول شكل حياه ,6
عام وصل عد مستخدم شاهد شاهد مليون مستخدم بلغ عد مشاهده فيديوه رقمي منصه شاهد مليون مشاهده نسبه خدمه بث المحتوي عبر انترنت شاهد ملك حصه سوقي قدر تقريب مشاهده الفيديو طلب منطقه شرق اوسط افريقيا منطقه هٰذا صعيد ,12
عام احتل جيش سوفي مدينه ڤيلداو مض وقت طويل ذٰلك قر هدم قاعه انتاج ازاله معدات و منتصف شهر تمبر عام تم انشاء مدرسه مهني بناء قاطر عربه بدا تعليم هندسي متخص ڤيلداو رسمي بدا دراسه هندسي مجموعه طالب فقط بدايه تم تحديد فتره دراسه محد زاد عام ,4
ذٰلك عاني بدانه افراط تناول طعام معرض خطر مرض المصاحبه مرتبط بدانه نمط داء سكري مرض قلب وعاء دموي ارتفاع ضغط دم مرض قلب مشكله جهاز هضمي مرض مراره ارتفاع مستوي كولسترول مشكله عضله عظام توقف تنفس اثناء نوم ,11
تاريخ مغرب عصر سحيق تعاقب حضار اشوليني الموستيريه عاتيري الايبروموريزيه كاردياليه جرسي قبصيه ناحيه الاركيولوجيه اظهر دليل اثري منطقه ماهول عيش قل سنه بدا تاريخ مسجل مغرب استعمار فينيقي ساحل مغربي قرن ميلاد رغم منطقه البربر اصلي حوالي عام ذٰلك قرن ميلاد سعي مدينه قرطاج هيمنه منطقه ساحليه اخر قرن ميلاد ,7
حدث استعمل طاءره نوع بوينغ بوينغ شهد قطاع نقل جوي ازمه تمثل اساس تناقص عد مسافر تفاقم هٰذا ازمه تفشي عدوي انفلونزا طير غزو عراق ادي وضع عده شركه حاله صعب بدايه عده شركه طيران خاص امريكي مازق مالي ادخل برنامج خفض مصروف تسريح تخفيض اجر تخفيض عد وجه طلب تطبيق فصل قانون امريكي حامي افلاس ,2
عضو لجنه مركزي حزب شيوعي عام م عمل سوسلوف مدير سياسي سوفيتي توانيا فتره عام م م عام م عمل رءيس تحرير صحيفه البرافدا ناطقه اسم حزب شيوعي عاءن ذٰلك مكتب سياسي حزب شيوعي سوفي اهم جهاز سياسي حزب عام م عقب وفاه تالين عام م سوسلوف مكتب سياسي اعاد تعين مره اخر عام م اقال سوسلوف دبر مءامره ادي تنصيب يونيد بريجنيف مكان نيكيتا خروتشوف رءاسه حزب شيوعي عام م ,7
شخصي انجليزيه ا مجموعه نمط سلوكي معرفي عاطفي المترابطه تميز شخص تكيف فريد حياه عد هٰذا نمط مترابط مستقر نسبي قابل تغير مدي فتره طويل ,12
رهاب عص مخاف فوبي اضطراب نفسي عرف خاءف متواصل موقف نشاط معين حدوث مجرد تفكير اجسام معين شخص رءيه تفكير هٰذا خوف شديد متواصل شخص مصاب عاده عاش ضيق وضجر معرفه هٰذا نقص مريض غالب مدرك تمام خوف اصاب منطقي لٰكن استطاع تخلص بدون خضوع علاج نفسي طبيب متخص ,11
حرب عالمي عام تبني امه متحد خطه تقسيم فلسطين انتدابي اوصي انشاء دوله مستقل عربي يهودي كيان قدس مستقل افق يهودي خطه تقسيم رفض عرب مباشر تبني جمعيه عام قرار اندلع حرب اهلي نفذ خطه يوم تالي تاسيس دوله اسراءيل غز جيش عربي مجاور انتداب بريطاني سابق قاتل قوه اسراءيلي وقت لاحق حكومه عموم فلسطين جامعه دوله عربي حكم ارض خاضع سيطره مصري غزه اعترف عضو جامعه دوله عربي استثناء شرق اردن ضم ضفه غربي رغم اعلان ولايه حكومه عموم فلسطين شمل كامل فلسطين انتدابي سابق ولايه فعلي اقتصر قطاع غزه استولي اسراءيل وقت لاحق قطاع غزه جزيره سيناء مصر ضفه غربي ذٰلك قدس شرقي اردن مرتفع جولان سوريا خلال حرب ,9
عد جابر بن حيان ملقب اب كيمياء مءس حقيقي مفهوم كيمياء مبني مفهوم تجريبي قال واجب مشتغل كيمياء عمل اجراء تجربه معرفه حصل عرب سمو كيمياء عام صنعه جابر كلمه كيمياء اصل عربي شتق كلمه مصدر كمي معني استر اخفي وجه ذٰلك اعتمد كتان تحريم اذاعه افضاء سر اهل كون هدف تحويل معدن بخس وفضه انقسم كيمياء فرع عده تفرع قسم اخر اهم كيمياء عام درس مبدا اساسي كيمياء كيمياء عضوي اهتم دراسه ماده عضوي احتوي عنصر كربون كيمياء عضوي كيمياء فيزياءي كيمياء حيوي كيمياء تحليلي ,6
كره قدم رياضه جماعي لعب فريق تكون عب لعب كره مكور لعب كره قدم مليون اعب ماءي دوله حول عالم ذٰلك رياضه شعبي انتشار عالم لعب كره قدم ملعب مستطيل شكل مرمين جانب هدف لعبه احراز هدف ركل كره داخل مرمي ,1
اضافه تنظيم ميلوراج طراز عسكري وصل نزاع شركه ملوك دوله بريطاني طالب دور نشاط عمليه تخريب ضد محتل قوه خاص مظل منطقه مهمه محد منظام اخر نشط طريقه مختلف عرف شعار مجهول و عميل سري وكانت شبكه جمع معلومه تكون طالب اكاديمي مهني رجل اطفاء كادر فني اخر منتشر ارض امر مهم ميلوراج جمع الاخبار صوره شاغل وريتز ساند عمل هند جهاز مخابرات بريطاني مساعده جون هيجل الكابتن ايفند هيجيل ,7
شراشير داروين عرف ايض شراشير غالابوس مجموعه حوالي نوع طير الجواثم صنف كثير افصيله جيوسبيزيان عشيره جيوسبيزيني اتضح فصيله انتمي هٰذا طير لٰكن حقيقه مرتبط شرشير تم تجميع مره واسطه تشارلز داروين جزيره غالابوس خلال رحله بيغل موجود فقط جزيره غالاغوس با استثناء شراشير الكوكس جزيره كوكوس ,12
استخدم حساب قدم استخدم اغريق رومان عداد عمليه حسابي تكون قضيب حديدي مثبت حصوات مثقوب حساب حياه يومي استخدم داءم مهم جد استخدام هندسه حساب وحل المعادلات حساب ربح معدل توزيع ميراث كثير امر مهم دخل حساب ذٰلك استطاع تخلي عدم استخدام سواء حياه عام خاص ,3
شركه طيران شركه نقل جوي سواء بضاعه مسافر اختلف صبغه شركه طيران عام شركه طيران خاص شركه طيران عالمي مسجل منظمه ايه عالمي منظمه ايكاو شركه طيران عاده دولي قدم اساس وطني تاريخ مقر ,2
حفز عديد حزب سياسي هدف ايديولوجي تميز انتخاب ديمقراطي شكل شاءع وجود منافسه حزب ليبرالي محافظه اشتراكيه شمل ايديولوجيه شاءع اخر حزب سياسي كبير جد شيوعيه شعبوي قومي اسلاموي تبني حزب سياسي بلد مختلف غالب لون رمز متشابه تعريف ايديولوجي معين ملك عديد حزب سياسي انتماء ايديولوجيا امكن انخرط مقام محسوبيه زبوني نهوض راءد عمل سياسي معين ,8
لٰكن استدع محكمه مره اخر لدار عداله اسطنبول بشكتاش تم تقديم محكمه اتهام مره اخر مساعده تجاره مخدار تم حبس سنه سب ذٰلك تهمه اضافه ذٰلك ناءب عام المتولي هٰذا قضيه معالجه ذنب استخدام ماده مخدر بدا عمل اتخاذ قرار عطو حريه موجب اطلاق سراح طلب خص متهم اخر حبس سنه نصف عام دنيز سابق حسني شينلينديرجي افاده قول هٰذا قضيه عقب دعوه سيكي تم نقله سجن اكيركوي نساء طفل عندما خرج دنيز سيكي محكمه استطاع وقف دموع ,14
عد تقنيه صغيره ضرب ازدهار تقدم مجال طبي امكانيه توصيل دواء خليه محد استخدام الجزيءات النانويه امكن تقليص عمليه استهلاك كلي دواء اضافه عرض جانبي شكل واضح خلال ايداع عامل نشط منطقه مريض فقط وبدون جرعه اعلي مطلوب قل هٰذا اسلوب انتقاءي تكلفه معاناه بشري ذٰلك امكن تعرف ذٰلك مثال ماده نانوي مسامي مثال اخر خلال استخدام مكثار بوليمره كتله مشترك شكل مركب ميسليس مستخدم تغليف دواء استخدم حفاظ جزي دواء صغير مساعده انتقال وجه مقصود هٰذا اضافه وجود رءيه اخر مبني نظام الكتروميكاني صغير تم بحث مجال نظام كهروميكاني نانوي عد جيل اضغر نظام كهروميكاني اصغر غرض اطلاق نشط دواء تضمن تطبيق هام مجال علاج سرطان استخدام جزي حديد نانوي درع قل دواء مستهدف شخصي عمليه استهلاك دواء نفقه علاج ذٰلك اسفر تحقيق فاءده اجتماعي شامل خلال تقليص تكلفه نظام رعايه صحي عام فتح تقانه صغيره فرصه جديد نظام توصيل دواء قابل زرع غالب فضل استخدام دواء محقون نتيجه اخير غالب استعرض حركه درجه سب ارتفاع سريع ذٰلك صعوبه سميه كفاءه دواء تلاشي نتيجه انخفاض تركيز دواء معدل مطلوب ,4
لقد عرف مجموعه بشر داءم متميز مجموعه مجاور لٰكن هٰذا اختلاف داءم مفهوم طبيعي قابل تغير عالمي هٰذا ميز سمات ميز كيفيه استخدام مفهوم عرق يوم هٰذا طريقه جاء فكره عرق فهم يوم خلال عمليه استكشاف تاريخي غزو جلب اوروب اتصال مجموعه قاره مختلف تاثر ايض ايديولوجيه تصنيف فرز طبيعي ,9
عصر الحديدي فتره فيدي جنوب اسيا ظهر ميل محتمل توحيد عرض الريجفيدا مفهوم احاديه البراهمي خاص اخر كتاب نسبي تاريخ عصر الحديدي سبيل مثال ناساديا سوكتا وقت لاحق الاهوت هندوسي قديم احادي لٰكن توحيدي تمام عباده لان ظل حافظ وجود عديد اله تم تصور مظهر اله اعلي براهمان ,13
لعب السويد دور متناقض بلد محايد رسمي علاقه صراع طوال تاريخ كامل ايد كفاح فنلندا جه ضد اتحاد سوفي واصل تجاره نطاق واسع المانيا نازي جه اخر سيما عام قدم ماوي مساعده مجموعه دنماركي نرويجي قوه مسلح نظامي شكل حكومه بلد منفي فضل تقديم دعم انساني ساكن بلد محتل ,7
قانون قوه رفع طاءره ساوي جداء مساح جناح نصف كثافه جداء فرقه سرعه ماءع جناح مربع سرعه ماءع جناح مربع طار طاءره وجب ناتج قوه رفع اكبر وزن طاءره بلغ وزن طاءره ايرباص ماهول مسافر طن اخترق سهوله هواء ذٰلك رفع حركي هواء احتاج رفع جناح حامل تيار هواء ذٰلك سيان سواء جناح ثابت موجود تيار هواء مثلما قناه ريح تحرك جناح هواء ثابت حال طاءره جو ارتفع طاءره جو بد سطح علوي جناح مقوس مال جناح اعلي مواجه هواء ذٰلك طول مسار هواء جناح مسار سفل زاد سرعه هواء اعلي جناح سرعه سفل تخلخل ضغط جناح عمل توليد قوه دافع جناح اعلي ارتفع طاءره هواء استعمل اخ رايت طاءره راءده جناح قليل انحناء بعيد انحناء مثالي نجح طيران طاءره مسافه قصير علو منخفض ذٰلك فت عصر طيران نسبه انسان ,2
دافع وراء هدم اورنجزيب معبد هروب ملك مرثا شيفاجي تمرد الزامندار ملاك ارض محلي اقال جاي سينغ حفيد رجا مان سينغ سهل هروب شيفاجي اغرا ساعد الزامندار شيفاجي خوف سلطان مغول اضافه ذٰلك تقرير تدخل برهمن تعليم اسلامي قصد هدم معبد مثابه تحذير فصيله الهندوس مدينه مقاومه مغول زعيم ديني ,7
ظهر تقليد بحث علمي صين قديم جرب خيمياءي فلاسفه الطاويون الاكسير تمديد حياه علاج مرض ركز ين يانغ عنصر متناقض طبيعه الين مرتبط نواث بروده بينما ارتبط اليانغ ذكر دفء مرحله نار ارض معدن خشب ماء صف دوره تحول طبيعه تحول ماء خشب تحول نار عندما احرق رماد نار ارض استخدام هٰذا مبدا اكتشف فلاسفه طبيب صيني تشريح بشري اصف عضو غالب ين يانغ فهم علاقه نبض قلب تدفق دم جسم قرن زمان قبول غرب,5
مسجد كاترا مسجد قبر ناءب مرشد قولي خان فتره عام عام وقع مسجد جانب شرقي شمالي مدينه مرشد اباد ولايه نغال غربي هندي كمن اهميه فقط كمركز كبير تعليم اسلامي لٰكن وجود قبر مرشد قولي خان دفن درج مدخل رءيسي ميجد ميزه جمال وجود زريه برج تصميم ولبي وقت حاضر تم حفاظ مسجد حمايه منظمه مسح اثري هندي حكومه ولايه البنغال غربي ,7
حياه شخصي مصطفي كمال اتاتورك موضوع عديد دراسه تحليل اس اتاتور جمهوريه تركي شغل منصب رءيس عام وفاه نونبر وفق مءرخ تركي كمال كربات تضمن قاءمه المراجع حديث اتاتورك مصدر مختلف حياه اتاتورك شخصي مليء خلاف بدء مكان ولاده اسم كامل صحيح تفصيل زواج داءم موضوع نقاش ناقش معتقد ديني حياه سياسي تركي مءخر اثناء احتجاج جمهوريه خلال انتخاب رءاسي عام اعتبر شخصيه اتاتورك موضوع مهم مءرخ عام انسان تحديد تركيا كثير معلومه شخصي جوهري اتي مذكره رفيق منافس صديق ,14
اوكل اداره سفينه ميرسك لاين ا ب مولر ميرسك اداره شركه مكتب نيويورك تاجير شرك دفع داءم امكن قبول امر دنمارك صدق مقر نيويورك ادار ارنولد ميرسك سي وضع سفينه عيدا ماء دنماركي سيطره حليف بينما غرق غواصه الماني خلال استمرار صراع غواصه ليز ميرسك غرق ,7
تطور كيفيه وضع شرط قياسي تشخيص اضطراب شخصي حدي ذٰلك بغيه تميز هٰذا اضطراب اضطراب مزاج اضطراب محور اخر تشخيص اضطراب شخصي حدي اندرج اضطراب شخصي ذٰلك اصدار دليل تشخيصي احصاءي اضطراب نفسي سنه ذٰلك جري تميز اضطراب شخصي حدي اضطراب شخصي فصامي اصدار دليل تشخيصي احصاءي اضطراب نفسي جري تحديد تسميه اضطراب شخصي حدي رغم مصطلح حدي وصف مناسب توصيف عرض ميز هٰذا اضطراب ,5
بنو اسراءيل عبري مجموعه قبيله ناطقه لغه سامي قديم شرق ادني قديم سكن جزء ارض كنعان خلال عصر الحديدي تاريخي ظهر اسم اسراءيل مره لوحه مرنبتاح مصري قديم تاريخ حوالي سنه ميلاد اشار اثر حديث بني اسراءيل تفرع كنعاني خلال تطور ديانه يهودي ديانه عبد اله اله متعد انجليزيه تحول لاحق ديانه توحيدي تمحور حول اله قومي يهوه لذا امكن وصف مجموعه عرقي ديني تحدث صوره قديم لغه عبري هجه اقليمي لغه كنعاني معروف يوم اسم عبريه كتابي عصر الحديدي ظهر ملكه اسراءيل يهوذا سقط ملكه اسراءيل عاصم السامره يد امبراطوريه اشوري حديث حوالي سنه ميلاد دمر امبراطوريه بابلي حديث ملكه يهوذا عاصم قدس سنه ميلاد نفي ساكن يهودا بابل لٰكن اسراءيل غزا كورش كبير منطقه ,7
استخدم مستشار عامل كارثه استخلاص معلومه كجيز تدخل حاله طارءه مساعده انسان تعرض مءخر خساره معان كبير شمل هٰذا حاله اعصور زلزله طلق نار مدرسه حاله شمل خوف اصابه انزعاج شديد اتلاف متلكات فقدان صديق هدف استخلاص معلومه تخفيف اضطراب مابع صدمه مشكله نفسي استخلاص معلومه تدخل ازمه عرف استخلاص معلومه حاله ارهاق عصيب ,12
عام طيران اماره مبادره كبير شراء طاءره وافق شراء عد طاءره بوينغ دريملاينر مقابل مليار صف صحيفه ول تريت جورنال صفقه خساره مءلم شركه ايرباص عام طلب طيران اماره طاءره بوينغ قيمه مليون شركه طيران شقيق فلاي دبي معرض دبي طيران طلب طيران اماره طاءره ذٰلك اصدار طاءره جديد رحله طويل شركه طيران اماره شركه تابع مجموعه اماره دور شركه تابع مءسه دبي استثمار حكومي ذراع استثماري حكومه دبي حق شركه ربح عام استثناء عام حافظ معدل نمو سنوي انخفض ابد خلال سنه ال تاسيس تضاعف حجم شركه طيران نصف سنه تضاعف سنه ذٰلك ,2
اعتبر غزه اقدم مدينه عرف تاريخ سب تسميه هٰذا اسم مثبت بدقه لان هٰذا اسم قابل تبديل تحريف تبدل امه صارع كنعاني هزاتي فراعنه غزاتو غذه قرن ميلاد اشوري يوناني اطلق عزاتي وفازا عبراني عزه عرب جنوبي سبا معين لفظ عربي غزه وصف ميناء مهم قرب قريه يهودي ذكر قرن ميلاد صاعد ,7
توحيد اعتقاد وجود اله فقط اسمي شيء اسم الٰه امكن تميز توحيد حصري اله جود منفرد توحيد شامل متعد اله جود متعد تم تعرف اله شكل الٰهي لٰكن افترض امتداد اله ,13
ربط شبكه انترنت مليون شبكه خاص عام مءسه اكاديميه حكومي مءسه عمل تباين نطاق محلي عالمي اتصل تقنيه مختلف سلك نحاسي ليف بصري اتصال لاسلكي تباين ذٰلك شبكه بنيه داخلي تقني اداري دار معزل اخر مركزي اعتمد تشغيل اخر حمل شبكه انترنت يوم قدر عظيم بيان خدمه ربما شيوع يوم صفحه نص فاءق منشور ويب حمل خدمه تطبيق اخر بريد خدمه تخاطب فوري رتوكول نقل ملفه اتصال صوتي كمل طفره وسيله اتصال عبر تاريخ شبكه انترنت يوم اثار اجتماعي ثقافي قاع عالم ادي ذٰلك تغير مفاهي تقليدي عده مجال عمل تعليم تجاره بروز شكل اخر مجتمع معلومه ,10
دراسه ماده عضوي تضمن استخدام مطيافيه رن مغناطيسي نوي مطيافيه كتله طريقه فيزياءي كيمياءي اخر تحديد تركيب كيمياءي صيغه كيمياءي مركبه عضوي فهم تفاعل اضافه ماده استفاد انسان دواء سماد بوليمير مختلف مستخدمه عازل كهرباءيه حراري صوتي دخل تركيب ماده عضوي صفه اساسي كربون نتروج هيدروج اكسج كربون عمود فقري رباع تكافء قابل تكوين سلاسه طويل حلقه جزيه عضوي جزيه بروه متعد بوليمره مختلف دراسه خواص ماده تضمن خواص فيزياءي كيمياءي استخدم طريقه شبيه وطرق تقدير تفاعلي كيمياءي هدف سلوك ماده عضوي شكل نقي محالي مزيج شكل مصنع تضمن دراسه تفاعل عضوي تحقيق نطاق استخدام اعداد مركبه هدف منتج طبيعي دواء مكثور طريق اصطناع كيمياءي فضل دراسه مركز تفاعليه جزيه عضوي مفرد سواء مختبر وباستخدام دراسه نظري محاكاه استخدام حاسوب ,6
ساد مناخ استواءي جنوب شرق اسيا وقوع هٰذا منطقه قريب خط استواء جنوب ساد مناخ موسمي جزيره عربي مناخ صحراوي مناخ متوسط ساد شام دوله اسيوي واقع قرب بحر ابيض متوسط منطقه شمالي اسيا مناخ قاري بارد ساد منطقه متد بحر قزوين غرب وسط صين شرق اخير مناخ قطبي ساد طرف شمالي اسيا ,9
لقد استخدام هٰذا تسميه عصر قديم استخدم اغريق رومان بيزنطي مصطلح البربر اشاره قبيله مختلف سكن ليبيا اكبر منطقه سمي ان افريقيا اتي مصطلح البربر اصل يوناني ارباروس عني لغه يوناني قديم ناطق يوناني شعب يوناني ربري نسبه بربر لغه عربي اصل المصطلح يوناني قديم ارباروالتي عني يوناني اجنبي اشتق تسميه برابره حق استعمل المصطلح اسم اثني فتح اسلامي بلد مغرب حكم بيزنطي اطلق مجموع قبيله محلي ,12
قران متعلق قران نزول ترتيب جمع كتابه قراء تجويد تفسير معرفه محكم متشاب ناسخ منسوخ سب نزل اعجاز اعراب رسم غريب قران ذٰلك متعلق قران عرف بحث تعلق قران اتصل قران اطلق ايض تنزيل كتاب عد الزركشي قران كتاب برهان قران اوصل جلال الدين السيوطي كتاب اتقان قران ,5
مجال ارض مجال واسع امكن تقسيم تخص رءيسه فلك رصد جوي طبقه ارض الجيولوجيا محيط بيءه ,5
تجريد انجليزيه اطلق حاسوب عمليه تعريف برنامج بيان خلال اظهار واجه منسجم معني وغايه هٰذا برنامج لٰكن تم اخفاء تنفيذ فعلي غرض هٰذا تخفيف تعقيد وجب مبرمج تعامل تالي امكان تركيز امر وقت ,10
ميزه امكن حصري مسجد جامع جنبور قاعه مسجد مستطيل ضخم مخص صلاه احاط هٰذا قاعه مر جانب غطي قاعده صلاه قبه كبير بلغ قطر قبه متر نافذ صغير قبه سمح دخول اشعه شمس داخل جامع تالي خلق مشهد راءع جمال تصميم بناء ,13
خوارزميه مجموعه خطوه رياضي منطقي متسلسل لازم حل مشكله سمي الخوارزميه هٰذا اسم نسبه عالم مسلم الطاشقندي اصل جعفر محمد بن موسي الخوارزمي ابتكر قرن ميلادي كلمه منتشر لغه لاتيني اوروبي اصل معني اقتصر خوارزميه تركيب فقط تسلسل اختيار تكرار اثبت حاجه تركيب اضافي استخدام هٰذا تركيب سهل الخوارزميه اكتشاف خطا وارد تغير تمكن استعانه مخط حلحله كثير مشكله عملي بنيه موسوعه يكيبيديا امكن تمثيل مخط راس اسم المقالات نقوم رسم خط موجه مقاله مقاله حوي رابط مقاله تطبيق هٰذا نظري اسعي جد لحل مشكله استخدم الحاسوب شكل واسع ذٰلك اهتم حاسوب تصميم خوارزميات نظريه مخط امكن معالجه مخط تميز خصيصه استخلاص معلومه ,3
وقع سلطنه عمان جنوب غرب اسيا اقصي جنوب شرق جزيره عربي ساحل جنوبي شرقي حد بحر عرب خليج عمان خليج عربي يمن اماره عربي متحد ساحل عمان جزء مهم امبراطوريه عماني سلطنه ,9
مغرب متعد اثنيه ثقافه حضاره غني عبر تاريخ مغربي استضاف هٰذا بلد عديد شخص قادم شرق فينيقي يهودي عرب جنوب افريقيا جنوب صحراء الرومان الفاندال الموريسكيون لكل هٰذا فءه اثر تركيبه اجتماعي مغرب ضم عديد معتقد يهودي مسيحيه اسلام امتلك منطقه مغربي خصوصيه ساهم تالي صنع فسيفساء ثقافه ارث حضاري مغربي وضع ملكه ضمن اولويه محافظ تراث ثقافي حمايه تنوع خصوصيه ,12
المانيا وجب اتمام سنه اجباري تدريب طب نفسي اكمال تدريب طب عصب ملكه متحد ايرلندا طب عصب خص دقيق طب باطني سنه كليه طب وسنه امتياز سنه برنامج تاسيسي وجب يجتاز طبيب عصب اختبار عضويه كليه طبيب ملكي مكفا ايرلندي تدريب متخص طب عصب جيل سابق تعين طبيب عصب قضا سنه وحده طب نفسي نيل شهاده طب نفسي لٰكن هٰذا متطلب شاءع ابسط مءهل طب نفسي ان تطلب نواتي هٰذا متطلب عد عملي تره بحث علمي ضروري حصول درجه علمي ساعد تقدم مهني عديد جد هٰذا اسهل التحاق معهد طب عصب ميدان ملكه لندن طبيب عصب دخل مجال طب اعاده تاهيل تخص اعاده تاهيل عصبي شمل طب جلطه دماغي اصابه حادث دماغ ,11
سياسه غوه مصدر فعال اشار ابن سيد قال وساس امر سياسه صاحب بن عباد سياسه فعل الساءس والي يسوس رعيه سوسي امر فلان كلف سياسه فيروز ابادي وست رعيه سياسه امر نهيه ماخوذ فعل ساس ماخوذ خلاف نحوي مضرع فعل يسوس ماده اوي نص ذٰلك السرقسطي مورد كلمه فعل سالم معتل اصطلاح عني رعايه شان دوله داخلي خارجي عرف اجراءي هارولد اسويل دراسه سلطه حد حصل مصدر محدود وكيف دراسه تقسيم مورد مجتمع طريق سلطه ديفيد ايستون عرف شيوعي دراسه علاقه طبقه عرف واقعي سياسه فن مكن دراسه تغير واقع سياسي موضوعي خطا شاءع فن مكن خضوع واقع سياسي عدم تغير بناء حساب قوه مصلحه ,8
عندما اقترب نهايه عمر نجم كبير انفجر بعث كميه هاءل عنصر ثقيل فضاء حدث انفجار مستعر اعظم بلغ كتله كتله شمسي مجره نتج كتله شمسي نيكل حسن حظ هٰذا انفجار حدث بعيد عني ابعد عني مليون سنه ضوءي حدث هٰذا انفجار نجم قريب نسبي منا ايتا كارينا حدث انفجار ابتداءي فعل سنه ابعد عنا سنه ضوءي لٰكان ضوء واضح عز نهار تاثير ميت ارض ,6
انحصر مصطلح دين توحيدي سب وجود ديانه امن اعترف ابراهيم الاتونيه نسبه اله مصري اتون اعتبر فرع امنحوتب ديانه كالزرادشتيه عد ديانه ابراهيمي يوم انقسام رءيسي دين مقارن جانب ديانه الهنديه ايراني شرقي الاسيويه ,13
ضمن اغن ناجح الراديو ذٰلك وقت جاء صيف غصب عمل هٰذا الالبوم طوال فتره صيف لٰكن اقترب صدور البوم بدايه عام زال عمل البوم جمع صديق مقرب امل مفتي اوغلو سمي الالبوم العار تولي عمل انتاج ازان اكسو اختار عديد صوت عمل البوم ازيل دنيز سكي اشن كراجا ,14
اوضح مدرب باحث تجريبي ارنستو تلرد استخلاص معلومه مجال منهج تعلم تجريبي عمليه منظم ميسر عمل نشاط معين سلسله سءال تقدمي هٰذا جلسه تسلسل كافي دعا مشارك عكس حدث اعطاء معلومه هام هدف هٰذا مشروع مستقبل ربط تحدي اداء مستقبل معا ,14
طور ايثون معهد رياضي معلوماتيه هولندي مدينه امستردام يد جايدو روسم اخر ثمانينات قرن اعلان عام كتب نواه لغه استعمال لغه سي اطلق روسم اسم ايثون لغه تعبير اعجاب فرقه مسرحيه هزليه شهير بريطانيا اطلق اسم مونتي ايثون ,10
احتفل يوم عالمي شعر عام اعلن منظمه اليونسكو هٰذا يوم عام هدف هٰذا يوم تعزيز قراءه كتابه نشر تدريس شعر عالم دوره اعلن اليونسكو هٰذا يوم صرح هدف تجديد اعتراف اعطاء زخم حركه شعري وطني اقليمي دولي ,12
لد ڤان روسم هولندا تسلم رساله الماجيستير جامعه امستردام عام عمل معهد حثيه مختلف معهد قومي بحث الرياضيات حاسب امستردام معهد قومي معيار تكنولوجيا ,10
اطلق اسم مستشفي فرنساوي نظر لان تم انشاء توقيع عقد انشاء مستشفي قصر العيني جديد مجموعه فرنسي كونسرتيوم مكون شركه سوجيا ايبوتي دي فرانس ولكيه ذٰلك سنه م تم هدم مبني قصر العيني قديم حل محل مبني حديث تواكب مستحدث عصر ذٰلك سنه م تم انتهاء انشاء عام م رءيس مصري محمد حسني مبارك رءيس فرنسي جاك شيراك افتاح مستشفي قصر العيني تعليمي جديد م ,11
رفض عد فكر اخر نظر صرامه عدم ناسب مطلق صاله جمنازي محاط جدار وضع نايسميث قاعده اساسي كره سله تثبيت سله خوخ سياج بلغ ارتفاع قدم متر نقيض شبكه حديث كره سله ظل قاع سله خوخ مسدود تعين استرجاع كره يدوي هدف نقطه تم احراز هٰذا امر اثبت عدم فاعليه لذا تم ثقب قاع هٰذا سله مثبت عمود طويل مرتكز حامل اتاح خروج كره مره دخل هٰذا تم استخدام سلال خوخ هٰذا عام تم استبدال نهايه امر سلال معدني مثبت لوحه خلفيه عرف اسم لوحه هدف لوحه مستدير مستطيل سله منع ضربه كره متجه خارج رد داخل سله تم ادخال تغير اخر اتاح مجرد مرور كره عبر سله مهد طريق ظهور لعبه شكل معروف حالي بادء امر تم استخدام كره قدم احراز هدف عندما تمكن لاعب احراز هٰذا كره داخل سله فريق حصل نقطه فريق حصل اكبر عد نقطه اعتبر فاءز مباراه عاده تم تثبيت سلال شرفه ملعب منخفض لٰكن ثبت هٰذا امر عملي ذٰلك عندما بدا جمهور تدخل تصويب كره تم استخدام وحه هدف مثبت سله حيلوله وقوع هٰذا تدخل جانب كون تاثير اضافي تمثل سماح تصويب مرتد اكتشف حفيده نايسميث مذكره كتب بخط يده عام اشار قلق شان لعبه جديد ابتكر اشتمل قاعده مستقاه لعبه طفل اطلق اسم عبه ,1
ختص مدينه ملك عبد العزيز تقنيه تحقيق انجاز مهمه اقتراح سياسه وطني تطوير تقنيه وضع استراتيجيه خطه لازم تنفيذ تنفيذ برنامج حوث علمي تطبيقي خدمه تنميه ملكه عربي سعودي مساعده قطاع خاص تطوير حوث منتج زراعي صناعي تم طريق دعم برنامج بحث مشترك ملكه مءسه علمي دولي مواكبه تطوير علمي عالمي سواء طريق منحه قيام تنفيذ بحث مشترك تقديم منح دراسي تدريبي تنميه كفايه ضروري قيام اعداد تنفيذ برنامج بحث علمي تقديم منح فرد مءسه علمي قيام اجراء بحث علمي تطبيقي تنسيق جهاز حكومي مءسه علمي مركز بحث ملكه عربي سعودي مجال بحث تبادل معلومه خبره منع ازدواج مجهودات ,4
اتفق فراغ تنميق هٰذا كتاب فاءق كتاب ساءر صاحب اله مصنف جنه حسن ماب يد فقير الٰه غني فض بنت شيخ احمد البلاغي وفق اله خير دار حشر اءمه مصطف صلوه الٰه صلا ملا خافق يوم قعده سنه اربعون هجره نبوي ,0
اءتلاف متحد اصلاح تحالف سياسي عراقي سني شكل رءيس برلمان عراقي سابق اسامه النجيفي تشكل حزب عراقي سني ابرز حزب اسلامي عراقي حزب قوميه عربي تركماني جبه التركمانيه عراقي شعار مناره حديب مدينه موصل فاز هٰذا اءتلاف مرتبه انتخاب مجلس محافظه سنه انتخاب برلماني محافظه نينوي نبر حصل مرتبه محافظه بغداد محافظه صلاح دين ,8
نشر فريد شايفر مقال عنوان استثناءي جغرافيا ضمن صحيفه اميركي سجل اتحاد جغرافي اميركي انتقاد اقليمي اثر كبير هٰذا مجال مقال نقطه جمع جيل شاب جغرافي اقتصادي عازم اعاده ابتكار نظام بدا طريقه كمومي انتشر بحث جغرافي مشهور هٰذا مجال يليام غاريسون برايان بيري والدو توبلر يتر هاغيت ويليام انج ,9
اعتبر مدينه غزه اهم مدينه فلسطيني اهميه موقع استراتيجي اهميه اقتصادي عمراني مدينه اضافه كون مقر مءقت سلطه وطني فلسطيني وجود كثير مقر وزاره ,9
بدا مغرب اغلبيه مسلم سنه ابتداء قرن ميلادي فتره امبراطوريه مرابطي لعب استيراد ثقافه اندلسي دور مهم جد تشكيل ثقافه مغربي صل موجه كبير اخر ثقافه اندلسي مغترب اندلسي طرد اندلس افريقيا استرداد مسيحيه دوناتي ريفي موجود عصر قديم بدء قرن ميلادي قرن ميلادي جانب كاثوليكيه روماني حضري زال طور تكوين مال طبقه ثقافي اعلي اعتماد طبقه اساسي امزيغي ساكن اصلي عده سنه زال موجود قوه تاريخ عصور تاريخ ,12
سيره حي عنوان حياه كامل مصاغ اسلوب رواءي مثال ذٰلك كتاب بيوغرافيا جوع كاتبه بلجيكي اميلي نوتومب استعاد طفوله بلد مختلف قاد ظيفه والد ديبلوماسي قلب روايه كمن جوع سر جوع اكان شر سعاده ماساه حسره كمن بحث داءم انجاز صعب منال شرح تاريخ شعب فرد ,12
عام قدم غنيه شا معك جميل خلال البوم مليح كبير يادجار تربوتي وضع مقطعه صوتي سيزين اكسو البوم اجبار البوم عيب جد ايميل موفتو اوغلو عام استخدام قطعه موسيقي المسماه لانت ذٰلك البوم كراجا تاكيد طفلي ,14
حلول عام توقف انتاج ريفيلسند نهايه حرب ضر ناتج رغم تزامن قصف عام عام سابق سافر رءيس ستوكولما اعلان مراسل دنماركي سمي وليتكين هٰذا عمل تخريبي ضد مصلحه دنمارك هٰذا عمل تخريبي تم هجوم طراز الماني نورنبيرغ نهايه حرب ,7
مجموعه تاثير مقاومه نرويجي موت داغ مستوحي نظام شيوعي تسل حياه سياسي بلد خلال رجل رغم عدم وجود صفه رسمي عام تنظيم رد فعل حاره غزو الماني نرويج عام لٰكن بدا مقاومه نشط ضد غزاه هجوم الماني اتحاد سوفياتي عام حلت محل اوسكار تورب عضو فحص سنوي داغ عضو لهل هانستين كقيده يورن كيريستوفيرن كريس ركن ,7
قوه مسلح دنماركي كافي تمام دفاع البايسدا هجوم طبيعه مسطح منطقه عدم وجود حاجز طبيعي طاءره جيش بحري قليل قديم طراز مناسب فقط مهمه استطلاعي بحريه عسكري مزود جندي خدمه مزود فقط سفين دفاع ساحلي قطعه حجم مل وسه زارق طوربيد غواصه قدره وقف سرب الماني وصل كوبنهاغن غز طيران بحري دنماركي عبار طاءر ماءي كوبنهاغن اخر سرب ارهوس اخر سليبشافن طاءره اخر قاعده بحري افن انبغي اعتراض طاءره وافد فتواف اجتمع فرقتان ماشي الماني هدف تفعيل مقاومه ضعيف رمزي لان حكومه دنماركي اعلن تعبءه عام ,7
اخصاءي علاج وظيفي غالب اقام نشاط حياه يومي استكمال عمليه تقيم مريض جمعيه امريكي علاج وظيفي حد نوع نشاط دور فعال حياه يومي رعايه اخر رعايه حيوان اليف تربيه طفل اداره اتصال تنقل مجتمع اداره مالي اداره صحه صيانه صيانه البي اعداد وجبه احتفال ديني اجراء سلامه استجابه حاله طوار تسوق ,14
عضو موت داغ عديد سياسي نرويجي نفوذ رءيس وزير اينار جيرهاردسن استقال منصب عام سب حدوث كارثه بيءيه سفالبارد اوسكار تورب وجون ينج والد غرو هارلم برونتلاند امين دفاع جودموند هارلم رءيس بلديه اوسلو برينجولف فيلي برانت الماني عام تم اعتماد عضو منظم موت داغ راندت سماه حقيقي هربرت فراهام ذٰلك وقت لاجء النرويج سب انشطه مناهض نازيه المانيا انضم حركه حصل جنسيه نرويجي اسم جديد اعتقل وقت غزو النرويج لٰكن اطلق سراح تحديد لجا السويد ,7
جد بحث تنموي عام بروه مشكله عظام تغير اثناء تطور سب اختلاف حجم منقار شكل شرشير عمل هٰذا بروه جنه نامي تحديد صفه هيكلي ذٰلك شكل منقار اظهر مجموعه عمليه تطور شكل مختلف منقار شراشير داروين تاثر اختلاف تزامن قليل تموضع جين سمي كالموديولين عمل الكالموديولين طريقه مشابه بروه مشكله عظام اثر صفه نمو منقار اشار دارس تغير تزامن تموضع هٰذا عامل عامل محتمل مسبه تطور شكل منقار كشف تسلسل جينوم دراسه حديث كيلو بيس نمط فردي احتوي جين شكل شيفره عامل نسخه اثر تطور قحف وجهي ارتبط ارتباط ثيق تنوع شكل منقار اضافه ذٰلك هٰذا تغير حجم منقار ايض نغمه شراشير داروين ,5
بينما ركز حليف عمليه اقصي عز لمن موقع بلد محتل ظهر درجه متفاوت مقاومه محتل تعاون نرويجي نشاط شركه ملوك دوله تنفيذي عمليه خاص خدمه عمليه خاص بريطاني توفير اتصال محلي معلومه انسان مستعد تسل رعايه حكومه نرويجي منفي ارض بريطاني تشكل قوه مسلح بري جوي بحري ,7
اعتبر مءلف كتاب بربر انجليزي تقديس موتي اهم ميز الامازيغ عصر قديم فعل ظاهره قديم افريقيا غرب مصر كتب بومبينوس اوجله اعتبر روح سلف مثابه اله قسم استشار امر نام تلقي اجابه شكل حلم ,13
مجمع مترجم استخدم ترجمه لغه تجميع لغه اله وظيفه محول غه تجميع لٰكن عمل مفسر صعب لغه تجميع لان لغه برمج منخفض مستوي مجمع ترجمه لغه مستوي منخفض لغه تجميع لغه مستوي لغه اله ,10
اقدم بدايه مدونه هندسه رياضي نسب حضاره مصر قديم حضاره قديم بلد رافدان سنه ميلاد هٰذا مدون هندسي عباره مبدا اساسي تمثل حساب طول زاويه مساحه حجم ضروري تطبيق عملي بناء فلك اقدم مدون هندسي رياضي برديه ريند رياضي مصري مقدر عمر ميلاد برديه موسكو رياضي ميلاد قرن ميلاد عالم رياضي طاليس استخدم هندسه رياضي حل مساله هندسي متعد معرفه ارتفاع اهرام المسافات سفينه شاطء نسب طاليس استخدم تفكير برهاني هندسه رياضي وضع نظريه طاليس عبر تحليل برهاني فيثاغورس وضع نظريه فيثاغورس طبق مثلث قاءم حول سنه ميلاد احدث اقليدس ثوره هندسه رياضي اصل اقليدس اعتبر اهم كتاب ساهم تطوير هندسه رياضي محتوي هٰذا كتاب درس مدراس قتنا حالي ,3
نصف قرن ادي رابطه عرق ايديولوجيه نظريه عنصري علمي استخدام كلمه عرق مشكله رغم زال استخدم سياقه عام غالب مايستد عرق مصطلح غموض تحميل ساكن انسان مجموعه اثني مجتمع اعتماد سياق ,9
مسجد جمالي كمالي وقع منطقه حديقه مغلق لاول مره خلال سنه مسجد مدخل جنوبي بني مسجد حجر رملي احمر اضافه زينه رخام مسجد راءد تصميم العماره مغولي هند قاعه صلاه فناء كبير قوس قوس مركزي وجود قبه حجم قوس تدريجي اتجه قوس مركزي اكبر قوس منمق زخرفه جميل زين ركنيات قوس نوط زخرفه جدار غربي مسجد حوي محراب زين جدار عد قليل نقوش قرني ,7
خط سعودي شركه طيران وحيد ملكه عربي سعودي عندما حصل شركه طيران منخفض تكلفه طيران ناس ترخيص حكومه تاس شركه طيران ناس عام م بدا عمليه ذٰلك عام اقلع رحله تجاري فبراي بدا شركه عمليه اسم ناس اير تغير اسم طيران ناس حق تطبيق طيران ناس جهاز ذكي الاي فون اندريد مليون عمليه تنزيل تطبيق مستخدم اعلن طيران ناس رحله داخلي مجاني مسافر احتفال يوم وطني ,2
جمهوريه كوبا اسباني ا لفظ ا دوله وقع منطقه الكاريبي مدخل خليج المكسيك تكون جزيره كوبا جزيره جوفينتود بلغ مساحه اجمالي كيلومتر مربع عدوه ارخبيلات هافانا عاصمه بلد اكبر مدينه انتياغو دي كوبا اكبر مدينه بلد ,9
كتب لالي مولدور فتره صحيفه راديكال تركيا عديد مءتمر خارج وطن شعر عد حجر زاويه شعر تركي مءسه مرجعه مفهوم مستوي ثقافه مختلف مدعم غايه مستوي صوره مستوي عرض مستوي ربط ذٰلك خلال ترابط غناء شعر تركي ,14
اطلق مجموعه منصه شاهد وفر نخبه فيلم مسلسله برنامج عرض ضم ساعه ترفي عربي نوعي شمل مسلسله فيلم انتاج شهره جماهيري منطقه شرق اوسط اضافه عمل شاهد اصلي جديد حصري عرض شاهد مسلسله موسم جديد عرض مره حصري شاهد احدث اصدار فيلم عرض صاله سينما ,12
رياضي مجموعه معرفه مجرد ناتج استنتاج منطقي مطبق مختلف كاءنه رياضي مجموعه عد شكل بنيه تحويل اهتم رياضي دراسه موضوع كميه بنيه فضاء تغير ان تعريف عام متفق المصطلح ,3
مسابقه برمجه جامعي دولي انجليزيه مسابقه برمجه تنافسي سنوي متعد مستوي جامعه عالم وقع مقر لجنه دولي بطوله جامعه ايلور ادار مدير تنفيذي لجنه دولي شرطه جناءي استاذ ايلور دكتور يليام ,10
تقريب جانب جانب حكومه عنصر اقتصادي مهم مثال نوع سياسه اقتصادي موجود شمل سياسه تثبيت اقتصاد كلي حاول حفاظ نمو عرض نقد معدل انتج تضخم مفرط محاوله تهدءه دوره عمل سياسه تجاري اشار تعريف جمركي اتفاقيه تجاري مءسه دولي حكم سياسه مصم خلق نمو اقتصادي سياسه متعلق اقتصاديه تنميه سياسه تناول اعاده توزيع دخل متلكات ثروه كذٰلك سياسه تنظيمي سياسه مكافحه احتكار سياسه صناعي سياسه تنميه اقتصادي قاءم تكنولوجيا ,8
ترجم مجمع لغه فرنسي كتاب لالي مولدور بعنوان ديوان الغات تركي لغه فرنسي كتبه عام زالد صدر عديد دار نشر اجنبي واصل ان ترجمه كتاب شعري شاعره لالي مولدور نشر نيويورك ترجم قصيده لغه عبري اسراءيل ,14
هدف جغرافيا اقليمي عديد هدف تكامل بحث اقليم ظهر ذٰلك مدي اعتماد جغرافيا اقليمي جغرافيا اصولي اعتماد جوهري وصول فهم اقليم مظهر ذٰلك اهم ذٰلك هدف هدف رءيسي ربط ظاهره ربط جغرافيا اقليمي ظاهره جغرافي مختلف ابراز علاقه تبادلي ساكن طبيعه اقليم كذٰلك تحديد شخصيه اقليم ابراز تباين اقليمي وحده مكاني مختار مثال ذٰلك اقليم بحر متوسط اقليم عالم اسلامي وطن عربي ,9
البوذيه نسبه بوذا اكتب لغه السنسكريتيه ترجمه حرفي سيدهارث جوتام عد بوذي عالم حوالي مليون شخص تاريخ بوذي حوالي سنه ميلاد عرف اس بوذا ديانه بوذي دار جدل حول وجود هٰذا شخصي عدم لٰكن تم جمع عمل وجود تقريب ب سنه اعتبر تعليم بوذا اهم فلسفات عالم ,13
جوكتشا دنتشر مغني كاتبه اغن ملحنه تركي لد عرف اسم جوكه شا وسط فني بدا عزف بيانو لعب طبول اثناء دراسه ابتداءي تخرج مخرجه فن كليه فن جميل جامعه يد تبه عمل مده عام شركه اعلان قر استمرار كموسيقيه حياه ذٰلك دخل فرقه مكون شخص بدا لعب طبول كمل سنه بدا قدم حفله مدينه مختلف ,14
اشار هندسه حاسب اسم هندسه حاسب جامعه تطلب معظم ظاءف هندسه حاسب مستوي مبتدء درجه بكالوري هندسه حاسب هندسه حاسب عاده وجب شخص تعلم مجموعه رياضي حساب تفاضل تكامل جبر حساب مثلث درس حاسوب صاحب درجه جامعي هندسه الكترونيه ذٰلك سب تاشب حقل نظر مهندس جهاز عمل عاده نظام برنامج حاسوب ضروري جود خلفيه قوي برمجه حاسوب فق مكتب احصاء عمل هندسه حاسوب رءيسي ماثل هندسه كهرباءيه لٰكن اضافه دوره حاسوب منهج تطلب شركه كبير وظيفه متخص درجه ماجسه مهم مهندس حاسوب مواكبه تطور سريع تقنيه ذٰلك استمر كثير تعلم طوال حياه مهني هٰذا امكن مفيد خاص عندما تعلق امر مهارات جديد تحسين مهاره موجود سبيل مثال نظر تكلفه نسبي اصلاح خطا زاد طول دوره تطوير برنامج امكن توفير كبير تكليف ذٰلك اعزي تطوير اختبار كود جوده اقرب وقت مكن عمليه خاص اطلاق ,10
امكن شمل ارض دراسه جيولوجيا غلاف صخري هيكل واسع نطاق داخلي ارض اضافه غلاف جوي غلاف ماءي محيط حيوي استخدم عالم ارض اداه جغرافيا تسلسل زمني فيزياء كيمياء حي رياضي بناء كمي كيفيه عمل ارض تطور ارض اثر حياه يومي سبيل مثال خبير رصد دراسه طقس مراقبه عاصفه خطير درس مختص ماء حذر فيضان درس مختصي زلزله حاول كيفيه عمل توقع حدوث الجيولوجيا دراسه صخور ساعد تحديد معدن مفيد غالب عمل عالم ارض حقل ربما اسلق جبل استكشاف قاع بحر زحف عبر كهف خوض مستنقع اقاس جمع عينات صخور ماء نهر تسجيل نتيجه مخط خريطه ,5
اجماع جغرافي حول تعريف موحد مفهوم جغرافي سكاني لٰكن اتفق جغرافي موضوع ساكن اساس عد موضوع متعد اختصاص وجود سكاني اوحد قاءم ذاته سكاني رءيه متميز اشكاليه خاص منهج ناسب تالي مساله سكاني مهيا مقاربه جغرافي احصاءي تاريخي اجتماعي اقتصادي ذٰلك ذٰلك اهتم جغرافي ساكن مظهر وصفي حركي اختلاف مكاني عبر زمن علاقه مكاني تفاعل ظاهره تاكيد عملي مكان هٰذا طريقه تميز جغرافي ساكن ديموغرافيا ساكن عني ظاهره منفرد ذٰلك متعد فرع ذٰلك ظهر منظور اجتماعي ديموغافي ديموغرافيا اجتماعي ظهر منظور تاريخي الديموغرافيا تاريخي هٰكذا ,9
حاسوب انجليزيه ا دراسه حوسبه معلومه اتمه امتد حاسوب تخص نظري الخوارزميات نظريه حوسبه نظريه معلومه تخص تطبيقي ذٰلك تصميم تنفيذ جهاز برمجيه اعتبر خوارزميه هيكل بيان اساسي حاسوب تعلق نظريه حوسبه نموذج مجرد حوسبه صنف عام مشكله امكن حل استخدام عني مجال التشفير امن حاسوب دراسه وسيله اتصال امن منع ثغره امني تناول رس حاسوبي هندسه الحاسوبيه عمليه توليد صوره درس نظريه لغه البرمجيه طريقه مختلف وصف عمليه الحاسوبيه تعلق نظريه قاعده بيان اداره قاعده بيان بحث تفاعل انسان حاسوب دراسه واجه تفاعل خلال بشر حاسوب ركز هندسه البرمجيات تصميم مبدا كامن راي تطوير البرمجيات بحث مجال نظام تشغيل شبكه نظام مدمج اساس تصميم كامن راي نظام معقد وصف هندسه حاسوب بناء مكون حاسوب معدات عمل حاسوب هدف ذكاء اصطناعي اله تجميع عمليه موجه حل مشكله اتخاذ قرار تكيف بيءي تخطيط تعلم موجود بشر حيوان ضمن ذكاء اصطناعي هدف رءيه حاسوبي فهم معالجه بيان صوره الفيديو بينما هدف معالجه لغه طبيعي فهم معالجه بيان النصيه لغوي ,10
جايدو ڤان روسم هولندي مبرمج هولندي عرف مبتكر لغه برمجه ايثون مجتمع ايثون عرف جايدو دكتاتور خيري مدي حياه معني استمر مراقبه تقدم تطور ايثون متخذ قرار حاجه تنازل هٰذا منصب عمل حالي غوغل قضي جزء وقت تطوير ايثون ,10
الباربيتورات فعال تخفيف حاله مصم معالجه عاده استخدام ادي ادمان جسدي امكان خطير تسم جرعه زاءد عندما واضح اخر خمسينيه تكلفه اجتماعي باربيتيورات بدايه تفوق فاءده طبي بدا بحث جاد استبدال دواء بديله معظم انسان زال استخدم يوم الباربيتيورات قيام ذٰلك وقايه نوبه تخفيف عرض صداع نصفي ,11
طب طارءه خص طبي تضمن رعايه شكل متساوي وغير مجدول مريض مصاب مرض اصابه تطلب تدخل طبي فوري طبيب طارءه مسءول تحقيق تدخل تشخيص علاج مريض طريقه ذكي تضمن انعاش فوري عمل استقرار حاله تعاون طبيب تخص اخر اتخاذ قراره متعلق حاجه مريض تدخل جراحي تنويم مستشفي خروج مستشفي طبيب طارءه عاده عمل قسم طارءه مستشفي خدمه طارءه طبي وحده عنايه مركز عقد قليل ماضي اعترف بطب طارءه خص منفصل كامل صلاحيه عديد دوله متقدم طب طارءه عرف كخدمه عام ضروري حق تقدير انسان مساهمه صحه عام طب اكاديمي جامعه كليه اكاديميه طبي احتوي قسم خاص بطب طارءه هٰذا تخص مرغوب وذاع صيه طالب مسار صحي طب طارءه مرحله تطوير دوله نامي لذٰلك عرض منظمه طب طارءه عالمي رامج تطوير طب طارءه دوله محدود امكان ,11
تلقي طبيب طارءه تعويض اعلي اختصاص اخر ترتيب اجر اصل اختصاص طبي معدل دخل سنوي اجر اضافي تلقي مقابل خدمه سريري وقع مدي متوسط سنوي شمل هٰذا خدمه محاضره تقديم شهاده اعتبار خبير ازداد اجر نسبه تماشي زياده بقيه اختصاص ذٰلك عام عمل طبيب طارءه وفق نظام مناوبه مده ساعه استقبل اتصال استدعاء عاده دعم مستوي مرتفع ضغط عاش هٰذا طبيب امتلاك قدره قوي تشخيص مريض حاله خطر مشخص سابق راي طالب رفع راتب وجب بقي معالجه قسم طارءه قاءم ليل نهار يوم لابد تواجد طبيب قسم طارءه مدار ساعه خلاف عياده خارجي قسم اخر مستشفي ساعه عمل محد امكن حاله معين استدعاء طبيب عبر هاتف حاجه خارج وقت عمل جري مستشفي ترتيب اضافي مكلف تلبيه حاجه تواجد طبيب قسم طارءه حاجه لاستخام خدمه تشخيصي اخر طوال وقت ,11
طب شرعي خص طبي فرعي ركز تحديد سب وفاه خلال فحص جثه تم عمليه تشريح طبيب شرعي عاده تم هٰذا حاله خلال تحقيق قضيه قانون جناءي قانون مدني طلب قاضي تحقيق جناءي طب شرعي كثير تاكد هويه جثه ,11
اعتمد بحث اجري عاده مءسه اكاديميه بحثي كذٰلك وكاله حكومي شركه ادي تاثير عملي بحث علمي ظهور سياسه علمي سعي تاثير مءسه علمي خلال اعطاء اولويه تطوير منتج تجاري سلاح رعايه صحي حمايه بيءه ,5
لقيس ملكه سبا عبريه ملك شڤا ملكه ملكه سبا رد ذكر كتاب مقدس قران كريم ذكر قصه تصريح اسم وفد ملكه لقيس ملك سليمان فصل رجل دين مفسر اخباري تفصيل ذٰلك لقاء غدي شخصيه هٰذا ملكه ماده خصبه كتاب قصه ريايه عد هٰذا امراه مصدر فخر اعتزاز يمني اثيوبي خلاف باحث حول موقع ملكه هٰذا ملكه ادعي شعب كثير موطن هٰذا ملكه اثبت بحث اثري حديث دعا مجال شك موطن ملكه سبا يمن عثر هٰذا ملكه بحد اثر وقت نفي عالم اثر وجود اعتقد اسطوره يمني قديم طريق عهد قديم وجود تمثال عديد نساء معبد بران محرم لقيس سمي يمني اعتقاد كون ذكر عهد قديم قران بد قصه سند اثاري مكان ,0
بدا مسيحيه قرن ميلادي جماعه يهودي صغير انتشر قرن قليل لاحق مختلف شرق اوسط امبراطوريه روماني مستوطنه افريقيا روماني كنيسه قرطاج ذٰلك رغم عمل اضطهاد باطره روما ضد تبع هٰذا ديانه لٰكن قرن غدي دين امبراطوريه اكتسب ثقافه يوناني روماني اعتبر ارمينيا دوله مسيحيه ديانه رسمي عام تبع جورجيا عام اثيوبيا عام امبراطوريه روماني عام ,13
ادي ظهور احداثيه واسطه رينيه ديكارت تزامن تطوير الجبر بدء مرحله جديد هندسه رياضي شكل هندسي منحنه امكن وصف خلال هندسه التحليليه خلال الاقترانات معادله لعب هٰذا دور رءيسي نشوء تفاضل تكامل قرن علاوه ذٰلك اظهر نظريه منظور هندسه رياضي اقتصر علاقه خطي طول عرض اعقد منظور اصل هندسه وصفي ثري هندسه رياضي خلال دراسه هيكل تجزا شكل هندسي شكل هندسي اساسي مثلث مربع داءره الخ اويلر وجاوس ادي ظهور طوبولوجيا هندسه التفاضليه ,3
درس جغرافيا اقليمي اقليم كجيز سطح ارض تميز ظاهرات مشترك تجانس داخلي ماز باقي اقليم تناول جغرافي مختص حينذاك ظاهره طبيعي بشري هٰذا اقليم قصد شخصيه علاقه باقي اقليم خطوه دراسه ذٰلك تحديد اقليم اساس واضح ذٰلك مستوي قاره دوله مستوي كيان اداري تم تحديد ذٰلك اساس عامل مشترك منطقه شمل اقليم عامل طبيعي مناخي سكاني حضاري ,9
بايثون انجليزيه لغه برمج عالي مستوي سهل تعلم مفتوح مصدر قابل توسيع اعتمد اسلوب برمجه كاءني لغه بايثون لغه مفسر متعد استخدام استخدم استخدام اسعي عديد مجال كبان برنامج مستقل استخدام واجه رسومي تطبيق ويب امكن استخدام كلغه برمجه نصي تحكم اداء عديد برمجيه بلندر شكل عام امكن استخدام ايثون عمل برنامج بسيط مبتدء انجاز مشروع ضخم وقت غالب نصح مبتدي ميدان برمجه هٰذا لغه لان اسرع لغه برمجي تعلم ,10
اقتصاد سياسي سياسه مالي استخدام تحصيل ايراد حكومي ضريبه اقتطاع ضريبي مصروفات انفاق تاثير اقتصاد بلد تطور استخدام ايراد مصروفات حكومي تاثير متغير اقتصاد كلي نتيجه كساد كبير عندما مبدا عدم تدخل سابق خاص اداره اقتصادي مصداقيه استند سياسه مالي نظريه اقتصادي بريطاني جون ماينارد كينز اوضح اقتصاديه كينزي تغير حكومي مستوي ضريبه انفاق حكومي اثر طلب كلي مستوي نشاط اقتصادي سياسه مالي نقدي استراتيجيه رءيسي استخدم حكومه بلد نك مركزي تعزيز هدف اقتصادي امكن جمع هٰذا سياسه ذٰلك سلطه استهداف تضخم اعتبر صحي مستوي حد زياده فرصه عمل اضافه ذٰلك صم محاوله حفاظ نمو اجمالي ناتج محلي نسبه معدل بطاله قرب معدل بطاله طبيعي بالغ هٰذا عني سياسه مالي استخدم تحقيق استقرار اقتصاد مدار دوره عمل ,8
كاكينوموتو نو هيتومارو شاعر ياباني طبقه ارستقراطي اخر فتره اسوكا ابرز شاعر مدرج مثله شكل خاص حجم اليابان اعتبر شعر خالد فتره هيان غالب سمي هيتو مارو ,7
ناحيه اخر تحديد ال ماده كيمياءي استخدم جريمه انتج قاءمه عريض مشتبه هٰذا ماده استخدم جيش شركه هدم تحقيق تسم كشف سم معين مكن منح محق كره احتاج تحق اثناء مقابله مشتبه مثال موت ريسي دل محق بحث سلافه لريسين ذوره نبات زيت خروع وفاه سب استركن دل محق بحث شجره الاستركنين حاله شراء اونلاين بذر كيمياءي شرعي ساعد اثبات نفي فرضيه محق حاله مخدر كحول اداه مستخدمه عالم كيمياء شرعي امكن كشف ماده مستوي منخفض جد كميه ذٰلك ماده مهم تحقيق ذٰلك مهم جريمه قياده تاثير اختبار معين تحديد كميه كحول دم بناء نتيجه امكن تحديد عقوبه مناسب حاله اشتباه جرعه زاءد كميه مخدر موجود جسم شخص مكن اكد استبعد جرعه زاءد سب وفاه ,6
الفيديو الكليب غنيه الوداع هٰذا كليب انتاج تركي ايطالي عمل تقنيه اوبرا شان اثر كلاسيكي معروف اسم اداجيو ظهر عام سار ميرا اعاده تجديد مسار جديد سار اجدا بيكان خلال غنيه شانك هٰذا غنيه تصوري كفيديو كليب عرض هٰذا الفيديو كليب شهر صيف ,14
زين ركن مسجد مسجد برج بوابه منتصف وجه مستدق برج مرافق بوابه بوابه جنوبي مدخل رءيسي حوي مجموعه اقس برج طوق مدخله جنوبي شمالي عباره برج داءري شكل بوابه رءيسي ادي قبله حاءط غربي حوي محراب مقب نافذ مكان قوس ,7
كتابه بهاءي بشري عمليه تطور جماعي مستمر حاجه وقت حالي انشاء تدريجي سلام عداله وحده نطاق عالمي تم استخدام كلمه بهاءي كصفه اشاره عقيده ديانه بهاءي مصطلح تبع بهاء الٰه كلمه مستمد لفظ بهاء عربي عني مجد روعه اشراق جمال معجم غني ,13
حمل مدمر اسم فءه لٰكن وجود علامه سبيل مثال احتوي فءه المسماه مدمر و اضافه ذٰلك احتوي مدمره معلمه نوع ارجاع ذكر اعلا تم استدعاء مدمر كاءن عندما انتهي مده حياه كاءن تم انشاء كاءن متغير تلقاءي انتهي مده حياه تم استدعاء مدمر تلقاءي عندما خرج كاءن نطاق نظر لغه سي بلاص بلص احتوي اداه جمع قمامه تم انشاء كاءن استخدام عباره شكل ديناميكي كومه تم استدعاء مدمر خاص تطبيق عامل مءشر كاءن عاده تحدث هٰذا عمليه داخل مدمر اخر عاده مدمر كاءن مءشر ذكي ,10
لد ناريمان حكم عام قونيه والد حكم موظف محطه سكه حديدي ناريمان والده سن مبكر درس ناريمان تعليم ابتداءي مدرسه هرك تعليم اعدادي مدرسه ايرينكوي بنت اكمل تعليم ثانوي مدرسه استقلال اسطنبول التحق قسم قانون اقتصاد فلسفه جامعه اسطنبول لٰكن كمل دراسه هٰذا قسم ,14
حياه ماعز ماليميه تقرا ادوجيفيتام انجليزيه فيلم درامي هندي صنف فيلم بقاء قيد حياه صدر لغه ماليمي كتب اخرج شارك انتاج بليسي فيلم انتاج دولي مشترك ضم شركه هند ولايه متحد سيناريو فيلم مقتبس روايه يوم ماعز مبيع عام قلم رواءي هندي نيمان تغير حبكه درامي روايه استند قصه حقيقي عامل مالايالامي ولايه كيرلا جنوب هند يدعي نجيب محمد جري استغلال عرض ظرف صعب مرير اجبر رعي غنم منطقه صحراوي معزول قدوم سعوديه انتهي اخير هروب ترحيل بلد احده قصه عامل عاش ظرف مشابه صحراء اورد منتج فيلم فيلم بطوله بريثفيراج سوكوماران جيمي جان لويس ار جوكول دور رءيسي طالب البلوشي ريك ابي امالا بول شوب موهان دور مسانده ,14
هندوسي اكبر دين دارمي عالم دين عد معتقد مسيحيه اسلام تراوح عد هندوس عالم مليون مليار شخص ,13
قعي شاهد ايض شراكه منصه نظام اشتراك اسرع نمو منطقه اسيا محيط الهادء متخص فيلم وثاءقي واقعي شان ساعه ضم هٰذا شراكه مكتبه ضخم احتوي ساعه افضل فيلم وثاءقي برنامج تلفزيوني واقعي حاصل جاءزه عالمي مختلف اضافه استحسان تصنيف نقده مسابقه مهرجان عالمي شاهد شركه سامسونج ابرام شراكه تقديم مسلسله فيلم عميل سامسونج استمتاع احدث محتوي ترفيه عربي جهاز سامسونج ذكي تلفزيون امسونج ذكي توفر تطبيق شاهد بقيه جهاز ابل الكتروني ,12
تم بناء مسجد ادينا عام يد سلطان اسكندر شاه سلطان سلاله الياس عد مسجد ادينا اكبر مسجد شيد قاره هندي مسجد وحيد ولايه البنغال مبني عماد وقع مسجد كيلومتر مدينه مالدا طول طريقه رءيسي مءدي البنغال رجح سلطان اسكندر شاه بني كرمز بصر جسد انتصار حاكم دلهي راز شاه توغلوغ يوم عد مسجد معظم حاله خراب ضر لحق جراء زلزله ضرب منطقه قرن قرن ,7
طلب شيخ ازهر احمد الطيب دكتور مشروع قانون لبيت زكاه مصري مخط انشاء عام قدم مشروع متكامل خلاصه جهد سنه عمل مركز صالح كامل اقتصاد اسلامي مشروع مقترح قانون زكاه تصور كامل تحصيل توزيع زكاه اظهار جانب شرعي اداري جانب اخر اعتمد مشروع قانون جمع زكاه طاعيه اشرف دوله خلال مءسه ديني زاره وقف توزيع شكل مستقل شفاف ,13
قرن هجري ميلادي تم فتح اسلامي مغرب افريقيا زمن خلافه اموي لٰكن حكم اموي دم طويل انفصل مغرب خلافه اموي ثوره قاد ميسر المطغري عرف ثوره بربر سنه ميلادي تاس عده اماره امزيغي مسلم اماره بورغواطه نكور بنو مدرار نصف قرن دوله شريف الادارسه عهد سلاله المرابطين موحد تم قضاء اماره محلي توحيد مغرب سطو سيطره بلد مغرب اندلس تلاها حكم سلاله سعدي بلد علوي عام ان ذٰلك سلاله حاكم مغرب ,7
مر سنه حصل انهيار قب جانب شمالي شرقي مسجد جدار حاله متهالك سقف وشك انهيار كثير مكان مسجد معلم حد هتا منظمه مسح اثري هندي ترميم دوره لعب الكومنولث عام بدا عمل صيانه داخل مسجد خبير تراث دلهي قلق عمل ترميم مسجد ذٰلك لان مقتني عصر قديم ,7
بدايه تعامل دنمارك المانيا معامله جيد خضع حكم المانيا لٰكن داخل زال حكم ذاوتي خلال معارضه متزايد مءسه معرض شعب دنماركي سياسه قمعي فرض المانيا امر ادي حل حكومه فرض احتلال عسكري الماني كامل عام النرويج فرض لمن انشاء حكومه صوري رءاسه فيدكون كويزلينج لٰكن نقص دعم مقدم خضع بلد كامل تم تاسيس المانيا اسم رايسكومساريات شكل جماعه مقاومه مسلح سواء نرويج دنمارك معارضه محتل الماني متعاون نطاق محلي ,7
هٰذا خوف قلق تجنب حدث مده قل شهر سب ذٰلك اعاقه جوهري اكلينيكي اجتماعي مهني اكاديمي موضح اضطراب رهاب اجتماعي ارتبط عد عاقبه سيء الهرب تغيب مدرسه انخفاض عمل انتاجي افتقار علاقه اجتماعي اعاقه مارسه نشاط ترفيهي انخفاض جوده حياه شكل عام فت اضطراب ارتبط عدم زواج عزوبيه طلاق عدم انجاب تجنب تفاعل ,11
شمل دراسه تاثير كيمياءي ناتج امتصاص اشعاع داخل حيوان نبات حي ماده اخر تحكم كيمياء اشعاع كثير بيولوجيا اشعاع اشعاع تاثير كاءنه حي مستوي جزيءي شرح ذٰلك طريقه اخر اشعاع ماده كيمياءي حيوي داخل كاءن حي تغير جزيه حيوي كيمياء تحدث داخل كاءن حي كاءن حي امكن ادي هٰذا تغير كيمياء نتيجه بيولوجي نتيجه ذٰلك ساعد كيمياء نوي شكل كبير فهم علاجه طبي علاج اشعاعي سرطان مكن هٰذا علاجه تحسن ,6
امزيغ اسم ذاوتي حالي الامازيغيه البربر مجموعه اثني ساكن اصلي افريقيا تحديد منطقه مغاربي قطن الامازيغ اساس مغرب جزاءر تونس ليبيا موريتانيا مالي النيجر جزء صغير غرب مصر اضافه جزيره الخالدات توزع الامازيغ محيط اطلسي واحه سيوه مصر بحر متوسط نهر النيجر غرب افريقيا ناحيه تاريخي تحدث شعب الامازيغيه لغه الامازيغيه فرع عاءله الغات افريقي الاسيويه حوالي مليون امزيغي زال تحدث ,12
عرف روفس نموذج حداثه ملتحمه امتد كطبقه طلاءي روفس شخص عرف حجره داخل حجره قرنيه عدسه ملوء ماء حجره اخر عدسه شبكيه طبيب يوناني جالين اصلح خطا انحناء القرنيه عدسه طبيعه عصب بصري وجود حجره خلفي رغم هٰذا نموذج تقريب صحيح حديث احتوي خطا ظل هٰذا نموذج اتي فيزالس اكتشف جسم هدبي الصلبه عيني غلاف مشيم قرنيه التقي نقطه حجره اثنتان امتلك ساءل عدسه متصل غلاف مشيم جالين استمر مفهوم قناه مركزي لٰكن قطع عصب بصري صلب جالين عضله صريه مخطء اكتشف قناه دمعي ,11
 منح جمعيه وطني تركي اكبر قب غازي عني محربه قديم جريح دلاله ديني اسلامي هزيمه قوه اسلامي منح رتبه مشير انجاز خلال فتره حكم هٰذا وقت فصاعد نادي اسم غازي مصطفي كمال اقر جمعيه وطني اكبر حاجه تسجيل استخدام لقب وراثي ثابت تم اقتراح قانون لقب دخل حيز تنفيذ اصدر مجلس قانونا خاص منح مصطفي كمال قب اتاتورك ترجم حد اتاتور كلقب فريد ,13
نظر لكون كلمه ثقافه كبير دلاله واسع ضاق استيعاب نطاق الغوي اصل كلمه نظر لكي هٰذا كلمه لفظ معنوي صعب باحث تحديد شان ذٰلك شان لفظ تربيه مدني معرفه ذٰلك مصطلح جري السن وضوح مدلوله ذهن مستعمل ضوح ميز اختصر ثقافه شكل شكل شمل شتي مجال حياه شمل تاريخ ادب طب هندسه حساب معني اخر المام معرفه ,12
اعتبر انجيل مصدر رءيسي تبع حياه يسوع ضعه مءلفات اخر ذكر اطلق عام اسم انجيل منتحل ذكر ايض شكل عرضي مءلفات خطيب رام شيشرون انجيل لد يسوع بيت لحم خلال حكم هيرودس كبير امكن تحديد تاريخ ميلاد دقه اغلب باحث حد عام ميلاد اتفق لوق انحدر سبط يهوذا سبيط رءيس اسباط اسراءيل اثنان ذٰلك اتفق هٰذا ولاده تم شكل اعجازي تدخل رجل عرف هٰذا حدث كنيسه اسم ولاده عذراء رغم لد بيت لحم قضي اغلب سنه حياه ناصره ,13
تحدث يزيدي اساس لهجه الكرمانجيه كردي استثناء ايزيديه بلده عشيقه بحزاني قرب موصل تحدث عربي صلوه دعاء طقس دين لهجه الكرمانجيه كردي كتاب ديني قديم مكتوب لغه سرياني لغه قديم خاص اندثر مرور زمن ذكر القس اسحاق البرطلي يزيدي اعتقد لغه كردي افضل لغه لغه الٰه كلم ادم اكبر قبيل الهبابات مسقوره عمره عبيد هراقي شهوان حيالي جحش قبله مركز ديني اساسي لالش ضريح مقدس شيخ عدي بن مسافر عراق قسم مجتمع اليزيدي طبقه شيخ بير مريد حرم زواج طبقه يزيدي موحد واجه شمس صلوه امن تناسخ روح ملاك اعتبر زمزم مكان مقدس صام اليزيديون اربعون يوم سنه بدايه شهر,13
عام حاز ايلا كوتلو جاءزه روايه مادارالي ذٰلك روايه طاءر مهاجر ذٰلك انفصل زوج ذٰلك كرس حياه لفن حكي روايه قصه حياه مثقف عثماني ذٰلك خلال قسم عكس كثير نساء عام نشر ايلا كوتلو روايه فتاه امير صفه تكامل روايه عنوان طاءر مهاجر ,14
ايلا كوتلو كاتبه تركي ولد عام عد راءد ادب نساءي احتل مكانه عام ادب تركي لقد اضاف ايلا كوتلو عمل تطور تاريخي اجتماعي مجتمع تركي ذٰلك حينما روت وفسرت حدث نفسي ذاوتي اجر السيناريو عمل ايلا كوتلو حاز عديد جاءزه هام ادب تركي حال فيلم سينماءي ,14
هٰذا صدور حصل افضل مطربه منفرد خلال جاءزه فراشه ذهبي حصل اغن رمي التوتو فعل اكبر تصويت حفل لٰكن قال جوكه شا عمل مطربه مده سنه حصول جاءزه هٰذا جاءزه فخر كبير ذٰلك عام لسي جاءزه قناه فقط اساس رفض خروج هٰذا البوم عام ماضي ,14
قاهره عاصمه جمهوريه مصر عربي اكبر اهم مدينه اطلاق عد اكبر مدينه عربي تعداد ساكن مساحه احتل مركز افريقي عالمي تعداد سكاني بلغ عد ساكن مليون نسمه احصاءي عام اجمالي تعداد ساكن مصر مليون نسمه ,9
امكن وضع تعريف عام كيمياء جناءي استخدام تحليل كيمياءي مختلف نوع عينات اثر مادي تعرف طبيعه مكون مدي انتماء شخص تسخير ذٰلك خدمه عداله عاده ارتبط كيمياء جناءي قانون رجل نوعيه جه حكومي افترض انسان متخص جناءي صفه خاص كيمياء جناءي مركز شرطه دفاع مدني مبحث عام استخبار محكمه وزاره صحه بلديه شان قروي ,6
كيمياء تحليلي دراسه تركيب كيمياءي ماده طبيعي اصطناعي اهتم تقدير كمي نوعي عنصر مركبه مكون ماده مراد تحليل خلاف فرع اخر كيمياء كيمياء الاعضويه كيمياء عضوي كيمياء تحليلي محصور نوع محد مركبه بنع معين تفاعل كيمياءي خواص درس كيمياء تحليلي تضمن خواص هندسي شكل جزيه توزع ذره خواص تركيب تحديد مكون عنصر تطور كيمياء تحليلي يد كيمياءي تحليلي سهم تطور تقدم كثير اخر كيمياء حياه فرع ارض تربه تطوير نظريه منهج بحث حته تطوير تطبيق تطبيق طبي حيوي بيءي مراقبه تطور بيءي مناخي تاثير انسان بيءه رقابه جوده صناعه خاص صناعه دواء تحليل جيني وراثي بحث حي طب جناءي ,6
نهايه عام طلب اتحاد سوفي فنلندا سلسله تعديل اقليمي شان ساعد دفاع مدينه لينينغراد اقترح بيع جزيره هانكو مده عام وقع جنب جنب مركز وقع ساحل استونيا بلديسكي منع وصول خليج لينينغراد سفينه المعاديه وطب ازاله حد كاريليا وضع مدفعيه ثقيل خارج نطاق لينينغراد مراقبه تسامو ميناء فنلندي وحيد بحر ابيض اعتبر تهديد محتمل مرفا مورمانسك سوفياتي ,7
عام سافر ولايه متحد امريكي عرض عمل مسرحي لٰكن عرض عمل سب مشكله شركه منتج خلال اقامه عرف رجل مقيم ولايه متحد تزوج دفع ابتعاد فن سنه طويل استغل هٰذا فتره اكمال دراسه حصل درجه بكالوري مختبر طبي اضافه دبلوم عالي مساعد جرح عمل مستشفي امريكي عراق عام غياب دام عام ذٰلك عقب استشهاد شقيق اصغر حيدر قتل خلال معركه الضلوعيه ,14
صاغ عرب محدث مصطلح غوي دل شبكه انترنت الشابكه معمام شبكه ترجمه كلمه نت شبكه دولي اسم معرب صوتي انترنت شيوع انكليزي نحي كلمه بادء عني بيني كلمه عني شبكه ذٰلك وصف جوهر شبكه انترنت شبكه شبكه شبكه شبكه شبكه شبكه نظام بروتوكول موحد وصل شبكه مستقل متباينه ,10
مسجد غوريبالايام اكبر مسجد غوريبالايام جزء مدينه مادوراي احتوي مسجد قبري سلاطين دلهي حضره سلطان علاء الدين سيد خاجه دوشا الرازي حضره خاجه طاريه سيد شمس دين سلاطين مادوراي قبر اخر مري قبر حضره خاجه سيد سلطان الدين الرازي معروف اسم سلطان غيبي احتوي مسجد قبه بلغ قطر قدم متر وطول قدم متر مصنوع كتله حجر تم جلب تلال زهج اقال مسجد تم بناء واسطه ثيرومالي ناياك راعي رعيه مسلم ,7
امكن استخدام هيدروكسيد صوديوم تميز مشتق قاعدي ملح ملح كلوريد حديد كبريتات نحاس ملح امونيوم ترسب راسب ون ميز هيدروكسيد فلز ذاب ماء تصاعد غاز ميز براحه حال ملح امونيوم تصاعد غاز اموني نشادر راءحه نفاذ كسير قاعده تفاعل حمض اتحد هيدروكسيد سالب هيدروج موجب حمض تكون ماء عرف تفاعل تعادل ذٰلك اختفي خواص حمض قاعده ,6
رهاب شكل شاءع اضطراب قلق توزيع متجانس عمر جنس جد دراسه امريكي معهد وطني صحه عقلي اميركي عاني رهاب مرض عقلي شيوع نساء فءه عمري مرض شيوع رجل اكبر سنه طفل عاني رهاب فتره محد خلال حياه رهاب اجتماعي عاني طفل مراهق ,11
اعتقد اليه انتيكيثيرا حاسب تناظري الي معروف تم تصميم حساب موقع فلكي تم اكتشاف عام حطام سفينه انتيكيثيرا شاطء جزيره يونان كيثيرا كريت عمر حوالي ميلاد ظهر مصنوع تكنولوجي هٰذا نوع تعقيد قرن عندما ظهر ساعه فلكي اوروبا قرن ميلاد ظهر عربه ثناءي عجله عمل كبوصله تاريخ صين اليه ترسي استخدم ترس تفاضلي تم استخدام ذٰلك حاسب تناظري اخترع صين منطقه عداد تعقيد حوالي قرن ميلادي عرف اسم عديد صيني ,10
بدا جاك تمثيل سن مسرح مستقل دور سينما عالمي فيلم بدايه اتمان ظهر مشهد صغير سطع نجم جاك عندما ادي دور ملك جوفري براثيون مسلسل ملحم صراع عرش رشح عده جاءزه اداء هٰذا دور مءس شركه مقر دبلن ,14
لٰكن طبقه كتاب عصر صحابه عصر مءلف رتبه الحافظ ذهبي كتاب طبقه اربعون طبقه تقريب هٰذا اسلوب عرض تراجم حافظ ذهبي اختلف كتاب تراجم عد طبقه اتفق طبقه طبقه صحابه مجلد اخير ذكر طبقه ,0
اعتبر ملكه موريطني تنظيم سياسي حكم ملوك محلي مغرب قديم سنه ميلادي تعرض ملكه غزو روماني استقلال حكم الباكوات المور الامازيغ المسيح تعرض منطقه غزو وندالي بيزانطي ,7
اعتبر تكنولوجيا مهمه لان استخدم مجال حياه عملي عندما تامل روتينك يومي حصي اداه تقنيه استهلك يوم فقط ادرك مدي اهميه تقنيه استخدام هاتف مشاهده تلفاز قياده سياره استخدام حاسب اله كهرباءيه واقع يوم يوم ازداد اعتماد تقنيه سواء خلال تواصل مواصله بحث معلومه تسليه ,4
رءيس جمهوريه قاءد عام قوه مسلح المشير عبد سلام عارف راقب اهتمام كبير مارسه حرس قومي اصدر امر قاءد جيش قضاء حرس قومي ضابط جيش شكي تصرف مارسه هٰذا حرس متلهف تخلص ميليشيات حرس قومي طري قطعه جيش ساند دبابه اليه مدرع يوم مقر عام حرس ودار معركه عصر يوم تمكن جيش قضاء حرس قومي اعتقال معظم قاءد حزب البعث راس رءيس وزير احمد حسن البكر انتهي عهد حزب البعث تشتي تنظيم اصدر عبد سلام عارف صبيحه بيان بشر عراقي قضاء حزب البعث وحل حرس قومي وصف عارف حرس لاقومي ,7
طريقه شيوع قياس تسم كحول غرض قانوني طبي خلال قياس محتوي كحول دم سمي تركيز كحول دم مستوي كحول دم عبر ذٰلك كنسبه كحول دم وحده كتله كحول حجم معين دم كتله كحول كتله دم هٰذا اعتمد بلد سبيل مثال امريكا شمالي عني نسبه كحول دم ٪ غرام مليلت دم غرام كحول ديسيلتر دم ,12
جغرافيا عد ذٰلك اهتم وصف ظاهره صف سطحي بعيد واقع ذٰلك تخص تماشي تطور علمي حديث معتمد تحليل قياس ربط استخدام نموذج نظريه حديث ذٰلك اتجاه تطبيقي عرف يوم جغرافيا كميه جغرافيا تطبيقي رفض استمر بعيد انشغال اكبر انسان ذٰلك امتاز جغرافيا قدره تاقلم مختلف وصل متين هٰذا سخر خدمه خدم ماز شهد سنه اخير تحولات كبير منهج جغرافي المحتوي علمي كذٰلك اسلوب اعتمد تحقيق هدف غرض سب هٰذا تحول طرا المحتوي بشري تطور كبير جغرافي عالج موضوع معروف ,9
مسجد جامع سمي امام اهل سنه جماعه بارلوي مسجد مسجد سيط جد حجر رملي احمر قليل زخرفه رخام ابيض استخدم لون ازرق طلاء جدار سق اعتبر مسجد مبني ضخم وسط مدينه اغره محاط بازار كبير مسجد خالي تمام ساءح شخص فقط اصلي طفل صغير درس مدرسه قران ,7
تره شب سلوك وقاءي مقابل تطور ايجابي برنامج مهاره حياتي ركز تعليم وقايه سلوكي معهد بحث هٰذا برنامج امكن فعال نسبي بناء بحث مكتب خدمه اسره شب قسم ولايه متحد ايد وزاره صحه خدمه انساني نظريه تنميه شب ايجابي كبديل برنامج وقاءي فعاليه اتي تنميه شب ايجابي معروف تركيز نقطه قوه فرد بدل اسلوب قديم مال تركيز ضعف امكان تم عرض مكتب خدمه اسره شب فرد طور مهاره حياتي طريقه ايجابي بدل وقاءي طريقه شعر اكبر احساس كفاءه منفعه مقدره انتماء ,12
حمض امينوبنزويك عرف حمض يارا امينوبنزويك بابا اختصار ذره كربون رقم حلقه بنزين عرف موقع خذه موقع بارا مركب عضوي صيغه جزيءي ماده بلوري ون ابيض رمادي ذاب جزءي ماء تكون حلقه بنزين تم استبدال ذره هيدروجين حل محل مجموعه امين كاربوكيل عضوي ,6
برمجه موجه كاءنه مدمر اختصر طريقه تم استدعاء ميكانيكيا تحرير ذاكره كاءن امكن حدث ذٰلك عندما مده حياه مرتبط نطاق تنفيذ نطاق عندما تم تضمين كاءن اخر انتهي مده حياه عندما تم تخصيص شكل ديناميكي تم اصدار غرض رءيسي تحرير مورد تخصيص الذاكره ملفه مفتوح مقبس اتصال قاعده بيان قفل مورد ذٰلك تم حصول واسطه كاءن اثناء حياه الغاء تسجيل كيان اخر احتفظ المراجع عد استخدام مدمره ضروري عمليه تهيءه اكتساب مورد ,10
عد مسيحيه اكبر دين معتنق بشريه بلغ عد تبع مليار حوالي ثلث بشر ذٰلك مسيحيه دين اغلبيه سكاني بلد اصل بلد عالم عرف تبع اسم مسيحي جذر كلمه مسيحي اتي كلمه المسيح عني وقع دهن مسوح بالد مقدس عرف ناطق عربي اسم نصرانيه كلمه ناصره لده المسيح نشا مسيحيه جذر بيءه يهودي فلسطيني خلال فتره يهودي هيكل متاثر هلنستيه قرن ميلادي مقاطعه يهودا روماني اجتذب ادي ابتعاد عاده يهودي تدريجي سقوط قدس عام يهودي قاءم هيكل ,13
غالب تم تدريس مهاره حياتي مجال تربيه طفل شكل مباشر خلال ملاحظه تجربه طفل شكل مباشر غرض تعليم مهاره محد امكن الاخذ اعتبار تدريس مهاره تعامل حمل كيفيه تربيه طفل مجموعه مهاره حياتي امكن تزامن تعليم ابوه امومه هٰذا مهاره حياتي مهاره حياتي اضافي تطوير طفل توفر عديد برنامج مهارات حياه عندما انهار هيكل اسري تقليدي علاقه صحي سواء ذٰلك سب غفله والد طلاق سب مشكله طفل تعاطي مخدر سلوك اخر خطر منظمه عمل دولي مهاره حياتي طفل عامل سابق طفل معرض خطر اندونيسيا مساعده تجنب اسوا شكل عماله طفل ,12
عد حضاره صيني احده اقدم ثقافه عالم منطقه اهام ثقافه غطي منطقه جغرافيه كبير شرق اسيا بعادات تقليد متفاوت جد محافظه مدينه قريه اهم مكون حضاره صيني ادب الموسيقي فن بصري فن دفاع ماكول دين ,12
نابليون بوتي اكتور هوغو قال ان حصل صوت مقابل اعلن ساوي خط مستقيم اطول طريقه جزء حصول مليون مليون مليون صوت تقدم خطوه هوغو رد وقت سابق فكر فرنسي سيس كتاب عقار استخدم هٰذا عباره بناء ذٰلك ادعي وفق دستور فرنسي اصل مليون مواطن شكل ثلث اراده مشترك تعليق فقط مكن ادعاء ساوي ,8
خلال دراسه رحله غل اتش ام اس داروين فكره مدي اهميه طير غالابوس لقد كيفيه حفاظ عينات طير جامعه ايدن برق حريص قنص خبره طير تركز هٰذا مرحله رحله ارض غالابوس معظم طير مقنوص خادم سيمز كوفينتجون ذٰلك هٰذا طير دور هام نشاه نظريه داروين تطويري واسطه اختيار طبيعي ,14
تم تصميم مصدر مري داخل استخدام مصم هدف امكن مبرمج انشاء شجره خطوه خلال تفاعل مكون لغه مرءي داخل مصدر مري مجموعه هدف هدف احتوي شجره خطوه خطوه عقده داخل شجره خطوه احتوي نموذج ادخال بيان استخدم شجره خطوه لون مبرمج نوع خطوه سمح خطوه احتواء خطوه فرعي بينما سمح خطوه اخر ذٰلك خطوه تعليق مبرمج شجره خطوه مبرمج عد امكن علاقه العقده عقده اخر جوار احتوي امكن مبرمج تعمق عندما تفاعل شجره خطوه امكن مبرمج استخدام احتوي قيام عمليه مجموعه خطوه عقد وقت تحريك اعلي تحريك سفل قص نسخه حذف امكن مبرمج استخدام مصم نموذج تصميم واجه مستخدم امكن مبرمج استخدام زمني امكن معرفه وقت انشاء خطوه تاريخ وقت امكن تحرك طول زمني رءيه خطوه فقط مرحله اثناء عمليه تطوير داخل مصم هدف امكن مستخدم استخدام ماوس لوحه مفتاح تحديد مكون مرءي انشاء خطوه جديد شجره خطوه استخدام ماوس امكن استكشاف بيءه رءيه مكون جاهز استخدام استخدام لوحه مفتاح كتابه اسم مكون امكن مبرمج حصول مكون سرعه بدء استخدام ,10
عد تطبيق تقنيه النانو سعه مجال دخل كثير مجال صناعي عسكري طبي زراعي سبيل مثال مجموعه كبير ماده خام تم تحسين احداث تغير خصيصه فيزياءي حجم صغير نانوي استفاد جزيه نانوي سبيل مثال زياده بينه مساحه سطح نسبه حجم خواص بصري فلوري ظيفه قطر جسيم عندما تم دمج ماده كتلي جزيه نانوي اثر شده خواص ميكانيكيه ماده صلابه ليونه سبيل مثال امكن تدعيم بوليمره تقليدي خلال استخدام جزيه النانويه موجود ماده جديد استخدم كبداءل خفيف وزن معدن نتيجه ذٰلك امكن توقع زياده فاءده اجتماعي جسيمه نانوي تمكن ذٰلك ماده مدعم نانوي تقليص وزن المصاحب زياده ثبات تحسن وظيفي هٰذا اضافه تقانه النانو عملي صوره ضروري قدره متزايد تعامل دقه ماده وفق مقياس مستحيل مسبق موفر ذٰلك مجموعه امكان لاخرين مسبق تخيل لذٰلك مدهش مساحه قليل تقانه بشري استثن فاءده ناجم استخدام تطبيق تقنيه النانو ,4
ماده جالب اكتءاب تسب اكتءاب مركزي مخدر مركبه ذاوتي تاثير قل مستوي توصيل عصبي خفض قل استثاره تحفيز عصبي منطقه مختلف دماغ اشار عقار مسبه اكتءاب اسم مهدءه لان قل مستوي اثاره استخدام ماده منشط استخدم ماده منشط زياده طاقه عقلي وظيفه جسدي تالي اعتبر ماده منشط ضد وظيفي مركبه مسبه اكتءاب ,11
اس مدينه كنعاني قرن ميلاد احتل كثير غزاه فراعنه اغريق رومان بيزنطي عثماني انجليز عام ميلادي دخل مسلم عربي مدينه مركز اسلامي مهم قبر هاشم بن عبد مناف جد نبي محمد بن عبد اله ذٰلك سمي غزه هاشم مسقط راس امام شافعي لد عام ميلادي اءمه مذهب مسلم سنه ,7
سلسله قناه ظبي اسيا رياضي فرع سلسله اصلي قناه ظبي رياضي اماراتي تم انشاء حديث خلال عام جاري بث شكل محدود نطاق جوده عالي وصل داخل حد دوله اماره عربي متحد خص نقل مباراه منتخب عربي واقع منطقه اسيا خاص مباراه منتخب اماراتي كره قدم منتخب سعودي كره قدم نقل مباراه فرقه عربي بطوله دوري بطل اسيا كره قدم موسم حالي بدا قناه بث مباراه عبر شاشه بدء دوري مجموعه موسم دوري بطل اسيا صلن نهاءي دوري بطل اسيوي اكد قناه عربي بث مباراه عبر شاشه شكل مجاني ,1
خليج بوثينا اشراف قوه بحري سويدي فنلندي نظم هٰذا اخير حقل كبير الغام مراسله جزيره الاند اغلق شكل جزءي طريق خليج بحري نقل حديد المانيا ميناء بوليا وقع خط عرض غالب مدمره سويدي رافق بضاعه دفاع هجمه تحدث رغم هٰذا سفينه ارفرف سويدي سبيل مثال وقع حدث مشاب اداجورتون عام ,7
ثقافه مسيحي تاثير كبير حضاره حديث تاريخ بشري مختلف صعاد عب مسيحيه دور بارز تطوير حضاره غربي امتد تاريخ عالم مسيحي قرب عام تضمن مجموعه متنوع تطور اجتماعي سياسي فكري اضافه تطور فن العماره ادب فلسفه تعليم تكنولوجيا عصر استكشاف قرن انتشر مسيحيه امريكت اوقيانوسيا افريقيا جنوب صحراء بقيه عالم خلال عمل تبشيري تجاره واسع استعمار اوروبي رغم انخفاض معدل التزام غرب زال مسيحيه ديانه ساءد حوالي ساكن عالم غربي مسيحي نما مسيحيه افريقيا اسيا مطلع قرن انتشر مسيحيه سرعه بلد جنوب عالمي ,13
بدا دراسه الاهوت الالهيات جامعه كوبنهاغن ذٰلك قانون تاريخ لغه مهتم شكل خاص اهت كمهنه حصل اتيستي شبيه درجه بكالوري يوم منح حق عمل ك حاول حصول بكالوري ماجسه دكتوراه هٰذا موضوع عمل استاذ جامعي اهت كاهنا سقف يوم شب هولبرغ شاءع دراسه اهت تخص فق ميل فرد سبيل مثال يوناني اتيني فلسفه تاريخ محامي وجب درس خارج عام افتح قسم لنيل درجه محامي دنماركي جامعه كوبنهاغن درجه استمر منح مده عام بقي كتابه هولبرغ ماده شاءع قراءه طوال هٰذا وقت هولبرغ رسمي استاذ مساعد عمل اجر منصب متاح تدريس الميتافيزيقيا وراء طبيعه وقت لاحق استاذ جامعي درس بلاغه لاتيني اخير حصل درجه استاذيه موضوع قدر كثير انتاجيه تاريخ ,14
قانون كامبرد اضع سنه جامعه كامبريدج اثر بارز تطوير رمز لعبه كره قدم كتب قانون كامبرد كليه الثالوث جامعه سالفه ذكر خلال لقاء مندوب كليه ايتون مدرسه هارو مدرسه الرجبي مدرسه ينتشستر مدرسه شروسبري هٰذا قانون تبني جامعي اثناء خمسينات قرن تشكل عديد نادي مرتبط مدرسه جامعه عالم متحدث انجليزيه ترفيه منتسب عبر لعب شكل مختلف كره قدم هٰذا نادي ابتكر قانون خاص لعبه ابرز نادي شيفيلد كره قدم نهايه مطاف جزء اتحاد شيفيلد هالمش كره قدم سنه ابتكر جونز تشارلز ثرينغ عام مدرسه ابنغ هام مجموعه قانون مءثر لعبه ,1
تم انشاء برنامج حصول درجه هندسه حاسب ولايه متحد عام جامعه كيس وسترن ريسرف كليفلاند اوهايو اعتبار عام برنامج هندسه حاسب معتمد اكاديميه هندسه تكنولوجيا ولايه متحد اوروبا تم اعتماد كليه هندسه حاسب واسطه مجموعه متنوع وكاله كجيز شبكه اوروبي ضمان جوده تعليم معلوم نظر زياده متطلبات عمل مهندس استطاع وقت تصميم جهاز برمجيه برنامج ثابت اداره شكل نظام حاسوب مستخدمه صناعه قدم مءسه تعليم عالي عالم درجه بكالوري سمي عموم هندسه حاسب شمل برنامج هندسه حاسب هندسه الكتروني تضمن تصميم داءره تناظري رقمي حال معظم تخص هندسي وجود معرفه سليم رياضي امر ضروري مهندس حاسوب ,10
طب لاتيني معني فن علاجه جمع خبره انساني اهتمام انسان اعتري اعتلال مرض اصابه نال بدن نفسيه محيط عاش حاول ايجاد علاج شقي دواءي جراحي اجراء مريض تناول طب ظرف شجع حدوث مرض طريقه تفادي وقايه جانب هٰذا اهتمام ظرف وضع صحي محاوله تحسين ,11
عام اصدر امل البوم عرف اسم مرحبا خرج غناء مسرح معجزه مسرح غناء غنيه نلتقي خطيءه سيز اكسو تلحين الغات هٰذا هدف مبدا البوم امل اغن سردار اورتاش دوغوش غناء مره اخر ابقي معي لحن البومه قديم عمل دويتو غناءي تشغري ,14
سيره تاريخ حياه ترجمه حياه عرف ذٰلك اسم بيوغرافيا كلمه عربي اتي اغريقي طريق الاتينيه كتابه سير ذاوتي حساب زمني تعليم خبره معرفه علمي عملي مركز تحق صاحب سيره غالب شخصيه كتاب مشهور اعلامي مخترع لجء حساب زمني مختزل قراءه سير ذاوتي لان مسيره شمل سيره عادي شخص مقصود اشتمل سيره قصه حياه مركز محطه مختلف انتقل صاحب سيره تبدل ظرف فكر انتاج ,12
التحق تماره محمود معهد فن جميل عام خلال دراسه عرف مخرج حامد صالح عرض مشاركه مسلسل عمر بن اب ربيعه عمل ذٰلك قدم عديد عمل لٰكن انطلاقه فعلي شهره واسع جاء مشاركه مسلسل رجل ظل جسد دور سوزان جانب فنان حسن حسني عالم هيبه بدور سحر تالق مسلسل هيستريا دور غسق مشاركه فنان حكيم جاسم اضافه تمثيل قدم برنامج منوع تلفزيون شب عز حضور اعلامي ,14
تكون اسكندافيا جغرافي السويد النرويج فنلندا متحد دنمارك طريق روابط تاريخي قوي كون جزء مهم استثناء جرينلاند وقع اوروبا قاري الدانمارك سيطر جنب جنب السويد قناه اوريسند وابه دخول بحر البلطيق محور هام اقتصاد اوروبا بعدما المانيا قناه كيل عام توسع ذٰلك عام سمح انتقال سريع بحر بحر البلطيق ,9
تاريخ قيام دراسه اعتمد حقيقه ماضي تبع سابق حدث دراسه ظرف سياقه تاريخي تفسير منهج بحث تاريخي مجموعه طريقه تقنيه تبع باحث مءرخ وصول حقيقه تاريخي اعاده بناء ماضي وقيعه زاويه زمان مكان تبع ذٰلك منهج تاريخي احتاج ثقافه واعي تبع دقيق حركه زمن اثر صوره مباشر مباشر نص تاريخي هٰذا وجب ارتباط منهج مستوي نقد مرحله مثل تفسير تاويل تنقيح حكم نظر عنايه جاد نص كرءيه قعاء ارتبط زمن عصر ,7
بدا انل ساين الموسيقي خلال عده مرحله بدايه عندما درس مرحله اعدادي اوزون كوبرو ادرنه خرج مدرسه شاب اناضول ثانوي بدا درس موسيقي يد معلم اليس روسنتهال عمل منير نور الدين سلجوق فتره فرنسا قسم يشتكاش قسم الموسيقي معهد الموسيقي لديه اسطنبول ,14
دراسه مجال جغرافي اكد وجود مكون كثير طبيعي بشري مترابط تميز تفاعل كثير حصل هٰذا مكون دور عالم جغرافيا حساس لذٰلك دراسه مجال جغرافي اقتصر موضوع حد ظاهره اخر مجال جغرافي شمل ظاهره مجتمع دراسه هٰذا ظاهره بحث منفصل قياس درجه تفاعل تعليل تحليل اهمال عنصر عنصر مجال ,9
نهر نيل رابط حقيقي غالبيه قبيل سودان قطن غالبيه اهل سودان حوض نهر نيل امتد اقصي جنوب اقصي مضيف مسه ثقافي خاص قبيله مر ارض اغن شعبي دار حول نهر نيل الفيضان عكس جزء اساسي ثقافه سوداني,12
اعتبر اداره بحث علمي اهم اداره مدينه ملك عبد العزيز تقنيه شرف بحث دعم مدينه جامعه مركز بحث ملكه تولي مسءوليه كامل اعلان استقبال مشروع بحث تطبيقي دعم مدينه مشروع بحث وطني رد مدينه دراسه امكانيه دعم اصدر مدينه عام هـ مجله تقنيه اضافه عد مجله عربي مترجم دعم نشر معرفه علمي مجله تقنيه زاد عمر سنه مجله تقنيه فتان مجله نيتشر عربي مجله اخر علمي تعاون سبرينجر نيتشر ,4
ذكاء اصطناعي ذكاء صناعي ذكاء صنعي انجليزيه سلوك خصيصه معين اتسم برنامج حاسوبي حاكي قدره ذهني بشري نمط عمل اهم هٰذا خصيصه قدره تعلم استنتاج فعل وضع ابرمج اله هٰذا المصطلح جدلي نظر عدم توفر تعريف محد ذكاء امكن عرف ذكاء اصطناعي ذكاء بدي اله برنامج حاكي قدره ذهني بشري نمط عمل قدره تعلم استنتاج فعل وضع ابرمج اله خلال امكن صنع حاسوب برنامج قادر اتخاذ سلوك بشري,10
جوزيف بوليتزر صاحب صحيفه عالم نيويورك امريكي اصل هنغاري اكبر ناشر صحيفه ولايه متحد سعي تفوق منفسه ليام راندولف هيرست ابتكر جاءزه بوليتزر تكريم انجاز مجال صحافه محاوله زياده ربح رفع بوليتزر سعر صحيفه اشتري اعه صحيفه متجول اثار غضب جاك داود قر تحفيز باءع صحيفه مانهاتن اضراب ادي غنيه عالم ذٰلك قسم فرقه توجه فريق حي مختلف نشر خبر اضراب باءع صحيفه متجول نيويورك حث انضمام حاول جاك بن يعقوب مواجه جوزيف بوليتزر شخصي مكتب لٰكن طرد سمح بليقاء ,14
سياسي شخص نشطون سياسي خاص سياسه حزبي تراوح منصب سياسي حكومه محلي حكومه ولايه حكومه فيدرالي حكومه دولي اعتبر قاءد حكومه ياسين عرف سياسي بلاغه حال خطب اعلان حمله انتخابي معروف شكل خاص استخدام موضوع مشترك سمح تطوير موقف سياسي مصطلح مالوف ناخب سياسي ضروره مستخدم خبير وسيله اعلام استخدم سياسي قرن صحيفه مجله كتيب شكل مكثف جانب ملصق انتقل قرن راديو تلفزيون اعلان تلفزيوني جزء تكلفه حمله انتخابي قرن انخراط وسيله تواصل اجتماعي قاءم انترنت هاتف ذكي ,8
التحق جوكه شا قسم فن كليه فن جميل جامعه يد تبه ناحيه اخر بدا غناء مجموعه موسيقي مقام انضم اثناء دراسه تخرج بعم جامعه بدا عمل مخرجه فني شركه اعلان خلال هٰذا فتره بدا عمل حفله فني مجموعه فني فتاه كون جوكه شا غناء عمل حفله كثير مكان فتره قرار شكل كامل استمرار عمل موسيقي اخراج فني شركه اعلان بدا لعب طبول فرقه مكون سيده ,14
اشرف وزاره تعليم عالي خلال مديريه عام كليه تطبيقي متنوع تخص موزع عد منطقه سلطنه عمان صلاله الرستاق صحار صوره عبري نزوي تم انشاء هٰذا كليه بدايه امر كليه متوسط معلم منح درجه دبلوم تربيه تبع وزاره تربيه تعليم موجب مرسوم سلطاني رقم تم نقل تبعيه هٰذا كليه وزاره تربيه تعليم وزاره تعليم عالي تحويل كليه تربيه منح درجه بكالوري تربيه ,4
ثقافه اسلامي مصطلح تعبير استعمل اغلب وصف مظهر ثقافي حضاري شاءع مرتبط تاريخي مسلم عالم اهم اطلاق ثقافه اسلامي جمع تاصيل شرعي وعي واقعي تاريخ امه حاضر مستقبل معياري واقعي ان كلي شمولي نظر اسلام شموليه عقيده مقصد فهم مر تاريخ دين اسلام انبثق قرن ميلادي بلد عرب انتشار هاءل سريع دوله اسلامي ثقافه اسلامي اثر تاثر ثقافه حضاره ثقافه بلد فارس ايران حالي تركيا بربر المالاي هند اندونيسيا امه حضاره دخل اسلام ,12
رغم ذٰلك هٰذا نظام غطي فءه اجتماعي تميز فءه واضح استغلال تجاري ثقافه صيني عهد اسره سونغ م تعليم صيني قديم تاريخ طويل زمن سلاله استعد مرشح متعلم امتحان امبراطوريه اختار خريج امتحان عمل حكومه كباحث بيروقراطي ادي انشاء جداره رغم نجاح متاح ذكور فقط امكن تقديم اختبار تحضيري تطلب امتحان امبراطوريه متقدم تابه المقالات اظهار تقن كنفوشي كلاسيكي حصد اعلي مستوي امتحان نخبه باحث مسءول معروف جينشي وضع اجتماعي اقتصادي محترم جد تطور بنيه اسطوري رءيسي حول موضوع اختبار اسطور امبراطوريه عاده المدرس صنيعه حرف كتب مءرخه كتاب عهد اسره هان اوجزت فضيله امراه التزم بينما عالم توسع بناء ,12
اعقب هٰذا عمليه عمل قفاز نفذ تمبر عندما احتل مجموعه قوه خاص كندي جزيره سبيتسبيرجين سفالبارد تدمير لغم تم وضع مخزونه فحم نفط حفظ عامل روسي نقل ارخانجيلسك جنب جنب معدات قابل ازاله بينما تم نقل سفينه محتجز بريطانيا اعظم خلال رحله عوده شاهد سفينه المدفعيه مدرس الماني يريمس غرق واسطه طارد نيجيري الخفيفوالي تضر دور اثر انفجار لغم ,7
اغاريت اوغاريت اوغيتي ملكه قديم سوريا كشف نقض تل اثري يدعي راس شمرا كذٰلك راس ابن هاني تبع محافظه لاذقيه وقع مسافه مدينه لاذقيه ساحل بحر ابيض متوسط ,7
اعتبر رياضي ضروري عديد مجال قدره وضع نموذج رياضي تمكن صياغه سلوك تنبء سلوك محتمل اشهر مجال استعمل نموذج رياضي طبيعي هندسه طب تمويل اجتماعي ادي رياضي تطبيقي تخص رياضي جديد تمام احصاء نظريه لعب تحكم امثل شارك عالم رياضي رياضي البحته وضع تطبيق ارض واقع لٰكن غالب تم اكتشاف تطبيق عملي بدا كرياضيات حته ,3
مءسه عمومي تلفزيون اهم جهاز اعلامي جزاءر مءسه عمومي طابع صناعي تجاري تمتع شخصي معنوي استقلال مالي موضوع وصايه وزير اعلام اضطلع مهمه رءيسي حد دفتر شرط موجب تابع ساءط اتصالي نشاط رسمي مءسه دوله تبليغ بث وفق اقتضي صالح عام بلد اضطلع مهمه توجيه اعلام اضافه ترفي تثقيف تم بسط سياده مءسه وطني تلفزيون عرف عده تحولات مءسه بث اذاعي تلفزيوني مءسه اذاعه تلفزيون غايه صدور مرسوم رقم مءرخ يوليوز موجب مءسه عمومي تلفزيون تواجد مقر شارع شهيد جزاءر عاصمه مءسه طابع صناعي تجاري ملك شخصي معنوي وزاره اتصال جزاءر عاتق مسءوليه تسير تحديد ميزانيه ,12
بدا هندسه حاسب عام ذٰلك عندما بدا جون اتاناسوف كليفورد بيري تطوير حاسوب رقمي الكتروني عالم معتمد فيزياء رياضي هندسه كهرباءيه جون اتاناسوف مدرس فيزياء رياضي جامعه ولايه ايوا كليفورد بيري خريج سابق هندسه كهرباءيه فيزياء معا انشاء حاسوب حاسوب اتاناسوف بيري معروف اسم استغرق سنه اكمال عمل تم تفكيك حاسوب اصلي تخلص اربعينات قرن تم تكريم مخترع تم عمل نسخه طبق اصل عام استلزم امر فريق باحث مهندس مده سنه حوالي بناء ,10
تنقل جمال وحشي عاده قطيع تعداد بعير شيوع انتقل قطيع اصغر راس حيوان ا مهاجر مجموعه متناثر كثافه انتشار قليل راس لكل كم تنقل هٰذا جمال وراء جمله ذكر رءيس مقدمه تجمع مقربه موضع ماء امكن مشاهده عديد قطعان عاش هٰذا جمال عمر وصل عام تزاوج خلال فصل شتاء بدايه موسم مطير جمال عربي امكن نوق وحشي انثان هٰذا حيوان بدا انجاب عمر سنه حمل جنين مره عام جمال وحشي تنقل وحد عاده ذكورا صغير انفصل قطعان حديث بلوغ جنسي ,12
نهايه حرب عالمي تم تعديل قاصفه ربط مدينه اوروبي اكبر رحله جوي شركه هنري فارمان تنظيم رحله راكب باريس لندن دام ساعه دقيقه رحله جوي ربط سان فرانسيسكو بنيويورك شركه طيران معني حقيقي كلمه امريكان ,2
نشر البومه شكل سديهات وكاسيت قدم ايض البوم نوستالجيا توقيع عقد اصدار البومه وقت هٰذا شكل هٰذا مره تركيا خرج فنان البومه مره معز ارسوي البوم نوستالجيا تعليق اثر قدم الموسيقي تركي الكلاسيكيه قدم احترام اعجاب سيد الموسيقي سكيب ايهان اوزشك اسماعيل ديدي افندي الي ديدي ايرول سايان ,4
وقت بدا محاول ترحيل جانب المانيا ازدهر منشور قانوني دي فري دانسكي كتاب دنماركي لاند اوج فولك ارض شعب انتمي هٰذا اخير شيوعيه المصفوفه يوينو عام غزو الماني اتحاد سوفيتي تم حظر حزب شيوعي خارج قانون اظهر طالب الفور معاره مشتبك شرطه ,7
دوله ديموقراطي ظيفه اعلام جمهور تكوين راي عام صحافه صفه رءيسي خلال عمل نشاط نقدي رقابه عام نشر خبر اعطاء توظيف معلومه جهل متلقي ذٰلك وظيفه اختلف مدي حياد مصداقيه نفع جمهور تخصي اهتم دراسه تاريخ فاعليه اعلام سمي اعلام ,0
شهد عقد ثمانينيه تسعيني قرن فتره صراع دموي كردي جيش تركي خصوص اضطراب شهد تركيا يوليوز اضطر مواطن كردي هروب دوله اخر انضم كردي جاي سوريا مخيمه لجوء فلسطيني جاي اوروبا شرح قضيه كردي جامعه منظمه مجتمع مدني ظل كردي متبق تركيا سجن دار بكر عسكري فتره قصير حدث استقر اوجلان دمشق بدا اداره تنظيم ,8
التقانه تكنولوجيا هٰذا اخير كلمه اعجمي اصل يوناني تكون مقطع كلمه تكنو عني حرفه مهاره فن كلمه وجي عني دراسه اصاغ كلمه تكنولوجيا معني تطبيق اورد كثير عالم تعريف اخر عديد كلمه عرف تكنولوجيا مجموع تقنيه مهاره اسلوب فني عمليه مستخدمه انتاج بضاعه خدمه تحقيق هدف بحث علمي امكن تكنولوجيا معرفه تقنيه عمليه شاب ذٰلك امكن تضمين اله سماح تشغيل معرفه تفصيلي عمل اشار نظام اله طبق تكنولوجيا طريق مدخلات تغير وفق استخدام نظام انتاج نتيجه نظام تقني نظام تكنولوجي ,4
ميرويم عباره قاءد قاسي عنيف نيه ملكه انجاب سليل مثالي انعكس عقليه ميرويم متغطس تكلم بلغه بليغ صفه نقاء باقي جنسي اعتبر اعلي مرتبه مخلوقه اخر تاثر ابد كون احتضر انجب عديم رحمه احب قتل اكل نمله كيميرا ظهر احترام كامل تطور حدث ميرويم احترام كوموغي فتاه شريه اهتم امر وقت بدا ميرويم شك اختلاف نمل بشر قاتل معتبر نصف بشر نصف حشره اعتبر طبيعه عنف باس قوه حقيقي ,14
ابتكر مسلم جديد معروف سمو اسم عربي كيمياء جبر مثلث مطالعه تراث علمي اسلامي نجد عالم مسلم ابتكر منهج علمي بحث كتابه اعتمد تجربه مشاهده استنتاج ادخل عالم مسلم رسم توضيحي كتاب علمي رسم اله عمليه جراحي رسم خريطه جغرافي فلكي المفصله ابتدع مسلم موسوعات قاموس علمي حرف الابجديه اكتشاف صناعه ورق انتشار حرفه الوراقه عالم اسلامي فضل انتشار تاليف المخطوطات نسخه تنوع مخطوط عربي مترجم مءلف مكتبه اسلامي عصر مجرد مكان حفظ كتاب مكتبه رءيسي جهاز خاص ترجمه اخر خاص نسخه نقل وجهاز حفظ توزيع مترجم جنس عرف عربي لغه بلد راجع ترجم عالم عرب اصلاح خطا الغويه ,5
عندما بلغ عمر بدا تلحين اغن قرار تجميع هٰذا اغن حنه كتاب البوم بدا عمل استديو تابع الين كوناك اوغلو تولي جوكه شا اداره عام تعرف جوكه شا بورا ياتير فتره اتفاق شركه بساج موسيقي عرف خلال بورا ياتير بدا عمل اصدار البوم ,14
امكن تبع جذر مصر قديم بلد نهر قرابه سنه ميلاد شكل مساهمه رياضي فلك طب فلسفه يوناني طبيعي عصر كلاسيكي قديم بذل محاوله رسمي تقديم تفسير حدث عالم مادي بناء سب طبيعي سقوط امبراطوريه روماني غربي تدهور معرفه يوناني اوروبا غربي خلال قرن ميلاد عصر اوسط لٰكن جري حفاظ تطوير عالم اسلامي خلال عصر ذهبي اسلامي انتعش ترجم عمل يوناني اضاف ملاحظه اسلامي اسم فلسفه اسلامي انتقل اوروبا قرن احاء فلسفه طبيعي تحول لاحق واسطه ثوره علمي بدا قرن تجديد فكر اكتشاف دور ازاح مفاهي تقليد يوناني سابق استبدل منهج علمي رعان لعب طريقه علمي دور اكبر تكوين معرفه بدا ظهور عديد سمات مءسي مهني قرن عشر جانب تغير فلسفه طبيعي مفهوم طبيعي ,5
جيني روباك جينيفيف حايك جيني روباك ولد توفي سيده سياسي ديمقراطي سيده ولايه متحد امريكي روبي ولد نبراسكا مدرسه ثانوي روباك خلال سنه عمل نيابه حزب ديمقراطي اختار عضوه مجلس شويخ دوله جيني روباك جينيفيف حايك ولد توفي سيده سياسي ديمقراطي ولايه متحد امريكي روباك نبراسكا انهي دراسه مدرسه ثانوي روباك خلال سنه عمل نيابه حزب ديمقراطي تم اختيار عضو مجلس شيخ ولايه ,14
دنيز سيكي تقديم عديد اغن مليج كبير كينان دوغلو ازيل اشار ايميل موفتو اوغلو ايجا ريده انيل ياركين زوهال اولجاي عام انضم دنيز سيكي مسابقه مقام اغاني قدم غنيه كتب غنيه مسابقه البوب شاو حصل هٰذا غنيه مركز ,14
دين ابراهيمي سمي وطن عربي دين سماوي اوالشراءع سماوي اعتبر دين انبثق عرف اكاديمي تقليد ابراهيمي نسبه شخصي توري ابراهيم عبري افراهام اختلاف معتنقي هٰذا ديانه حول امكن اعتبار دينا ابراهيميا المصطلح اشار يهودي مسيحيه اسلام غالب اضافه دين طواءف اخر صنف اكاديمي دين ابراهيمي بهاءي منداءي صابء ,13
ايزابيل كايف مثله عارض زي بريطاني هونغ كونغيه ولد يوم هونغ كونغ بريطاني بدا عمل كعارضه زي عمر سنه فلم كندي دكتور كابي انتج فلم نجم بوليود معروف سلمان خان ايزابيل شقيق اصغر مثله بوليود معروف اترينا كايف راج تمثيل فيلم اباحي لٰكن نفي عديد مسلسله هندي ,14
جمعيه صيلاد منظمه عالمي خيالي ضمن مانغ ياباني هانتر هانتر وقع عاتق جمعيه صياد مسءوليه اختبار منح راخ صياد مجموعه شخص اثبت جداره طريق خوض امتحان صارم عضو نخبه مجتمع انساني عندما اجتاز هٰذا صاياد اختبار تم منح رخصه صيد سمح تواجد قعه بقاع هٰذا عالم تقريب قيام شيء اغلب كرس صياد حياه حث غرض ثمين مكان غامض وراء عجيبه عالم شهد ,14
اقليم عباره وحده مكاني طبيعي تجانس ظاهره جغرافي مختلف هٰذا وحده مساحه ثابت حجم معين لذٰلك انقسم اقليم نوعي رءيسي اقليم متجانس عرف هٰذا اقليم اسم اخر اقليم منهجي منتظم نسق انتمي هٰذا نوع اقليم فرع اصولي تناول دراسه تحليل توزيع ظاهره مساحه محد سطح ارض مثال ذٰلك اقليم مناخي تضريسي نباتي زراعي لغوي اقليم وظيفي نوع اقليم جغرافي خاص تميز مجوعه خاص ظاهره شارك اقليم اخر مثال اقليم خاص اقليم دلتا نيل مصر اقليم ارض جزيره سودان ,9
لقد ساهم رياضي مسلم تطوير هندسه رياضي خاص مجال هندسه جبري المهاني حل مساله ارخميدس متعلق تقسيم داءره عمر خيمه توصل حلول هندسي داله تكعيبيه نسب رباع اضلاع اتشيري مسمي رباع اضلاع خيمه ساتشيري نسب ابن الهيثم رباعي اضلاع هيثم امبرت هٰذا عمل مختص رباع ضلع ساهم تمهيد هندسه الزاءديه هٰذا دراسه عامل مءثر تطوير هندسه الاقليديه عبر مهندس اوروبي تلا وجرسونيدس جون واليس جيوفاني جيرولامو اتشيري الريحان البيروني وضع طريقه قياس محيط نصف قطر ارض ,3
قوه نقل الماني تحويل هٰذا خليج ذٰلك اسراءيل نقل قوه الماني قوه جيش جبه شمالي جزيره كولا ذٰلك عبر جيبرفستاتجير ريجيمنت نهايه بدايه عام تم هٰذا بعثه قبول رسمي امر تعطي داءم عبر هاتف فقط تم تكليف بعثه اخر بحث غواصه سوفيتي حاول تسل خليج رغم عديد مدمره سويدي افتقر نظام سونار ,7
تكون كلمه لغه انجليزيه مقطع اصل يوناني هي اشار حياه روح مقطع افاد معني بحث اصل منهجي علمي دراسه علمي سلوك عقل تفكير شخصي امكن تعريف دراسه علمي سلوك الكاءنات حي خصوص انسان ذٰلك هدف توصل فهم هٰذا سلوك تفسير تنبء تحكم ,5
تواجد عرض اضطراب افراط تناول طعام نهام عصبي اختلف معيار تشخيص رسمي لٰكن حال نهام عصبي هٰذا حاله تكر مره اسبوعي مدي شهر حال اضطراب افراط تناول طعام استمر شهر تم تغير ذٰلك عكس نهام عصبي مصاب اضطراب افراط تناول طعام سلوكي تعويضي تطهير صيام مارسه تمرين رياضي تعويضي نوبه افراط تناول طعام ,11
بدايه لغه ايثون كتب ڤان روسم عام زاد عام كنت ابحث مشروع برمجي كهواي تبقيني مشغول خلال اسبوع عيد ميلاد مكتبي مغلق جهاز كمبيوتر منزلي مزيد قر اكتب مفسر غه برمجه جديد افكر مءخر مشتق لغه سي راق محترف يونكس سي اختري ايثون كاسم عمل مشروع لان منحرف مزاج قليل معجب كبير برنامج اذاعي سير مونتي ايثون طاءر ,10
عتاد حاسوب عتادي حاسوب مكون مادي حاسوب انجليزيه مجموعه جزء مادي نظام حاسوبي قطعه جهاز مكون حاسوب شاشه وحه مفتاح وسيطه تخزين بيان قرص صلب حده نظام رسم بياني بطاقه صوت الذاكره لوحه رقيقه اخر الخ شيء مادي امكن لمس مقابل برمجيه بيان مشمول وصف عتاد حاسوب تواجد برمجيه فكر تطبيق مفهوم رمز لٰكن مادي برمجيه مجموعه تعليم تخزن شغل عتاد ,10
معدل حساب متوسط مجموعه قيمه ذٰلك جمع قسمه عد قيمه مدخل استخدم حساب معدل ربح حساب معدل دراسي سبيل مثال حصد شركه خلال شهر توالي شهر شهر شهر معدل ساوي جمع حصيله شهر قسمه حصل معدل ربح شهر خلال شهر ,3
كيمياء عضوي فرع كيمياء درس بنيه خواص تفاعل مركبه ماده عضوي ماده احتوي عنصر كربون اهتم تفاعل ماده داخل تكوين كاءنه حي ناتج كاءن حي هٰذا سمي عضويه كيمياء عضوي متعلق وجود حياه ارض بحث مركبه مرتبط حياه كاءنه حي ,6
جراحه خص انقسم فرع كثير عني بعلاج مرض تدخل جراحي سابق جراحه اعتبر مهنه وضيع طبيب حلاق لٰكن سطع نجم هٰذا تخص كثره حرب ادي تفاقم اصابه احتاج تدخل جراحي فرع هٰذا تخص فرع جراحه عام انقسم دور تخص فرعي دقيق جراحه كبد جراحه غد جراحه ورم بقيه تخص جراحه جراحه مخ عصب جراحه مسلك بولي تناسلي جراحه تجميل جراحه قلب جراحه صدر جراحه عظام سمي خص عظام جراحه انف حنجره جراحه فم وجه والفكين,11
درس تاريخ شخصي سياسي شكل متكر افترض تجربه صفه شكل معتقد سلوكي مسار امكن اثر سيره سياسي اسلوب قدره قيادي سيره ذاوتي اثر معتقد مرء اساسي استخدم تشكيل نظره عالمي مهارات سياسي كفاءه تاثر خبره شخصي امكن حد مجال مهاره كفاءه مكان كرس مورد اهتمام كقاده مسار سمات سيره ذاوتي امكن حد شكل حافز سياسي سبيل مثال امكن نظر مهنه زعيم سابق اهميه اكبر تسب استثمار متناسب مورد قياده ضمان نمو سلامه ذٰلك مهنه ذٰلك زميل سابق شمل مثال اخر جانب مهنه سمات فطري سياسي عرق جنس نسبه مسار كيفيه تاثير سيره سياسي تصور عام امكن اثر دور اسلوب قيادي سبيل مثال امكن سياسه استخدم استراتيجيه مختلف جذب مستوي احترام منوح سياسي ذكور ,8
سياسه فيدرالي كندي سمح عضو مجلس عموم مجلس شيخ تولي منصب عضو حزب سياسي امتلك مرشح انتخاب فيدرالي انتمي حزب خيار مستقل عديم انتماء حاله ظهر اسم اقتراع مسبوق لقب مستقل حاله ظهر اسم فقط بدون لقب ذٰلك خيرون متساوي خلاف ذٰلك ,8
تاس ديانه بهاءي يد بهاء اله قرن بلد فارس وفي بهاء اله بلد فارس ارض تابع امبراطوريه عثماني توفي بينما زال سجين شكلي رسمي وفاه بهاء اله انتشر الدين البهاءي قياده ابن عبد البهاء عباس انطلق جذر فارسي عثماني عربي اكتسب موطا قدم مصر اوروبا امريكا وحد معتنق ايران عاني تبع ذٰلك يوم اضطهاد شديد وفاه عبد البهاء عباس انتقل مسءوليه اداره هدايه جامعه بهاءي شوقي افندي حفيد عبد البهاء وصيه عبد البهاء كتاب لوح وصيه وفاه شوقي افندي دخل اداره جامعه بهاءي مرحله جديد تطور فرد منظومه اداري احتوي هيءه منتخب فرد تم تعين راس بيت عدل اعظم اعلي هيءه اداري دين بهاءي اداره شان جامعه بهاءي نطاق عالمي يوم مليون معتنق ديانه بهاءي عالم توزع بلد اقليم نسبه متفاوت ,13
غطي مفهوم ثقافه مادي تعبير مادي ثقافه تكنولوجيا هندسه المعماريه فن جانب مادي ثقافه مبدا تنظيم اجتماعي ذٰلك مارسه منظمه سياسي اجتماعي مءسه اسطور فلسفه ادب حد سواء مكتوب شفوي تكون تراث ثقافي مادي مجتمع ,12
بهاءي ديانه ابراهيمي توحيديه اكد مبدي اساسي وحده روحيه لجنس بشري ارتكز ديانه بهاءي اعمده شكل اساس تعليم هٰذا ديانه حدانيه معني خالق فقط اله مصدر خلق وحده دينه ديانه اكبر مصدر روحي اتي خالق وحده انساني عني بشر خلق متساوي رغم تنوع تم نظر تنوع عرقي ثقافي زاد جمال عاءله انساني جدير تقدير قبول اشار كتابه بهاءي وحده تنوع فق كتابه بهاءي غرض حياه انسان تهذيب روح تهيءه حيه ابدي عالم اخر جهد فرد تمثل صفه الٰهي فضيله قيمه مثابه صقل مراه روح تفعيل قدره روحيه كامن جوهر انسان عمليه استمر مدي حياه ساعد تقرب الٰه اعتقاد بهاءي امكن معرفه محبه الٰه خلال ساءل متعد دعاء صلاه ساءر العبادات مارسه تامل تفكير عمل موجب تعليم الٰهي خدمه انساني ,13
نشا يسوع بيءه يهودي مغلق انتظر قدوم الماشيح قبيل بدء نشاط اعتمد يد يوحنا المعمدان حوالي عام عمر عام تقريب انطلق تبشير دعوه معمد داعيه توبه منطقه نهر اردن واتج استقر كفر ناحوم يطوف قريه الجليل يهودي جنوب لبنان منطقه جولان اردن عرف اسم مدينه خليل اضافه اورشليم منطقه اخر ,13
مهندس طيران طبيعه عمل مرتبط رحله طيران عمل ليل نهار مدار ساعي نظام مناوبه طبيعه تواجد مهبط اثناء فحص طاءره اقلاع عرض ظرف جوي قاسي مطر عاصفه رملي عرض مخاطر اخر اثناء تواجد طاءره ,2
تم تشغيل مجموع فيدسن سمي بحان جونلاند كمركز فرز سلاح مستقبل سري اعطاء مجموعه اخر تاثر بشد كشف تعذيب جانب وكيل بريطاني مقبوض عندما تم قبض عضو هٰذا مجموعه عام عام عدم رمي رصاص عام ,7
 اصدر البوم اوه اولسون انتاج هٰذا البوم نفقه خاص هٰذا جوكه شا وجه اعلامي ماركه بينار كيدو استخدم غنيه رمي توتو اعلان فيلم قدم غنيه ذٰلك مسابقه كيدو كوم تخطي حد دوله ذٰلك طريق نجاح البوم ورده كاكوتس جوكهشا ,14
توقع حليف شخص تشرشل هجوم المانيا جه مذكره مءرخ ذكر حرب هجومي كبير احتمال دفع لمن غزو دوله اسكندافي ذكر شا كسب انقاص هجوم الماني نرويج السويد اضاف فرنسي ادوار دالادي توقع استخدام حادث تمارك مبر احتلال فوري ميناء نرويجي هجوم مفاجء اسهل تبرير هٰذا خطوه راي عام اسرع تنفيذ اثر دعايه استغلال ذكري تواطء حديث نرويج حادث ,7
لد فينتش تشوكوم مدينه شيكتاش اسطنبول اصغر طفله عاءله مكون بنت هت فينتش تشوكوم تعليم ابتداءي مدرسه اسما سلطان ابتداءي العظمي مدينه شيكتاش اكمل تعليم اعدادي ثانوي مدينه التحق قسم لغه تركي ادب كليه ادب جامعه اسطنبول عام تخرج علاوه ذٰلك درس مجال اجتماع عام درس خاص مجال الموسيقي غربي كلاسيكي مده سنه عزف فرقه الاوكسترا السيمفونيه الهاويه اسطنبول شارك عديد حفله موسيقي خلال عام شغل منصب مدير عمل تحرير مجله ادب تركي اضافه عمل عضو هيءه تدريس ادب مدرسه انضول ثانوي خاص عضو مءسه نشر طفل شعب وزاره ثقافه عام ادار دار نشر جونك عاون رفع عزت تشوكوم عام كتب روايه مقاله بحث مقاله ادب رحله شكل مسلسل صحيفه تركيا بدا اكتب مره اسبوع صحيفه المترجم ,14
سميدلي وصف ايديولوجيه عرق قرن دمج معتقد شعبي فق هٰذا ايديولوجيه سباقه بداءي طبيعي داءم متميز ارجح نتيجه خليط ساكن متميز لٰكن هٰذا دراسه امكن تميز سباقه جد جمع انتاج مجموعه مزمن تصنيف احق مءثر جورج بوفون يتروس كامبر كريستوف ماينرز صنف نيغروس شان اوروب ولايه متحد نظريه عرقي توماس جيفرسون مءثر عد امريكي اصلي قدم مساواه بيض ,9
شارك اسكندافيا بدايه حدث حرب عالمي نهايه شهر قوه اتحاد سوفيتي فنلندا اراد ضم منطقه حدودي استراتيجي استسلم صراع دام شهر نتيجه حدث فنلندا المانيا نازي شارك غزو اتحاد سوفي فتح جبه جديد امتد لابلاند خليج فنلندا ,7
حقل علمي فرعي تناول سياسي تضمن سياسه مقار اقتصاد سياسي نظريه سياسي فلسفه سياسي منهج سياسي سياسه عام اداره عام علاقه دولي اهتم سياسي موضوع مدني نظام قومي تحليل سياسه امه تطور سياسي قانون دولي سياسه تاريخ فكر سياسي حريه عام حق انسان فضل كون مرتبط اقتصاد قانون اجتماع تاريخ فلسفه جغرافيا انسان عصب حي ,5
صف معايشه شخص ذوي نمط مزاج عنيف متباين زمن اغريق مرور حضاره مختلف اتي طبيب سويسري ثيوفيل بونيه سنه اعاد استخدام كلمه ميلانخوليا توصيف قديم اكتءاب ذٰلك المصطلح وصف ظاهره مزاج مستقر نحا منحي قابل تنبء مرور وقت بدا تمايز توصيف مرض نفسي سبيل مثال سنه استخدم طبيب نفسي امريكي مصطلح جنون حدي توصيف هٰذا اضطراب سنه حد اميل كريبيلن جود شخصيه قابل استثاره مقاربه جد ميزه شخصي عاني اضطراب حدي ,5
رغم غياب تعريف التوافقي شخصي ركز غالبيه نظريه دافع تفاعل نفسي شخص بيءه محيط مال نظريه شخصي قاءم سمات ذٰلك محد واسطه رايموند كاتل تعريف شخصي وصف مجموعه سمات قادر تنبء سلوك فرد جه اخر مال نهج قاءم سلوك مقام تعريف شخصي خلال تعلم عاده صرف نظر سبق نظر غالبيه هٰذا نظريه شخصي اعتبار مستقر نسبي ,12
تاريخ طب اشار مصطلح طب اسلامي طب عربي طب عرب طب تطور خلال عصر ذهبي اسلام كتب بلغه عربي لغه تواصل مشترك زمن حضاره اسلامي نشا طب اسلامي كنتيجه تفاعل حدث طب تقليدي عربي مءثر خارجي الترجمات نص طبي عامل اساسي تكون طب اسلامي الترجمات لاتيني عمل عربي اثر بالغ تطور طب نهايه عصر اوسط بدايه عصر نهضه ,11
طب سن انجليزيه معروف اسم طب فم فرع فرع طب تكون دراسه تشخيص وقايه علاج مرض اضطراب حاله تجويف فم سن تطور ترتيب سن كذٰلك غشاء مخاطي فموي تركيب نسيج مجاور مرتبط خاص منطقه وجه فكين شمل مجال طب سن اضافه جانب اخر مركب قحفي وجهي ذٰلك مفصل صدغي فكي هيكل داعم عضلي ليمفاوي عصبيه وعاء دموي تشريحي سمي مارس طبيب سن ,11
 مدريد اكمل رسام اسباني فرانثيسكو جويا وحت عام عرض لوحه ان متحف ديل برادو مدريد حدث لوحه فنان جويا معروف اسم عدم رمي رصاص ميدان مونكلوا ميدان اسباني شهد قسوه احتلال نقل فنان جويا مرحله انتصار وطن عدو فقد قدم لمس وجدان انساني ابدع جويا وحت عام حدوث احتلال حينما نابليون احتلال اسبانيا قوه فرنسي تكون جندي ذبح وقف جيش فخج شعب ثاءر قوه نابليون رافض تحالف اسبانيا قوه جيش فرنسي خط جويا هٰذا عمل حي ذكري سب مقاوم ضد جيش نابليون اثناء احتلال فرنسي مدريد حرب استقلال اسباني عام مقاومه ضد فرنسي منطقه جزيره رسم جويا وحه عدوان ماليه اشبه لوحه قدم طلب واسطه حكومه نيابي اسباني رسام جويا هدف رسم هٰذا وحت خطاب كتب ارجونجا ,7
ملكه متحد سفينه بحريه نرويجي جديد عرف اسم كونجيلتجي نورسك لان وقت استسلام بقي سفينه صغير فقط سفينه قديم رجل تمكن الهرب اعتقال نهايه حرب سفينه حربي عمل حليف نرويجي مول اساس مال نزاع هٰذا سفينه عمل مقام اعتبار مرافقه قافله خلال معركه محيط اطلسي خلال مختلف عمليه عسكري هبوط نورماندي فقط سفينه تجاري استخدام ماء نرويجي خلال غاره سفالبارد عمليه يرثام ,7
شنايدر مامور اصلاحي افشي كشف جاك كذب شان اسم اسم حقيقي فرانسيس سوليفان اب جاك سانتا فقيده اباه مسجون جاك محكوم سنه اعاده تاهيل ملجا سب سرقه فرد جاك سرق طعام لان جاءع مراسل صحفي براين دنتون مالك صحيفه عمل مراسل صحفي حرب عد استطاع كتابه ضرب مره اخر ,14
كيمياء درس ماده تغير طرا تحديد دراسه خواص بنيه تركيب سلوك تفاعل تحدث خلال درس كيمياء ذره رابطه تحدث مكون جزيه ترابط هٰذا جزيه ماده درس تفاعل تحدث كيمياء اهميه كبير حياه دخل مجال كثير لعب دور مهم صناعه مختلف نوع صناعه غذاءي صناعه ماده تنظيفي دهان اصبغ صناعه دواء عقار نسيج ملبس سلاح تطبيق اخر طب اخر اطلق كيمياء تسميه مركزي ذٰلك دور جوهري ربط طبيعي ,6
اعتبر دين اسلامي دين رسمي جزاءر مذهب متبع رسمي مذهب مالكي مذهب اباضي نسبه قليل جد مدينه غردايه ضاحيه نسبه ضءيل جد اعتنق مسيحيه شهد جزاءر مءخر حمله دعم كنيسه نشر دين مسيحي وسط مجتمع جزاءري شتي طريقه محاوله ميءس لان جزاءري متمسك شده دين فذب اعتماد ساءل اخر اغراء مادي مقابل اعتناق مسيحيه ,12
بحث تشريح ضفدعه عالم ايطالي ويجي جلفاني مءدي اكتشاف ظاهره كيمياء كهربي تقلص عضله رجل ضفدعه عنما تلامس سلك معدن مختلف ملامس رجل ضفدعه ذٰلك استطاع اليساندرو فولتا عام اختراع بطاريه بطاريه مصدر اختراع توليد كهرباء واسطه مولد كهرباءي تيار كهرباءي ساعد اكتشاف عظيم كذٰلك اكتشاف تحضير صوديوم بوتاسيو باريوم ترونتيوم كالسي مغنسي خلال سنه طريق عالم همفري ديفي ,6
لد شعله جربز عام تعلم شعله جربز لغه اسباني ادب درس تاريخ فن جامعه اسطنبول درس فلسفه جامعه كامبرد شعله جربز خبيره اصلاح ساعه عتيق بدا عمل هٰذا مجال قصر دولماباهتشا عام زال شعله جربز واصل عمل مبني مديريه قصور قومي ,14
دين نظام اجتماعي ثقافي سلوكي مارسه معين خلق نظره عالمي نص مكان مقدس نبات منظمه ربط انساني عنصر خارق طبيعه متعالي روحاني ذٰلك اجماع علمي حول تعريف دقيق دين ,13
مقابل قدم حكومه سوفيتي منطقه حدودي تعويض لٰكن نظر رفض فنلندا مطلب اتحاد سوفيتي قر اتحاد سوفي وضع حل عنيف نزاع اعتبر سب حرب سخيف فق راي عام عالمي انحاز صالح اسكندافيا ذٰلك وقت بدء عمليه وقع حرب عالمي بدا شهر غزو الماني بولندا اعلن فرنسا ملكه متحد حرب المانيا ذٰلك لحظه نهايه عام واج قوه جانب طول خط ماجينو يجفريد محصن سمي حرب غريب جمود وقل معركه اتحاد سوفي ضم فعل معاهده فرض قوه جمهوريه بلطيقي استونيا لاتفيا ليتوانيا ,7
عرض اضطراب شخصي حدي تميز حساسي رفض اجتماعي فكر مخافه لفظ شخص مجتمع امكن تعدي امر حدوث اضطراب مفهوم هويه قيمه ذاوتي امكن رد فكر جن ارتياب شعور توتر اضافه شعور تفارق شعر مصاب اضطراب شخصي حدي مشعر نفسي شعور اسهل اعمق مده اطول اخر امكن مشعر ظهر سطح شكل متكر استمر فتره طويل مصاب ذٰلك اضطراب تطلب قتا اطول انسان عادي حاله توازن عاطفي طبيعي خضوع تجربه عاطفي شديد تاثير ,5
طبيب عصر ابوقراط اعتمد شكل كبير تصور تشريح تخمين تجريبي لقد تعرف صلبه عيني طبقه ابيض قرني شفاف غطي طبقه خارجي طبقه داخلي بءبو ساءل وسط لقد اعتقد هٰذا ساءل وسط نظر انتقل مخ طريق انبوب ارسطو طور هٰذا فكر طريق تجربه لقد ارسطو تشريح حيوان اكتشف طبقه طبقه ساءل ثابت عدسه تصلب موت طبقه اخر مجاور لقد نشر ارسطو معر حقيقه وجود انبوب توصل فقط انبوب انبوب التقي داخل جمجمه ,11
بريطاني عديد عمليه قوه خاص عديد غاره جوي بحري اساسي النرويج عمليه قوه خاص اهم هٰذا سلسله هدف تدمير منشاه انتاج ماء ثقيل نرويجي وقف تداول بلغ ذروه غاره تيليمار هجمه رءيسي اخر عمل كلايمور خلال فريق مدمره بريطاني رافق قوه نقل جزيره افوتين احتل مءقت دمر نبات انتاج زيت سمك غرق طن شحن الماني واج عمل مقاومه ذكر نقل متطوع نرويجي بريطانيا جند كثير قوه نرويجي منفي ,7
ارتبط نمط حياه عده ناحيه علاقه شكل اخر اكتسب اسره اثر عمق طوال حياه غرض دور لعب حياه مال نملك قدر تخطيط فعال مستقبل تاثير خيار متاح عمل وظيفي مكان عيش ضروره جعله نعيش مجتمع وراء شبكه اجتماعي هيكل اثر نمط حياه صحه اهم عامل اثر تاثر نمط حياه ثقافه ساءد مجتمع خبره اكتسب تجربه سابق ,14
بدا امل مفتي اوغلو انتشار تلفزيون خلال قناه ستار مره عام اجري معي حوار تلفزيوني فوندا اراس لعب عديد دور مسلسل التلفزيوني معروف اسم ارمله ميلاد سعيد كتب السيناريو نجف اوغورلو تلا تجربه تمثيل ذٰلك عام فيلم سيد اخرج كتب سينان شاتين ,14
كايمياء حيوي نسبه كيموحيوي بيوكيمي فرع طبيعي ختص دراسه تركيب كيمياءي جزء خليه مختلف كاءنه حي سواء كاءنه سيطه بكتيريا فطري طحيبه معقد انسان حيوان نبات وصف كيمياء حيوي حي كيمياء حياه ذٰلك نظر ارتباط كيمياء حيوي حياه ركز عالم هٰذا مجال بحث تفاعل كيمياءي داخل كاءنه حي اختلاف نوع طريق دراسه مكون خلوي هٰذا كاءنه تركيب كيمياءي هٰذا مكون منطقه تواجد وظيفه حيوي فضل دراسه تفاعل حيوي مختلف تحدث داخل هٰذا خليه حي بناء تكوين هدم انتاج طاقه ساعد شكل كبير فهم نسيج عضو وظيفه كاءنه حي ,6
مسجد سيد احمد خان مسجد وقع قلب حرم جامعه عليكره اسلامي مدينه عليكره ولايه اتر رديش هند تميز مسجد موقع فريد داخل جامعه وقع مقابل ملعب الكريكيت داخل قاعه سيد احمد خان وسط حرم جامعي عد مسجد تحفه معماري تميز تصميم مشاب مسجد ادشاهي لاهور ابرز مثال العماره اسلامي مغولي ضم مسجد قبر سير سيد احمد خان راءد نهضه فكري تعليمي هند اس جامعه عليكره اسلامي ,7
بنيه تاثير كميه كيوسار فرع كيمياء درس مركبه دواءي خواص درس طريقه معايره تحديد ذاوتي انقسم فرع عضوي قسم عضوي كتاب مرجعيه هٰذا وجب تضمن تصنيف شامل عد هاءل دواء متوفر سوق تجاري زمر فارماكوجي كيمياءي برز اطلق علاقه بنيه تاثير فرد زمره وجب وفر هٰذا المراجع معلومه خواص فيزياءي كيمياءي استعمال تاثير جانبي مقدار دواءي هٰذا معلومه اختلاف واسع كتاب مرجعي اخر مجال كيمياء صيدلي اهتمام دراسه دواء انحلال ارتباط بروتينات امتصاص اطراح اهتمام دراسه طريقه تحليلي هٰذا دواء اختلف نظره كيمياء صيدلي اختلاف توجه حديث تدريس صيدله هٰذا توجه انطلق مفهوم اهتمام دواء اهتمام مصير دواء مريض اهتمام دواء حاله سريري اهتمام تخليق تصنيع دواء منشا بيولوجي توجه اعتمد مدرسه صيدله مختلف عالم,6
ميتشي اتشواي تونغا اعب كره قدم بلجيكي مركز هجوم لد يوم مدينه روكسل عاصمه لجيكا لعب حالي نادي فنربخشه دوري تركي متاز سبق لعب مرسيليا تشيلسي عوده مجد روسيا دورتموند تاندارد ليج اندرلخت نادي بروكسل بلجيكا لعب منتخب لجيكا سنه بلغ طول سم ,14
قدر عد ساكن مدينه اوغاريت قرن ميلاد نسمه ذٰلك اعتماد بقيه بيت مكتشفه ساكن باق ملكه فيقدرون نسمه موزع قريه مزرعه تابع عاصمه تبين نص جود ساكن حوري حيثي قبرصي عاصمه اوغاريت ذٰلك جبيلي اروادي صوري مصري ,7
عمل بدايه شبكه قناه نيل انتقل تقديم برنامج شبكه قناه حظي شعبيه كبير خلال برنامج تليفزيوني الاكيل قناه سفره اقام مطعم كلته بدايه تمثيل عام خلال فيلم يوم صعب شارك عده فيلم ابرز حد سامع حاجه يوم صعب مسلسله ريش نعام سريه عابدين مستوي شبه مسلسل غرفه عرض حالي ,14
حوالي عام اوروبا مصطلح رياضي شيوع معني تنجيم فلك بدل رياضيه لقد اغار المعني تدريجي معناه حالي حوالي ميلاد خلال فتره حديث مبكر بدا الرياضيات تطور وتيره متسارع اوروبا غربي تطور حساب تفاضل تكامل نيوتن لايبنز قرن احدث ثوره رياضي ليونهارت اويلر عالم رياضي شهره قرن ساهم عديد نظريه اكتشاف ربما عالم رياضي قرن عالم الرياضيات الماني كارل فريدريش غاوس قدم مساهمه عديد مجال جبر تحليل هندسه التفاضليه نظريه المصفوفه نظريه عد احصاء قرن كورت غودل تغير مفهومنا رياضي خلال نشر مبرهنات عدم اكتمال اوضح نظام بدي ثابت احتوي مقترح قابل اثبات ,3
وظيفه شركه طيران نقل مسافر ولي بلد اخر نقل بريد شحن فق شرط منظمه ايه اعتبر منافسه خدمه شركه طيران سعر ميزه اخر سعر خاص سعر نزه سعر شيخوخه سعر طالب طفل رضع اقتصر منافسه شركه طيران سعر خدمه مسافر محطه تقديم ارقي شهيه وجبه طعام العصاءر مشروب غازي روحيه امكن اشتري مسافر هديه متن طاءره عطور ساعه امكن مسافر تمتع خدمه اخر مشاهده فيلم اغاني الاخبار هٰذا ميزه ترغيب مسافر سفر عبر شركه طيران استمتاع طوال فتره رحله ,2
سيكولوجيا دراسه اكاديميه تطبيقي سلوك ادراك اليه مستنبط عاده دراسه انسان لٰكن امكن تطبيق انسان حي حيوان نظام ذكي اشار كلمه تطبيق هٰذا معرفه مجال مختلف نشاط انساني مشكله فرد حياه يومي معالجه مرض عقلي ,5
عد حمض الكروميك كاشفه عديد مستخدمه كسيد الكحولات الديهيدات حمض الكاربوكسيليه عديد هٰذا كاشفه محفزه سبيل مثال حفز ملح نيكل عمليه كسيد عبر اوكسيد كلوراي الديهيدات سهل كسيد غالب عامل مءكد معتدل كافي ذٰلك استخدم مركبه فضه هٰذا غرض عامل مءكد محسن مسوء غالب امكن استخدام كسيد كهروكيمي بدل ماده كيمياءي مءكد ,6
وصل عد جمال وحشي شمالي صين صحراء جوبي منغوليا ازمنه سحيق انتشر هٰذا جمال نهر اصفر اوسط ازاخستان اوسط قرن سب صيد حوم جلود قل تعداد منطقه حلول سنه بقي منطقه حالي منغوليا صين ,12
جد دراسه سويدي انثي عد اكبر حاله سنه ذكور انثي ذكور بالغ نساء رجل رهاب محد عديد حاله رهاب تحدث انثي ذكور زاد احتماليه خاءف نساء حيوان مقدار ضعف رجل نساء رجل معدل اعلي نوع رهاب اجتماعي رهاب محد معم رهاب اجتماعي شيوع فتاه ابن رهاب ظرفي حدث نساء رجل ,11
عاش سنه طفوله شب حي قاسم باشا اسطنبول بدا اهتمام الموسيقي صغر والده ملهمه فني مشجع داءم الموسيقي ابداع اثر عاطفه والده طوال سنه شب سنه مراهقه انهاء دراسه مرحله اعدادي قر استمرار درس الموسيقي استكمال تعليم هٰذا مجال ,14
اطروح عام صنف طبيعي بشري يوهان فريدريش لومنباخ مقترح قسم رءيسي عرق القوقازين عرق منغولي عرق اثيوبي اطلق وقت لاحق زنجاني عرق هندي احمر عرق الملايا هدف قدم تسلسل هرمي جنس اشار بلومنباخ انتقال تدريجي مجموعه مجموعه مجاور اشار مجموعه متنوع جنس بشري مر ذٰلك شكل معقول اخر ,9
حضاره انساني حضاره صيني مصري بابلي هندي نجح جمع معرفه عملي خصوص تعدين صنع فخار صباغ تطور معرفه نظريه منظم امكن اعتبار ظهر فرضيه كيمياءي بلد اغريق عندما ساد اعتقاد فلاسفه اغريق عالم تكون عنصر اساسي شكل تمازج جسم معروف كون طرح هٰذا فرضيه صوره نهاءي يد ارسطو افترض هٰذا عنصر نار هواء ارض ماء بلد اغريق ظهر فلسفه ذري قرن ميلاد افترض فيلسوف اغريقي ديموقريطس ماده تكون دقيقه متناهي صغر قابل تجزءه سمي ذره عكس نظريه ذري حديث مفهوم ذره اغريق فلسفي تمام استند ملاحظه تجريب علمي ,6
يوم تم بناء سلم سمك وفر وصول اعل نهر تفريخ سمك كجيز نظام معبر سمك وفر وصول ميل نهر عد كبير سمك رنجه ظهر ازرق زعانف اسفل سد ربيع رياضه صيد سمك شعبي راءج منطقه مليء نوع طير نارس قواق مالك حزين طير غاق ,9
تاس مجال ذكاء اصطناعي افتراض ملكه ذكاء امكن وصف دقه درجه تمكن اله محاكه هٰذا اثار جدل فلسفي حول طبيعه عقل بشري حد منهج علمي قضيه تناوله نقاش حكايه اسطوري خيالي فلسفي قدم دار جدل ماهيه ذكاء نوع امتلك انسان كيفيه محاكه اله ذكاء اصطناعي زال سب فكر شديد تفاءل لقد عاني نكسه فادح عبر تاريخ يوم جزء اساسي صناعه تكنولوجيا حامل عبء اصعب مشكله حاسوب حديث ,10
مسيحيه نصرانيه ديانه ابراهيمي توحيدي متمحور تعليم حول كتاب مقدس شكل خاص يسوع عقيده متم نباه منتظر ابن اله المتجسد قدم عهد جديد ذروه تعليم روحيه اجتماعي اخلاقي ايد قول معجز مخلص عالم خطيءه اصلي موه صليب قيامه وسيط وحيد الٰه بشير انتظر معظم مسيحي مجيء ختم قيامه موتي ثاب اله بر صالح ملكوت ابدي سعيد امن مسيحيه شمل مفهوم اله اغلب طاءفه مسيحي اقنوم متحد الجوهر ابن روح قدس عرف ثالوث اقدس ,13
عالم متقدم استخدم طب مسند دليل شكل شامل مارسه سريري دراسه احصاءي عام تفحص مراجعه ادب طبي تداخل طبي دعم دليل كافي تبين فاءده مسوء ,11
استمر تعاون المانيا فنلندا عام عندما استسلم حكومه هلسنكي جد هجمه سوفيتي مضاد عاون قوه فنلندي اتحاد سوفي تعقب وحده الماني قادم لابلاند المانيا غز دنمارك نرويج شهر عام خلال سمي عمليه يسيربينج استسلم دنمارك وقت قصير قاوم النرويج تره اطول فضل دعم حصل خلال بعثه بريطاني فرنسي لٰكن انتهي مطاف استسلام شهر عام ,7
توافر مريض عاني فشل تام وظيفه عضو خليه صحي كافي عمليه توسع زراعه نسيج خارج خليه هٰذا حاجه حاجه خليه جذعي قوه تناسلي متعد مصدر محتمل ذٰلك خليه تمثل خليه جذعي مستحث قوه تناسلي عالي تمثل خليه عادي جسد مريض تم رمجه قدره تناسلي متعد اضافه توفر مزيه تجنب لفظ رفض جسد مريض مضاعفه مهد حياه مريض جراء استخدام علاجه مثبط مناعه عد اجنه مصدر محتمل اخر خليه جذعي قدره تناسلي متعد ذٰلك مصدر عيب تمثلف تطلب حل مشكله استنساخ عد فني صعب جد خصوص حاله تجنب تشوه تطلب ذٰلك عمليه حصاد اجنه نتيجه مرء منا بدايه حياه جنين ذٰلك مصدر عد موضع اشكال اخلاقي ,4
حياه شخصي حياه خاص فرد مسار حياه فرد اخص عندما نظر مجموع اختيار شخصي ساهم تحديد هويه شخصي فرد مفهوم مشترك معاصر متجذر منطقه تطور عالم اوروبا غربي امريكا شمالي هٰذا منطقه صناعه خدمه صم خصيص مساعده انسان تحسين حياه شخصي عبر تقديم استشاره نفسي تنميه قدره شخصي ,14
ابعد مسجد حوالي ربع ميل قصر هزاردوري كبير شهير بلغ مساحه مسجد كبير قدم طول قدم عرض ضم قباب سلم ولبيه زاويه علو قباب لٰكن قب زال مكتمل وقت حاضر وقع مسجد حاله خراب سب عبث غابه قريب انهار لحظه ,7
عام فنانه ميرا عوده مجد تركيا عوده عمل مدير الموسيقي اوزان شالاك اوغلو اهم مغنيه تركيا وضع قاءمه اهم اسم سيزين اكسو ايسل جوريل اوميت ساين زينب تالو انتاج البوم مره اخر سار نمط الموسيقي اوروبي نافس اوزجور ولدوم فولجا تاموز ايتوغ يارجتش البير ارنيتش ضمن هٰذا البوم غان كلمه لحن البوم كليب تم تصوير هٰذا الالبوم افندم ,14
عرض تاريخ اسلامي اكبر قدر غزو فكري ركز عدو تشويه تاريخ امه اسلامي تاريخ نسبه امه مجال اعتزاز موطن قدوه تاريخ امه حافل مجد واقع تاريخ مسلم شك باع ثا نهوض تمسك مبدا ادب قيمه جد حرز هٰذا مجد فخار صلي هٰذا مستوي راقي بناء امه حضاره بحث سر رفع هٰذا مستوي ايمان الٰه تمسك دين جهاد سبيل الٰه سعي جاهد انتشال موضع مترد صل صوره جلي ,7
امضي داروين اسبوع فقط غالابوس ديفيد لاك شهر يتر روزماري غرانت زميل رحله حثيه غالابوس مده عام تقريب دراسه شراشير داروين شكل خاص ذكور الشراشير ثناءي نوع نغمه نغمه مختلف تمام ذكور صاحب نغمه مناقير اقصر ذكور اعتبر ذٰلك اختلاف اضح ايض امكن ذكور واسطه هٰذا منقار اتغذ شكل مختلف نبات الصبير مفضل ذكور ذوي منقار طويل قادر حفر ثقوب فاكه صبار اكل لب ثمره احاط بذر ذكور ذوي منقار قصير مزق قاعده صبار اكل لب يرقه الحشرات شرنق اكل ذكور نوع زهور برعم واضح اختلاف شكل زاد فرصه تغذيه خارج وقت موسم تكاثر عندما طعام شحيح ,14
خلاف رءيسي عرض رو بطل قاره جيف هاردي راندي اورتن تحارب بطوله دبليو دبليو احتفظ اورتن اورتن احتفظ لقب ارماجيدون ضد عاءد كريس جيريكو بعدما خرق قانون ذٰلك وقت سماكداون مذيع عرض سماكداون جون برادشو يفيلد ركض حلبه ضرب جيريكو حذاء اورتن دافع بطوله نتيجه لقب تغير طريق خرق قانون وقت سابق عرض جيف هاردي هزم تريبل اتش لينافس اورتن بطوله دبليو دبليو ليله سابق نسخه عرض رو تعاون هاردي شون مايكلز لينافسو راندي اورتن مستر كينيدي كسب هاردي ثبت بطل سوانتون ومب ربح كلز ,1
امكن جلسه استخلاص معلومه مباشر بدون استخدام دعيمه استخدام اداه دعم تحقيق جلسه انتاجي عالي مستوي مهاره ميسر محتر راهمه عمليه اساسي استفاده خبره ورشه عمل تجريبي خاص لحظه شغف الهام هٰذا لحظه ملاءم تعليم جلسه استخلاص معلومه التزام عمل ,12
جماعه اخ مسلم متد دوله اسلامي اخر مصر اقدم تنظيم رغم سلسله حظر حمله قمع حكومي بدا عام م يوم اتهام تخطيط اغتيال مءامره قلب نظام حكم تلقي جماعه دعم ملكه عربي سعودي تشارك عدو مشترك شيوعيه قومي عربي ظل مجموعه هامشي سياسه عالم عربي حرب يوم عام م عندما تمكن اسلاموي استبدال قوميه عربي علماني شعبي هزيمه عربي مدوي يد اسراءيل ,13
تاس حزب عامل كردستاني طريقه سري يد مجموعه طالب ماركي مءثر ساحه سياسي كردي عبد اله اوجلان اختار رءيس حزب بلغ اوج قوه تسعينات قرن تجاوز عد عنصر حزب مقتل ,8
اتفاق شاهين اوزر حق رقم قياسي ذٰلك خلال مبيعات البوم تساقط ثلوج انتج شركه موسيقي اغن الالبوم كتب هٰذا غنيه تركي نسق كلمه غنيه يوناني ذٰلك نشر الالبوم معروف اسم صحافه وهمي ,14
ثقافه اسلامي مسار جديد سنه اخير فبالافه اهتمام جامعه عربي تدريس ثقافه اسلامي كماده اساسي ضمن منهج كليه تم انشاء منظمه اسلامي تربيه ثقافه الايسيسكو تبع منظمه مءتمر اسلامي وقع مقر رباط سعي الايسيسكو صعيد اسلامي عام صعيد دولي تجديد بناء حضاري عالم اسلامي جه تقديم صوره حقيقي حضاره اسلامي منزع انساني عالم جه اخر ذٰلك خلال ابراز مضمون ثقافي قيمه انساني هٰذا حضاره ,12
رياضي داله جمع دوال تابع اقتران انجليزيه كاءن رياضي علاقه ربط عنصر مجموعه دعا منطلق مجموعه انطلاق مجال ,3
فق عقيده بهاءي دين الٰه تكشف خلال سلسله رسول الهيني نبيب رسول خلال عمليه مستمر تدريجي بناء قدره استيعاب بشري احتياج ظرف زمان مكان قدم تعليم ارشاد لازم تطور مجتمع انساني اجتماعي روحي نهوض قدره مسءوليه ضمن هٰذا مفهوم تم تقديم حقيقه تعليم ديني تدريجي تناسب قدره روحيه بشر نقطه مرحله تاريخ شمل قاءمه هٰذا رسول رسول دين ابراهيمي موسي عيسي محمد فضل رسول ديانه هندي كريش بوذا اعتقد بهاءي احدث الرسل باب بهاء اله ,13
معركه خاض محمد علي كثير جندي جريح ذٰلك تجنيد فلاح تكدس معسكر ادي تفاقم مشكله طبي جندي تعاون طبيب فرنسي انطوان كلوت تم انشاء مدرسه طب اب زعبل تخرج دفعه عام م تبع ارسال اثني طالب امهر خريج بعثه علمي فرنسا بزغ تيره معركه مصري شام رحيل اكثريه جندي حرب ضروري نقل مدرسه المحروسه قاهره ان وافق محمد علي نقل مدرسه قصر العيني عام م ,11
توصف نشاه نواء ذري عنصر كيمياءي تفصيل مقاله تخليق نوي بناء نشا غازي الهيدروجين هيليوم انفجار عظيم مباشره باق عنصر كتل ذري اثقل هيدروج هيليوم نشا طـبخت قلب نجم حراره عالي فاق مليون درجه مءوي وصل مليار درجه مءوي كتله نجم نجم تكون عنصر اثقل هيدروج هيليوم طريق اندماج نوي تكون عنصر ليثيوم عد ذري كربون عد ذري نيتروج عد ذري اكسج عد ذري صوديوم عد ذري هٰكذا حديد عد ذري عنصر اثقل ذٰلك تكون خلال انفجار نجم سمي مستعره اعظم ,6
ابرز سمات مجتمع كويتي ثقافه استهلاك عد اسلوب نمط حياه كويت حال اغلب مجتمع نامي مجتمع استهلاكي انتاجي توافر قدره شراءي فرد كويتي اضافه طفره اقتصادي حقبه ستينات سبعينات ظهور نفط كذٰلك تشريع خاص الزيادات مالي بند دخل شهري مواطن عز فرد كويتي مفهوم حاجه شراء اساسيه كماليه مقابل انخفاض مفهوم توفير شريحه مجتمع ,12
قضي هورنسواغل معظم فتره حلبه دخل حلبه قر بيج دادي ومارك هنري مضاعفه فريق نلي مفترض المتشارك تالي جاء وقت مبكر هجم استبعد الفور هورنسواغل خلال حبل عد ابد اوضح لاحق فينلي استبعد فعل لان دخل انتظر رقم دخول ,1
دجنبر عام بحث دكتور كندي جيمس نايسميث استاذ تربيه بدني جامعه ماكجيل مونتريال عمل ايض معلم مدرسه تدريب خاص جمعيه شاب مسيحي جمعيه شاب مسيحي معروف حالي كليه سبرينجفيلد مدينه سبرينجفيلد ولايه ماساتشوستس ولايه متحد امريكي ابتكار عبه قوي اقام داخل صاله شغل طالب حافظ لياقه بدني مستوي مناسب فصل شتاء طويل ساد ولايه واقع اقليم نيو انجلاند ,1
نشاط حياه يومي مصطلح استخدم مجال رعايه صحي اشاره نشاط رعايه ذاوتي يومي مكان اقامه فرد داخل منزل خارج عامل مجال صحي اشار قدره عدم قدره اداء نشاط حياه يومي مقياس وظيفه شخص خاص خص ذوي احتياج خاص مسن ,14
توقيع مهندس كتاب طاءره رحل حاله وجود عيب طاءره سواء مهندس اكتشاف اثناء كشف معتاد حدث هٰذا عطل اثناء طيران جو طيار ابلاغ مهندس حاله مهندس تقيم عيب اكتشاف كيفيه اصلاح تقيم وقت استغرق تم اصلاح هٰذا عيب ابلاغ تقني طريقه اصلاح عيب مهندس متابعه تقني اثناء اداء عمل مكلف انتهي تقني عمل مكلف مهندس فحص اخير تاكد عمل تم انجاز بدق طبق معار امان عالمي توقيع صلاحيه هٰذا عمل توقيع صلاحيه طاءره شكل كامل جاهز طيران ,2
تزوج نورا مره انتهي زواج كاتب دان غرينبرغ طلاق سنه تزوج مجد عام صحفي كارل برنستين انجب عام طفل صغير اسمي جايكوب حامل ابن ماكس عندما اكتشف علاقه برنستين خيانه صديقه صحفي بريطاني مشترك متزوج مارغريت جاي الهم هٰذا حدث نورا كتابه روايه حرقه الفءاد عام اقتبس ذٰلك فيلم مخرج مايك نيكولز طوله جاك نيكلسون ميريل تريب كتب نورا كتاب زوج يدعي مارك لقد قادر مارسه جنس حاجبه فينيسيه اعمي كتب ايض شخصيه ثيلما استناد مارغريت جاي بدا زرافه قدم كبير هد برنشتاين مقاضاه كتاب فيلم لٰكن فعل,14
عقب انهاء ايلا كوتلو تعليم ابتداءي اعدادي مدينه اسكندرونه مدينه غازي عنتاب تعليم ثانوي عقب انهاء تعليم ثانوي التحق قسم سياسي جامعه انقره وقد حاز منحه وزاره داخلي تخرج ايلا كوتلو عام عقب خرج جامعه شغل ايلا كوتلو منصب وزاره داخلي ذٰلك سب خدمه الزامي عمل مختلف مجال تخصي منظمه هيءه تدريب موظف تزوج كاتبه ايلا كوتلو عام انجب طفل عام ,14
نسب قصر العيني شهاب الدين احمد العيني نسبه عينتاب عام م انشاء عام امر سلطان قايتبي قبض فتره تمكن الهرب مدينه منور توفي شهاب الدين عام ميلادي ذٰلك تحول قصر ملكيه عام دوله تحول مصر ولايه عثماني استولي ماليه قصر تحول منتز قصر ضيافه سجن جبري مجلس ولاه اثناء حمله فرنسي استعمل قصر العيني مستشفي جندي دفن حديقه جنرال كليبر نقل جثمان جلاء قاهره تحول قصر عام مدرسه حربي ,11
ارخ تمهيد تدوين قران جمع قران عهد خليفه عثمان بن عفان مصحف رسم قران سمي رسم قران تنقيط حرف وضع اساس عربي عهد خليفه علي بن اب طالب امر ابا الاسود الدءلي وضع قاعده حمايه لغه قران عجمه لحن عصر دوله اموي ساهم عد صحابه تابع وضع اساس تفسير سب نزل ناسخ منسوخ غريب قران ,5
مءمن برزخ روح جنه جسد نال نعيم كافر روح عرض نار نال نصيب عذاب نال جسد نصيب عذاب حفره حفره نار نار افه وحر عذاب القي ربه صالح العبد مقعد جنه مقعد نار افرح استبشر صالح ازداد طالح غم قنته عذاب غمه عذاب دام حال ميت بقي المنعم منعم زاد ذٰلك نعيم جنه بقي معذب معذب يوم بعث مجمل تفصيل ذكر دل نص شرعي استعاذ نبي محمد صلي اله سلم عذاب قبر حال العبد صالح عندما وفي منيه قارن العبد طالح قبر ضمه سلم عبد قط مرحله حياه برزخي انبغي مر عبد خلق الٰه معتقد اسلامي ,13
لد ميخاءيل اسعد رستم مجاعص الشويري الشوير لبنان منتصف قرن هاجر ولايه متحد امريكي سنه م استقر فيلادلفيا علاقه اجتماعي ثيق مجتمع مثقف كتاب مدينه نيويورك شارك رستم صحافه مزدهر ساهم مقاله ادب راي جريده كوكب اميركا اصدر جريده مهاجر اقدم اديب انتقل مهجر ميخاءيل متزوج روجينا شحاده زحله والد شاعر فكاهي معروف اسعد رستم ديوان غريب غرب تكون جزء اصدر جزء سنه م نيويورك صدر جزء م م عد كتاب عربي طبع امريكا ,5
داين ديانه دان خضع وذل ودان ديانه دين ادان متدين اطلق اراد تدين بشر ادان اعتقاد سلوك معني اخر طاعه مرء التزام اعتنق فكر مبدا دين ناحيه لغوي لغه عربي عاده شان تدين خضوع استعباد انبني دين مكافاه جزاء جازي انسان فعل عمل طريق حساب صفه ديان اطلق انسان خالق جمع كلمه دين دين اقال دان ديانه ادان متدين تدين انسان امر دين ,13
محول مترجم استخدم تحويل لغه برمج عالي مستوي لغه برمجه منخفض مستوي تحويل برنامج اكمل جلسه بلغ خطا مكتشفه تحويل استغرق مترجم قتي قيام عمل ترجم كود عالي مستوي كود منخفض مستوي مره حفظ الذاكره اعتمد مترجم معلج نظام اساسي ,10
اعلام مصطلح اطلق وسيله تقني منظمه مءسه تجاري اخر ربحي عام خاص رسمي رسمي مهمه نشر الاخبار نقل معلومه اعلام تناول مهام متنوع اخر تعدي موضوع نشر الاخبار موضوع ترفيه تسليه خصوص ثوره تلفزيوني انتشار واسع اطلق تكنولوجيا مهمه اعلام مءسه ادار اسم وسيله اعلام اطلق اخير تعبير سلطه اشاره تاثير عميق واسع ,0
طب حاله حرج طب عنايه مركز فرع طب حديث معني تقديم دعم متقدم حياه عضو جسم مصاب مريض ذوي حاله صحي حرج تم ذٰلك داخل سمي وحده عنايه مركز وحده رعايه مركز ,11
 هبط كوبينغاين جنرال اثبوري تنسيق عمليه استسلام قوه الماني اطار هٰذا عمليه انطلق قوه بريطاني مرفق بحث الماني المانيا نظر مصدر سويدي حذر جيش عبر خط حد اقليمي اقر اتفاقيه جاليه الماني تالي تقدم الكتيبه مدعوم دبابه حربي حرس اسكتلندي احتل مدينه يسمار منطق مخص سوفيه تعرض هيء مدرع حرس سويدي اعتزل يوم قليل خلال حد مستقر ,7
اظهر حفريه اثري مرحله تاريخ جود انسان انسان عاقل مغرب كذٰلك وجود نوع بشري مبكر تم اكتشاف عظام متحجر انسان عمر سنه مدينه سلا عام جد عديد بقيه بشري جبل ايغود عام تم تاريخ استخدام تقنيه حديث عام عمر سنه اقدم اثر انسان عاقل مكتشفه عالم عام تم اكتشاف حبه صدف صغير مثقب مغاره تافوغالت بلغ عمر سنه حيناذ اقدم حلي شخصي موجود عالم سنه اكتشف عالم اثر خرزه صدفي مغاره يزمون جنوب غرب مغرب شكل راسب تاريخ زاد سنه اقدم عالم ,7
سم غوريبالايام اتي كلمه فارسي عني قبر سمي مسجد غوريبالايام لان قبر مشهور اسلام حاكم مادوراي حضره سلطان علاء الدين سيد خاجه دوشا الرازي حضره خاجه طاريه سيد شمس دين مسجد امكن رءيه قبور اخضر مكان جسر مدينه وقع ضفاف شمالي نهر فايغاي اتي انسان ولايه تاميل نادو زياره مسجد صلاه ,7
صوره عام اختلف يسار سياسي تبني عداله اجتماعي علماني معظم دوله شرق اوسط اتي يساري مرادفه علمانيه حركه يساري تاريخي تبني معتقد ديني ابرز حركه انهاء تميز عنصري ولايه متحد يد القس مارتن لوثر كينغ ,8
تمتع دنمارك رسمي استقلال سياده رلم منتخب انتخب ملك كريستيان دنمارك عرش ذٰلك احتل ايسلندا بريطاني خلال عمل فورك وضع مشروع الماني ماثل عرف اسم عمليه ايكاروس قريب استبدل قوه احتلال بريطاني امريكا عام فصل ايسلندا عيدا اتحاد شخصي التزم دنمارك تصويت الثينج بينما وقع سفير دنماركي هنريك كوفمان يوم موافقه حكومه اتفاق ولايه متحد سمح وجود قوه امريكي غرينلاند جزء واقع امريكي ,7
مسجد مرحله انتقالي فن اسلامي جمع عنصر المعماريه محلي عنصر المعماريه فارسي تضمن مسجد ايوان فتحه مقوس ازي محراب رءيسي فسيفساء مطعم حجر كريم حد بلط مزج محراب تميز نقوش ذهبي خلفيه زريق بينما ازان ايوان داخلي لوحه ماءي تصور زخارف نباتي جميل ضم مسجد قبر شيخ سالم تشيشتي عد معلم مهم مسجد ,7
صاغ طبيب الماني يوهان كرستيان رايل مصطلح عام مدينه هال الماني اسم يوناني قديم عني عني طبيب عربي ترجم طب نفسي متخص هٰذا مجال طبي يدعي طبيب نفسي عالم ,11
اسمي حقيقي ايريكي اب رايت اسم فني ايريكي اداه مغنيه كاتبه اغن منتج تسجيل ناشطه مثله امريكي ولد يوم مدينه دالاس تكساس ولايه متحد انتج البوم لايف اشتهر ايريكي ارتداء غطاء راس اصل افريقي سمي التجنون احتفاء ثقافه افري امريكي ,14
تزايد توتر داخل دنمارك اتجه الماني يوم نزع سلاح اسطول جيش تحسب قادم نظر لان استطاع معارضه قوه مرسي دنماركي امر محاوله وصول السويد وقت هروب تم اطلاق نار حظيره قاعده عسكري كوبيناغن هولمين تم طاءره حربي ,7
اعتبر تكتونيه صفيحه سلاسه جبلي براكين زلزله ظاهره جيولوجي امكن تفسير عمليه فيزياءي كيمياءي قشره ارض ,5
ارض مجال طبيعي متعلق كوكب ارض هٰذا فرع تعامل تكوين مادي ارض تفاعل اطن ارض دراسه خصيصه فيزياءي كوكب زلزله قطره مطر فيضان حفريه امكن اعتبار ارض فرع كاكب لٰكن تاريخ اقدم كثير شمل ارض فرع رءيسي دراسه غلاف صخري غلاف ماءي غلاف جوي اخير غلاف حيوي انقسم مجال تخص ,5
رياضي متقطع رياضي منفصل انجليزيه دعا الرياضيات المتناهيه رياضي محد انجليزيه دراسه بنيه رياضي متقطع اساس معني استدعي وجود صفه اتصال تطلب درس هٰذا موضوع معظم موضوع درس الرياضيات المتقطعه ارتبط مجموعه معدود قابل لعد مفهوم مغاير تمام مفهوم مجموعه منتهي امثله مجموعه عد صحيح موضوع تم دراسه رياضي متقطع محد محد استعمل مصطلح الرياضيات محد اشاره حقل الرياضيات المتقطعه تعامل مجموعه محد خصوص مجال صله قطاع عمل اكتسب الرياضيات متقطع شعبيه واسع خلال عقد اخير سب تطبيق واسع حاسوب مصطلح ترميز الرياضيات متقطع مفيد دراسه تعبير مساله غرض البرمجه الحاسوبيه خوارزميه فرع الرياضيات المتقطعه افاد دراسه مساله عمل اقتصاد ,3
ارتبط كيمياء حيوي ارتباط ثيق حي جزيءي دراسه اليه جزيءي واسطه تم ترميز معلومه وراثي حمض نوي عمليه حيوي اعتماد تحديد دقيق مصطلح مستخدمه امكن اعتبار بيولوجيا جزيءي مثابه فرع كيمياء حيوي كيمياء حيوي اداه تحقيق دراسه بيولوجيا جزيءي ,6
حرس قومي مليشيا تابع حزب البعث عراق شكل عام انقلاب قاد حزب البعث وفر غطاء قانوني اصدار قانون حرس قومي رقم لسنه تاريخ اعتبار راس سلطه هٰذا مليشيا دور كبير تحكم شارع عراقي مارسه تسلطي اثار سخط مجتمع عراقي ذريعه رءيس عبد سلام عارف ازاحه حزب البعث سلطه حركه ,7
سبعينيه قرن واضح لاد سياسه نقدي فاءده سياسه مالي سب حقيقه قل نفوذ سياسي محد بنك مركزي خفض سياسي سعر فاءده اقتصاد متوسع انتخاب عام اضافه ذٰلك امكن سياسه مالي اثر اقتصاد جانب عرض تخفيض تضخم مفضل اتخاذ تدبير زياده ضريبه خفض انفاق ذٰلك ترد حكومه استخدام هٰذا سياسه نقدي شكل عام اسرع تنفيذ امكن تحديد سعر فاءده شهر قرار زياده انفاق حكومي استغرق وقت معرفه منطقه انبغي انفاق مال ,8
ولايه متحد طبيب شرعي عاده موظف منتخب ضمن منطقه معين تحقيق ادلاء شهاده حاله وفاه غالبيه اعظم محق وسا طبيب لٰكن امتلك دوره تدريبي طبي متخص متعد سبيل مثال منفذ قانون قاضي مدير جناز فني طارءه طبي مرضه مقابل فاحص طبي عاده طبيب حمل درجه دكتوراه طب دكتوراه طب تقويمي تالي اخص مرض حصل زماله طب شرعي ولايه وجب فاحص طبي طبيب محامي اضافه دوره تدريبي طب شرعي ,11
ابرز عرض عمل شمل منصه جديد عرض حصري ذٰلك درام لبناني سوري درام مصري قارءه الفنجان جانب درام لبناني سوري مشوق حكم اضافه عمل شاهد اصلي درام بوليسي اسبوع يوم درام عربي نمره اتنين درام مصري ملكه ابليس درام عربي عهد دم ,12
ركز طيران اماره سوق اسيوي تم تقديم سعر تذاكر مسافر دوله اسيوي سعر الي قدم دوله عربي سب ذٰلك غالبيه مسافر طيران اماره قاره هندي حاز طيران اماره جاءزه افضل ناقل عالمي عام ذٰلك عام ,2
نموذج شوه غرب تاريخ اسلامي قاده تشوي صوره امام قاءد مسلم جانجا زومبي قاءد مسلم اس دوله اسلامي البرازيل دور كبير حركه نضال عبيد تحر اهم قاءد مسلم زومبي نشر شريعه اسلامي شجع مشيخ دين داعي نشر وعظ ارشاد عمل تذكير اصل اسلامي هوليود تشويه صوره امام مسلم زومبي تحويل هيءه وحشيه وغير مقبول نفر انسان ,7
ناحيه اخر فعل حرب شتاء فنلندا اتحاد سوفي مستمر اعتبر امان حليف جه مسب ارتبط الماني ميثاق مولوتوف ريبنتروب سوفيه الزم تقيد صارم حياد سيطره توريد سلاح فنلندي رغم ماضي ساعد نموال مسلح بدل ذٰلك حاول حليف حمل سلاح مساعده فنلندي شكل قوه تدخل سريع تكون متطوع ضعي حمله نرويجي عام دنمارك النرويج يد لمن هٰذا دوله ظل محتل استسلام المانيا عام ,7
اعتبر نمط حياه انعكاس صوره فرد قيمه ذاوتي طريقه راه اخر نموذج متكامل نشاط سواء اكان هوايه نوع نوع رياضه تسوق حضور مناسبه اجتماعي شمل هٰذا مجموعه اهتمام اكل زي دخل ضمن راي اجتماعي اقتصادي حكومي ,14
عز بنزوديازي تاثير ناقل عصبي حمض جاما امينو بيوتيريك جابا ناقل جابا ادي تاثير مهدء منوم مساعد لنوم مزيل قلق مضادي قلق مساعد ارتخاء عضله نظر صيدله تطبيقي جرعه عالي عديد بنزوديازي عمر قصير فعاليه قصير فقد الذاكره تاثير فصامي هٰذا خصيصه بنزوديازي مفيد علاج قلق ارق تشنج حركي تقلص عضله علاج عرض انسحاب كحول نتيجه اثر تخدير اجراء طبي طب سن صنف بنزوديازي قصير متوسط طويل مفعول فضل بنزوديازي قصير متوسط استعمل علاج ارق بنزوديازي طويل مفعول عد موصي علاج قلق ,11
عبد اله محمد بن علي بن عمر بن الحسين بن مصباح الحسني معروف ابن عسكر شريف حسني لد مدينه شفشاون عام هـ قصر كبير حصل تكوين متين فقه تصوف نال ابن عسكر حظوه اكبر سعدي فول منصب قضاء مدينه شفشاون قصر كبير جاور منطقه ريفي ازداد معرفه ابن عسكر اتساع زياره متكر بلط السعدين فاس مركش هٰذا زياره فرصه اتاح لقاء فطيله عالم مناظره غد شخصيه مرموق عصر ,14
تحدي مفهوم عرق اساس تجريبي عالم انثوبوبوجيا فرانز بواس قدم دليل دونه مظهري بسب عامل بيءي اشلي مونتاغو اعتمد دليل وراثه تحدي السي مفهوم وجه نظر نظامي حيواني عام رفض كذٰلك ادعاء عرق تعادل نويع ,5
ذكاء اصطناعي فرع حاسوب عرف كثير مءلف كون دراسه تصميم عميل اذكي عميل ذكي نظام استوعب بيءه موقف زاد فرصه نجاح تحقيق مهمه مهمه فريق هٰذا تعريف هدف فعل تصور بيءه شمل تعريف اخر معرفه تعلم معيار اضافي صاغ عالم حاسوب جون مكارثي هٰذا المصطلح اساس عام م عرف هندسه صنع اله ذكي عرف اندرياس كابلان مايكل هاينلين ذكاء اصطناعي قدره نظام تفسير بيان خارجي شكل صحيح تعلم هٰذا بيان استخدام ذٰلك معرفه تحقيق هدف مهمه محد خلال تكيف مرن ,10
جادل ادم دودز مصطلح ديانه ابراهيمي رغم مفيد امكن مضل لان نقل مشترك تاريخي لاهوي محد مشكله تمحيص دقيق رغم قواسم مشترك دين خلفيه مشترك حد كبير هامشي نسبه معتقد تاسيسي تالي خفي اختلاف جوهري سبيل مثال يهودي اسلام معتقد مسيحي شاءع متمثل تجسد ثالوث قيامه يسوع انظر موت يسوع منظور اسلامي معتقد اساسي اسلام يهودي تقاسم معظم طاءفه مسيحي توحيد صارم التزام قانون ديني معتقد رءيسي اسلام مسيحيه بهاءي تقاسم يهودي موقف نبوي مسياني يسوع توالي ,13
طبيب مخ عصب خلال فحص عصبي مراجعه تاريخ مرضي مريض اهتمام خاص حاله راهن خضع مريض فحص عصبي عاده تم فحص حاله عقلي فحص وظيفه عصب قحفي ذٰلك رءيه فحص جهاز عضلي متصم فحص توتر عضله وقوه تازريه عضله رد فعل انعكاسي احساس ساعد هٰذا معلومه طبيب مخ عصب تحديد مشكله جهاز عصبي تعين مكان تعين مكان مرض مفتاح اساسي امكن طبيب مخ عصب تكوين تشخيص تفريقي استلزم حاجه حوصه اضافي تاكيد تشخيص تحديد علاج تعامل مناسب مرض نهايه ,11
طب جهاز عصبي طب عصب انجليزيه خص طبي عني اضطراب جهاز عصبي فطب جهاز عصبي تعامل تشخيص علاج فءه مرض تضمن جهاز عصبي مركزي طرفي تضمن جهاز عصبي تلقاءي جسدي شمل الاغلفه عصبيه مصدر امداد دموي نسيج المنفذه عضله طبيب عصب طبيب متخص طب جهاز عصبي مدرب فحص تشخيص علاج اضطراب عصبيه امكن طبيب عصب شارك بحث تجربه سريري جانب بحث مبدءي بحث انتقالي طب جهاز عصبي تخص جراحي تخص جراحي مناظر جراحه مخ عصب ,11
مدينه ملك عبد العزيز تقني مءسه علمي حكومي شخصيه اعتباري مستقل ملحق رءيس مجلس وزير مقر رءيس مدينه رياض عام اسم مركز وطني عربي سعودي تقنيه عام تغير تسميه مركز مدينه ملك عبد العزيز تقني مدينه اجراء بحث علمي تطبيقي خدمه تنميه تقديم مشوره علمي مستوي وطني اضطلع بدور رءيسي تخطيط تقنيه ملكه عربي سعودي ذٰلك مشاركه اعداد خطه وطني تقنيه ابتكار وضع استراتيجيه لازم تنفيذ دعم برنامج مشروع بحث علمي غرض تطبيقي عمل تطوير اليه تحويل مخرج بحث علمي تطوير تقني منتج صناعي اضافه تقديم خدمه علمي متخص مجال معلومه نشر علمي تسجيل براءه اختراع سعي مدينه تنسيق جهاز حكومي مءسه علمي مركز بحث ملكه مجال بحث علمي تطبيقي تبادل معلومه خبره كذٰلك عقد شراكه خلال تعاون علمي ملكه مءسه علمي دولي عام هـ انتقل بحث تطوير تقني مدينه حل مشكله اعترض رامج تنميه خلال دعم تشجيع تنسيق جهد مركز بحث تطوير ملكه ,4
اعتقد ساكن افريقيا غرب مصر اصل عرقي امزيغي رغم تعريب اسلمه ادي ظهور اميغ معرب مجموعه مستمز اصل عربي تمشي سياسه دمج الحاق عمد استعمار فرنسي بث تفرقه ساكن تقسيم اساس جنسي عرقي زاعم عرب غريب قدم خارج بلد احتل بربر انتمي جنسي مت جنس عربي صله عمل استعماري فكره تميز عرب بربر خلال قرن متوخي اسلوب اكاديميه طريقه بحث وصف معهود تاثير واسع عقل كثير استعماري خطر كتله ملتحم مغاربه تكون عاش معظم امزيغ ناطق لغه الامازيغيه مغرب جزاءر ليبيا تونس مالي النيجر مجموعه اصغر ساكن ناطق لغه الامازيغيه موريتانيا بوركي اسوي مدينه سيوه مصر مجموعه كبير مهاجر امزيغ عاش فرنسا اسبانيا كندا بلجيكا هولندا المانيا ايطاليا دوله اخر اوروبا غالبيه امزيغ مسلم مذهب اهل سنه جماعه اقليه اباضي عهد قريب تحول امزيغ اسلام شيعي مسيحيه الحاد ,12
جمل وحشي جمله بري سنامين اسم علمي نوع حيوان تبع جنسي جمل فصيله الجمليات اعتقد هٰذا نوع جمال ضرب جمل السنامين الفالج اسم علمي كبير سنامين شفعيات الاصابع متوطن سهب اسيا الوسطي اشار دراسه حديث نوع منفصل جمل وحشي حيوان بري مختلف جمل سنام مستانس اوسط اسيا تطور شكل منفصل نوع اخر مليون سنه,12
واصل عالم مناقشه درجه فءه عرقي مبر بيولوجي بناء اجتماعي سبيل مثال عام جادل جون هارتيجان ابن رءيه عرق ركز اساس ثقافه لٰكن تجاهل اهميه محتمل حي وراثه تبع ذٰلك اختلف نموذج عرقي مستخدمه مختلف تخص تركيز تخفيض بيولوجي نقيض بناء مجتمعي ,9
اضطراب شخصي حدي ملاحظه معروف اضطراب شخصي مستقر عاطفي نوع نوع اضطراب شخصي مجموعه ابرز عرض ملامح جود اندفاعيه ميز عدم اتزان تعبير مشعر علاقه شخص صوره مصنف ضمن دليل تشخيصي احصاءي اضطراب نفسي اضطراب شخصي تميز نمط طويل علاقه شخصي كثيف مستقر شعور مشوه رد فعل عاطفي قوي غالب انخرط مصاب ايذاء سلوكي خطير اخر سب صعوبه اعاده سويه عاطفي اغلب خط اساس صحي طبيعي صارع شعور فراغ خوف هجير انفصال واقع ,5
مهمه منوط مدينه تقديم خبره استشاره علمي تقني جهاز حكومي مءسه وطني ملكه عربي سعودي اضافه تمثيل ملكه منظمه هيءه علمي دولي استفاده امكانيه متابعه مستجد علمي عالمي مدينه ملك عبد العزيز تقنيه تكوين لجنه وطني مختلف تعاون علمي جه مءسه سعوديه خارج مركز وطني تطوير تقني دعم مشروع تقني منبثق فكر ابداعي خلاق صول منهج نهاءي اضافه اداره تعاون دولي معني قضيه تعاون دولي مجال تقنيه ,4
نقله نساخ مهمه اصدار نسخه جديد كتاب علمي عربي حديث قديم اضخم مكتبه ملحق جامعه مسجد اكبر دمشق بغداد قاهره جامعه قيروان قرطبه جامعه قروي عد اقدم جامعه موجود عالم مخطوط وفرع فرع ميسر اطلاع استعاره حق قارء استعار كتاب قيمه رهن هٰذا نسبه اميه ذٰلك وقت معدوم قران تابه قراءه الزامي بينما نسبه اميه اوروبا قرن قرن م قال مستشرق ادم متز كتاب حضاره اسلامي قرن هجري اوروبا وقت عد محدود مكتبه تابع دير عرف تاريخ امه اهتم اقتناء كتاب اعتزاز فعل مسلم عصور نهض ازدهار بيت مكتبه اسره غني تباهي مخطوط نادر ثمين تاجر سافر اقصي قاع ارض حصل نسخه مخطوط نادر حديث خليفه اثرياء دفع سخاء مخطوط جديد ,5
غطي سياسه اقتصادي حكومه نظام تحديد مستوي ضريبه ميزانيه حكومي عرض نقد سعر فاءده كذٰلك سوق عمل ملكيه وطني عديد مجال اخر تدخل حكومي اقتصاد امكن تقسيم معظم عامل سياسه اقتصادي سياسه مالي تعامل اجراء حكومي متعلق ضريبه انفاق سياسه نقدي تعامل اجراء مصرفي مركزي تعلق عرض نقد سعر فاءده غالب تاثر هٰذا سياسه مءسه دولي صندوق نقد دولي بنك دولي كذٰلك معتقد سياسي سياسه مترتب حزب ,8
القاسم محمد بن عبد اله بن عبد مطلب هاشمي القرشي ربيع هجره ربيع هجري موافق م م رسول الٰه انسان جن اسلام ارسل اعاد عالم توحيد الٰه عباده شان شان نبيب مرسل خاتم ارسل انسان كافه امن مسلم اشرف مخلوقه سيد بشر اعتقد عصمه ذكر اسم الحق مسلم عباره صلي اله سلم اضافه ال صحب جاء قران سنه نبوي حث صلاه نبي محمد اثر كبير مسلم كثر مظهر محبه تعظيم اتباع لامر اسلوب حياه عبد الٰه قيام حفظ قول فعل وصفه جمع ذٰلك كتاب عرف كتاب سيره حديث نبوي احتفال مولد شهر ربيع عام حد محمد جزيره عربي نظام اسلامي شكل قران تعليم مارسه اساس نظام ,0
نفخ صوره نفخ مخصوص وقت مخصوص ملك مخصوص ايجاد اراد اله تعالي جاء كتاب اله تعالي سنه نبي نافخا نفخ صوره عظيم اراده الٰه تعالي تغير اراد تغير خلق امر قيامه قسم عالم اسلام عد نفخ صوره فٰهناك قال نفخه نفخه فزع نفخه صعق نفخه البعث عالم فرق نفخه فزع نفخه صعق وجعل نفخه ,13
خلال قرن مسيح جماعه مسيحي منطقه مختلف عالم قديم هند شرق فضل تبشير خلال قرن تالي رغم اضطهاد روماني غدي مسيحيه ديانه رسمي امبراطوريه روماني تبني قسطنطين عظيم عام م اهم انتشار اكتساب ثقافه يوناني انفصال يهودي تطوير سمه حضاري خاص مسيحي صنف عاءله كبير كاثوليكي بروتستانه كنيسه ارثوذكسي كنيسه ارثوذكسي شرقي جانب طاءفه مسيحيه ارثا ثقافي ديني اسعي يدعي طقسه اشهر تصنيف عرق هٰذا خصوص مسيحيه شرقي مسيحي غربي ,13
اصدر جوكه شا البومين عام بوغرتليني ريتشل البوم سنت عام خلال هٰذا البومه عمل ضربه كبير تركيا خلال هٰذا اغن اتصل ياه ادركت سنت اصدر البوم الالبوم قاءمه البومه تركي ذٰلك غنيه رمي التوتو هٰذا غنيه مقتبس غنيه توتي فروتي تا كلاس حق هٰذا نجاح غنيه روك وحيد جوكه شا ذٰلك وقت كسر رقم قياسي مطربه تركي تخطي كليبات مشاهده صفحه اليوتيوب وقت ,14
تم كشف قدره لٰكن كون صياده نجمه مرشح قوي حمل نجمه برج اثنا مقدر هزيمه امساك مجرم سابق رايزر اعتبر مستعمل نين قوي اهتمام هيسوكا وصف رءيس سابق نيتيرو افضل مستعمل نين عالم عني مهارات قتالي قدره نين خاصت مستوي عالي غايه مثال اخر قوه مقاتله معظم عضو جمعيه صياد خروج سليم خدش حٰتي جين موهبه تقليد مهاره قلد تقنيه يوريو قلد تقنيه اخر استعمل اخر ,14
عمل برنامج تعليم رمجيه ثابت تسهيل قدره صيانه نسبه مءلف اصلي ضامن فرد تذكر اساس منطقي دقيق سب وراء كتابه عينه محد تعليمه رمجيه طريقه مده طويل كتابه تعليمه برمجي اساس امكن قاعده تعليم مساعده هٰذا امر عمل استخدام متواصل مسافه ابيض تحسين قابليه قراءه تقليل وقت مستغرق فهم برنامج ,10
شكل عام خوف فرد مجتمع موقف امكن تعرض شخص مكن محرج اكل شارع بصيغه اخر اخاف مريض ظهر مستوي اجتماعي فكري شعر احراج موقف اجتماعي تغلب رهاب اجتماعي غالب صعب جد جلسه علاج انقسم هٰذا رهاب نوع رهاب اجتماعي معم عرف اضطراب قلق اجتماعي رهاب اجتماعي محد قلق حاله محد فقط عكس رهاب معم تحول عارض نفسي مشكله جسدي متلازمه مثانه خجوله استطاع شخص تبول مستوي كافي خصوصيه ,11
شكل طبيعي اساس تطبيقي ذٰلك كثير صنف معا طبيعي تميز اجتماعي انساني غيبيات فن ذٰلك ,5
مسجد فاتح بور سيكري جامع مسجد جامع وقع مدينه فاتح بور سيكري وليتي اغره وتر براديش هند انجز اتمام مسجد عام يد شيخ سالم تشيشتي امام مسجد حضره شاه محمد مظهر اولاه اعقب ابن المكرم مولوي احمد قاد مسجد شاد امبراطوريه مغولي اشار لقب شاهي الاءمه شاهي ,7
عرف ارسوي موسيقا اسم ملكه بدون تاج توقيع اولي عقد انتاج عمل موسيقي النوستاليجا خلال البوم نوستاليجا حصل عديد جاءزه موسيقي شهير خلال عمل موسيقي انجز عثمان اشمن الموسيقي مشهور هٰذا عمل كسرت قلبي يمن اتذكر اسمك احب العيون اسود ,14
عام اقترح عالم زوبو تسلسل هرمي تكنولوجيا معلومه اتصال احتوي مستوي هرمي درجه معين القواسم مشترك ارتبط تكنولوجيه سهل نقل معلومه نوع مختلف اتصال واسطه الكترونيه ,4
دم انتاج كامل اله دوار عالي سرعه مولد معدات كهرباءيه فتره طويل نقل مصنع جديد هٰذا بدايه نشا شركه جديد شركه قاطره كهرباء سنه تالي لٰكن عقب كساد عظيم لابد اغلاق موقع ,4
جوتشكا تخطي رقم قياسي افضل مطربه امراه تخطي كليبات مشاهده يوتيوب ذٰلك خلال البوم رمي التوتو اختار افضل فنانه امراه حق اختراق فن ذٰلك خلال جاءزه الفراشه ذهبي حصل جاءزه فنانه البوب عام ذٰلك حفل جاءزه نظم اذربيجان ,14
ثر ثقافه قبلي شكل كبير غالبيه اهل سودان اغلب عرق افريقي تداخل عالم قبلي اغلب مارسه يومي اجتماعي زواج خلفيه قبلي اولي هٰذا عاده اجتماعي زاد اهتمام مساله متعلق عاده قبلي مجتمع ريفي توافق عاده تقليد شكل كبير قبيله سوداني شمالي رءيسي نوبه حلفاوين محس وسكوت دنقله شايقي جعلي شكري ساكن اوسط سودان رغم نوبه وسا عرب اساس ذٰلك اختلاط تم هٰذا قبيله مر عصر ,12
ديانه دارمي ديانه هندي اكبر عاءله ديني عالم اضافه ديانه ابراهيمي ديانه الطاويه تكون اصل هٰذا ديانه هند اشار مصطلح ديانه دارمي ديانه دارمي قديم هندوسي جايني بوذي اضافه ديانه دارمي حديث سيخي السيخيه ديانه حديث نسبه ديانه عد هٰذا ديانه سعه انتشار قاره هندي شرق اسيا جنوبي شرقي اسيا تاثير اخر عالم تم قرن ماضي هٰذا ديانه تبع عالم غربي اوروبا ولايه متحد شكل عام تشاب هٰذا ديانه دارمي كثير ارتبط علاقه قريب فكر ,13
لابي سعيد مناظره شهير منطيق بن يونس مجلس وزير اب فتح جعفر بن الفرات سعيد ناقد منطق يوناني سيما ارسطي راه دخيل عرب منطق عالمي متعالي قال منطق ارسطو يونان اوضح مقصد طرح مثال حرف الواو قال معني ارسطو اختلف معني عرب انتهي مناظره اعتراف وزير انتصار اب سعيد اقر هٰذا ,14
نسب يهودي سامري اصل بني اسراءيل قديم وصل يهودي اصل قبيله سكن ملكه يهوذا ذٰلك سبطي يهوذا بنيامين جزء سبط لاوي بينما دعي سامري انتساب اسباط افرايم منسي ولاوي متبق رحل سبي اشوري سقوط ملكه اسراءيل شمالي مجموعه اخر انتماء بني اسراءيل ,7
طيران ناس شركه طيران منخفض تكلفه خدم سوق ملكه عربي سعودي ملكه متحد عندما اطلق خدمه جده ندن جاتويك خط اوروبي طويل مدي تم تخطيط رحله متوسط مدي كراتشي اهر جنب جنب خدمه المسافات طويل جاكرتا وكوالالمبور دار ابيض مانشستر اسلام اباد مقر ايض بدا رحله جوي ايران وقت مانشستر وجه رحله ملكه متحد قاهره جزء شبكه رحله عاصمه مصري وجه بلد تم تقديم خدمه قطاع ندن جاتويك رياض اعتبار عام شهر تم ابلاغ تم ايقاف خدمه مانشستر اعتبار شهر عمليه ذٰلك شهر متوقع تم تقديم سوق هندي مره رحله حيدر اباد ولي اليكوت خطه ايض خدمه فرنسا ذٰلك كذٰلك صين فلبين نيجيريا جنوب افريقيا وقت لاحق تم ازاله مانشستر قاءمه وجه واءل عام اعلن شركه الغاء خدمه المسافات طويل متوسط ,2
امكن تحديد خصيصه عام دراسه مقارن نظام حكم حرب عالمي نقطه تالي سياده طابع غربي نظام سياسي غربي محط بحث مقارن غلبه طابع قانوني شكلي دراسه ركز مءسه حكومي ايعلي سلطه تشريعي تنفيذي قضاءي نظام موضع مقارنه منظور دستوري اهتمام ذكر مءسه حكومي حزب جماعه ضاغط اتجاه وصف تحليل دراسه وجه عام تجاوز وصف تفسير غلبه اتجاه محافظ نزع سياسه مقارن اهتمام ثابت وغير متغير نظام حكم وصف تطور مر مءسه سياسي انتهي وضع حاضر غياب اهتمام نظري اهتم دارسوا سياسه مقارن بناء نظريه امبيريقي نظام حكم عرف حاول صياغه فرض تعميم اختبار سادسا جمود منهجي تميز مجال سياسه مقارن قصور منهجي شديد ,8
 لغه برمجه مرءي مجاني مفتوح مصدر تطوير برمجيه تم تطوير يد مهندس مصري محمود سمير فايد ,10
يومنا هٰذا زال بربر قدس قبر ولي افريقيا خاص مغرب بلد سمي بلد ضريح ضريح قريه ضريح قدس ساكن مدينه سمي نسبه مدينه بدا اسم سيدي عرف ولي قديس امزيغ يوم اسم امرابض اسم كلمه عربي مربط ارتباط متصوفه غالب جهاد رباط صف امامي معروف اسم رباط حور غربي هٰذا اسم لغاه مرابل ,13
تعد نوع وسيله اعلام عصرنا حالي نوع اعلام مكتوب مطبوع جريده مجله اعلام مري قصد تلفاز حاسوب اعلام مسموع عني اذاعه راديو ,0
نشاط دور فعال مفيد حياه يومي لٰكن ضروري اداء عمل اساسي لٰكن سمح فرد عيش صوره مستقل مجتمع عمل منزلي تناول دواء موصوف اداره مال تسوق استخدام هاتف شكل اتصال اخر استخدام تقنيه تنقل داخل مجتمع ,14
شغل زينب داغي منصب محر مجله منبر الديمقراطيه مجله حثيه عمل مده شهر اكتب مقاله شكل دوري صحيفه يوم مجله اكسيون تزوج زينب داغي احسان داغي انجب طفلين تم انتخاب كناءبه انقره حزب عداله تنميه دوره شغل زينب داغي ايض منصب عضو مجموعه تركي جمعيه برلماني منظمه امن تعاون اوروبي دوره حالي تولي منصب رءيس مجموعه تركي جمعيه برلماني اورومتوسطي نشر زينب داغي كتاب تلقي محاضره تاريخ سياسي جامعه اقتصاد تكنولوجيا وقت ,14
كيمياء تحليلي كثير دور مهم كذٰلك غني اساس حياه استفاد تقنيه تحليلي دراسه ماده حي عمليه تمثيل غذاءي استطاع طبيب تشخيص مرض استناد نتيجه تحليل لازم ذٰلك تقسيم معدن جاء معرفه تام مكون كيمياءي استطاع الفيزياءيون تشخيص نوتج تصادم دقيقه طاقه عالي استخدام تقنيه تحليلي صناعه حديث قيمه ماده خام مدي نقاوه منتج صناعي ملاءمه استعمال سيطره عمليه صناعي مرحله نحتاج معرفه كيمياء تحليلي تاكد جوده انتاج صناعي ,6
بدا فكره اهميه ادب ثقافه روسي كتب ايفان تورغينيف صلاه احده قصيده نثر اصلي رجل قال اصلي حدوث معجزه صلاه قل هٰذا الٰه عظيم منح مره اقال مشعر ماثل كلمه اخير اليو تولستوي عندما دعا تحويل كنيسه روسي ارثوذكسي وادي ظل موت ساوي تحول قرن استخدم كتاب عماد صحيفه روسي عباره اشار ارتباك معنوي هٰذا عصر ,13
اقدم ذكر المصطلح امازيغ كتاب مءرخ عمل مءرخ يوناني هكتيوس الملطي عاش قرن ميلاد تم اعتماد خلال قرن ميلادي معجمي فيلسوف تيفان بيزنطي كتاب شهير تيفان اثنيات يزنطه ذكر معجم لفظ مازيغ يوناني بيزنطي تسميه اثني شعب النوميد ليبو رادف معني ماكسير يوناني بيزنطي ماكلير يوناني البيزنطيه ,12
تم انتهاء عمل ستاد جامعه تطبيقي كره قدم عام مجهز وسيله تقني اقام كثير مباراه جامعي مباراه نادي محلي عربي ضم جامعه ملعب خارجي ملعب كره سله اخر تنس وكره قدم خماسي ,4
اسيا اكبر قاره عالم قطعه وسطيه اوراسيا تقريب دوله مساحه حوالي كيلومتر مربع اسيا افريقيا جه قناه سويس اوروبا حد طويل سلسله جبل الاورال امتد اسيا بحر اسود غرب اليابان شرق ذٰلك اكبر قاره اطلاق تنوع طبيعه تنوع كبير قمه افرست اعلي قمه عالم مكسو ثلوج صحراء عربي امتد مرتفع جبلي عبر معظم وسط اسيا عبر انهار اكبر نهر اليانغتسي صين نهر الغانج هند ادني نقطه ارض بحر ميت وقع حد ارض فلسطيني اردن ,9
خطوه قادم عمليه تصنيع تضمن انتاج مركبه كميه وجوده كبير سمح اجراء تجربه مستوي كبير حيوان بشر هٰذا تطلب تحسين طريقه تصنيع دواء تناسب انتاج مستوي كبير مصنع تحديد افضل شكل صيدلاني هٰذا دواء كيمياء تصنيعي متخص كيمياء دواءي هدف تكيف تطويع طريقه صنع دواء تناسب انتاج صناعي كبير كيلوجرام سمي عمليه تصنيعي ,6
بدا تفكير انشاء لغه ايثون اخر ثمانيني قرن طرف جايدو روسم معهد رياضي معلوماتيه هولندا كخليفه غه برمجه سي دور مستوحا سيتل اراد قادر معالجه حاله استثناءي تفاعل نظام تشغيل اميبا مقابل بدا تنفيذ فكره ,10
طيران الشراعي نشاط رياضي ترفي استعمل طاءره شراعي محرك طاءره شراعي حمال طاءره اخر جري سحب سياره ونش علو معين القي جو هدف طيار بقاء جو اطول مده مكن استعمال تيار صاعد جو هواء ساخن نتحدث ذٰلك طيران حراري مقابل طيران ديناميكي استغل تيار هواءي منجر تضريس مار خاص جبل كثير نادي طيران شراعي عالم اشهر نادي عربي نادي طيران شراعي ملكي اردني مطار ماركا عمان اردن ,2
هزيمه جيش سوري ميسلون احتلال مدينه دمشق جيش فرنسي تواري نازك العابد نظر عاش اسطنبول عمان دمشق نشط مجد حقل علمي انساني حاول حكومه انتداب استماله عرض مبلغ انكليزي شهري دعم مدرسه مدرسه بنت شهيد شرط عمل صالح لٰكن رفض ,7
نرويج بدا لمن اتجاه سلطه طريق تشكيل حكومه وفاق رءاسه كويزلينج صم ريخوميسكار شخص جوزيف تيربوفن وضع قوه احتلال بدايه اتساق جندي عقب هجمه توغل بريطاني سبيل مثال عمليه كلايمور خلخال قفاز كذٰلك فريثام ارتفع حده عام قصد خطه الماني النرويج مثابه قاعده عمليه بحري جوي منع كريغسمرين معبا زجاجه بحر بلطيق بحر شكل قاعده كبير طويل مدي طاءره استطلاع فوك ولف مهاجم ,7
رغم اتفاق علمي اسع نطاق مفاد تصور اساسي تصنيفي عرق امكن دفاع عالم عالم واصل تصور عرق طريقه مختلف نطاق واسع انطوي اثر اساسي باحث استخدم مفهوم عرق تميز مجموعه غامض صفه اختلاف ملحوظ سلوك اخر مجتمع علمي اوحي فكره سباق غالب استخدم طريقه ساذج تبسيط عرق اهميه تصنيفي بشر مشير بشر عاش عاش نوع انسان سوبينز قدر انطبق هومو سابينز سابينز ,5
امكن اعتبار رياضي جزء هٰذا طبيعي لٰكن صله رياضي هٰذا ثيق جد امن كثير اداه مفيد هٰذا رياضي استمد كثير فكر دراسه طبيعيه كذٰلك امكن اعتبار فيزياء كيمياء لٰكن ارتباط ,5
سمي قصر العيني نسبه احمد العيني باشا برع قصر كليه مدرسه طبي مصر مكان مستشفي قصر العيني فرنساوي حالي كليه حوالي طالب سنوي طالب متقدم التحاق دراسه كليه مده سنه عقب تره امتياز مده عام تم تدريب طبيب خريج مارسه عام مهنه مستشفي كليه ,11
كيمياء شرعي كيمياء جناءي ذٰلك فرع كيمياء مختص دراسه جريمه طريقه كشف تقديم دليل علمي ساعد حل قضيه سمي كيمياء جناءي عدلي انقسم كيمياء شرعي كيمياء فحص مستند شرعي كيمياء سموم مخدر دم شرعي كيمياء فحص نسيج خيط حريق مقذوفات عيره ناري متفجر شرعي كيمياء فحص بصمه صبيع قدم شفاه اطار سياره شرعي كيمياء قياس معايره شرعي ,6
مرحله اكتشاف مرحله تم تعرف مركبه كيماءي جديد فعال سمي مشاهد تم اكتشاف اثناء استخدام دواء موجود مسبق غرض علاجي مرض مختلف طريق مشاهده تاثير حيوي ماده طبيعي جديد موجود مسبق مستخلص بكتيريا فطريه نبات ,6
ديانه يزيدي تبشيري استطاع شخص ديانه اخر انتماء ذٰلك عد عديد ضمن امير يزيديه تحسين بيك قوميه مستقل ديانه كثير يزيدي كرد قومي وصف مسعود ارزاني اعرق كرد قسم يزيدي عرب قوميه يزيديه عشيقه وبحزاني,13
رالظ زخرفه مغربي تاثر طرز اسلامي تاثر كبير تطور بطي قياس تطور ساءر طرز المعماريه اخر اهم مركز فني هٰذا طراز اشبيليه غرناطه مركش وفاس اسفه نسمع ان كتاب مءرخ فرقه حضاره اندلس حد تفعيل ذٰلك عنصر ربط ذٰلك حضاره اشتهر مغرب لباس مسمي محلي تقليدي كثير تنوع تبادر ذهن جلابه رغم تاشب اسم جلابي مصري جلابه مغربي اختلف نسبي كون جلابه مغربي احتوي غطاء راس سمي قب كلمه قبه لان جلابه مغربي احتوي زخرفه تفاوت منطقه مناسبه تلبس ,12
نوعان لعب كره قدم وثق وجود تاريخي اوروبا ايبسكسروس يونان قديم هارباستوم ظهر خلال عهد روماني لعبه كره قدم تجمر انسان مسجل لعب كره قدم حمل يد ركل عديد منافسه قديم حول ركل كره عد قليل بلد التسوجو صين لعب مشابه لٰكن تنافسي الكيماري اليابان والوغاباليري استراليا اعتمد قانون حديث كره قدم جهد ذٰل وسط قرن توحيد نوع مختلف كره قدم لعب مدرسه انجلت را محلي تاريخ كره قدم انجلت را قرن ,1
مباراه اولي فءه رو راندي اورتن ضد جيف هاردي بطوله دبليو دبليو وفاز اورتن طريق تثبيت نفذ حركه قاضي ار مباراه اولي فءه سماك داون ايدج ضد ري ميستيريو بطوله عالم وزن ثقيل فاز ايدج طريق تثبيت رمح ميستيريو منتصف هواء مباراه ظهر كرت انجليزيه مونتيل فانتيفيوس ورتر ضد ريك فلير مباراه تهديد وظيفه جون برادشو افال ضد كريس جيريكو ,1
اختلف اقويل حول سب تسميه قاهره هٰذا اسم قال جوهر الصقلي سمي مدينه امر المنصوريه تيمنا اسم مدينه منصوريه خارج قيروان منصور الٰه والد المعز دين الٰه تمن اسم والد معز احياء ذكر استمر هٰذا اسم قدم المعز مصر اطلق اسم قاهره ذٰلك مرور سنه تاسيس تفاءل قهر دوله عباسي منافسه فاطمي قال سمي قاهره قهر دني سمي نسبه كوكب قاهر كوكب مريخ مدينه قاهره عده اسم شهير مصر المحروسه قاهره المعز مدينه مءذنه جوهره شرق ,9
صل ذكر شرشور الصبير اسباني جزيره دافني ميجور عام انتج تزاوج شراشير جزيره غالابوس محلي مجموعه جديد شرشير امكن استخدام غذاء مستخدمه سابق سب حجم كبير تكاثر هٰذا نوع نوع اخر جزيره انثي تعرف نغمه ذكور غريب تبين دليل وراثي ان مرور جيل عاش هٰذا نوع عزله تكاثريه كامل نوع محلي اخر وفق استاذ ليف اندرسون جامعه اوبسالا عالم تصنيف بيولوجي عرف تاريخ هٰذا نوع اعتبر نوع مستقل ,5
اشبه مسجد تصميم معماري جامع اموي دمشق هيءه هيكل عماد مستطيل فناء مركز مفتوح قياسه خارجي مسجد متر طول متر عرض امتد جانب اطول جنوب بلغ قياس فناء متر طول متر عرض وقع قاعه صلاه جه غربي انقسم جناح متناظر فصل بلاطه اوسط احتوي قاعه صلاه بلاط دير شمالي جنوبي شرقي محيط فناء تكون بلاط ضم مسجد اجمال عمود خليج قبه منطقه داخلي فناء احتوي واجه مستمر مكون قوس علو متروس ,7
قاعده تعليم برمجي مجموعه ارشاد غه برمجه محد اوصي نمط برمجه مارسه برمجه وطرق برمجه جانب عينه برنامج مكتوب هٰذا لغه غطي هٰذا قاعده عاده تنظيم ملفه مسافه بادء تعليق اقرار عباره مسافه ابيض قاعده تسميه مارسه برمجه مبدا برمجه قاعده ابهام خاص برمجه خلاف اوصي مبرمج برنامج ضروره اتباع هٰذا ارشاد مساعده تحسين قابليه قراءه تعليمه رمجيه مصدر تسهيل صيانه برنامج قاعده تعليم برمجي ساري مصلح بشري مراجع انظر مشروع برنامج ربما تم صياغه قاعده صوره مجموعه موثقه قاعده تبع شركه فريق كامل ربما رسمي مارسه تعليم برمجي معتاد فرد تم فرض قاعده تعليم برمجي واسطه محول برمجي لذا شكل عدم اتباع قاعده تاثير برنامج قابل تنفيذ تم انشاء تعليمه رمجيه مصدر ,10
جغرافي ساكن فرع فرع جغرافيا بشري درس علاقه متعد قاءم انسان بيءه ساكن محور رءيسي دار حول خلال كثير شتي مجال سواء انساني تطبيقي اتضح سبق دراسه جغرافي ساكن تناول جانب رءيسي نمو ساكن توزيع سطح ارض تركيب عمري نوعي اقتصادي ديني تعليمي اساس هٰذا دراسه علاقه مكاني تميز جغرافيه ساكن ديموغرافيا ذٰلك تناول ساكن رقمي وصف موضوع مستقل بيءه ,9
اثناء شهر شتوي امكن بحر بلطيق وسيله نقل مساعده سفينه كاسحات جليد سبيل مثال عمل كاسحه ازاله جليد فتح طريق عملي ساسنيتز المانيا تريلابورج السويد تم نسف سفينه مختلف سفينه فنلندي رجا دنماركي ورين جنوب الند حول هٰذا سفينه تم عثور اثر طوربيد سويدي غواصه مسءول عمليه بينما خليج فنلندا مليء لغم بحري كثافه خلال عمليه عسكري درجه طلب معالجه واسع نطاق حرب ,7
لد نوريا اكمان عام محافظه لادي مدينه سامسون قضي نوريا اكمان حياه تعليمي مدينه انقره التحق كليه الاتصالات جامعه غازي تخرج عقب عمل بنك سومر مده عام التحق جريده ميليت خلال عو عمل صحيفه حريه خلال عام عمل نوريا اكمان صحيفه عام القي محاضره تقنيه مقابله صحفي ذٰلك كليه اتصال جامعه هتيشهر قدم نوريا اكمان اعد برنامج بعنان الصياد الرقيق قناه ار برنامج تعاطف قناه سكاي تورك بت نوريا اكمان روايه وضع قول مقابله كتاب نشر عد نوريا اكمان شقيقه علي اورال مالك دار نشر شولي عد ده طفل القي نوريا اكمان محاضره تقنيه استجواب ذٰلك ورشه اتصال نوريا اكمان فتح شجره فستق اوسكودار واصل نوريا اكمان كتابه مقاله صحيفه وقت نوريا اكمان واصل ابداع جدول عمل ذٰلك خلال ضيف كريم استضاف اسبوع برنامج جذيب برنامج تعده نوريا يوم ساعه قناه خبر ار ,14
دل اثر مصري مصري قديم نوع رياضه مصارعه رقص شك رياضه اثبت كعمل مهم تدريب محارب كثير لوحه صوره فراعنه مصر صيد اسود غزال قوس اثناء ركوب عربه حربي دل اثر عصر يوناني ملعب اولمبي يونان عديد رياض نظم مسابقه مشارك بلد يوناني استوحي عديد رياض نشاط انسان بداءي مطارده فريسه لقمه عيش استوحي رياضه عدو رمايه قفز تجاوز كارثه طبيعي استوحي رياضه قفز سباحه بحر صيد سمك استوحي رياضه سباحه استعمال الخيل تنقل وقد استوحي رياضه سباق الخيل رياض صيني سنه لعب كره قدم حديد ,1
مقوله مشهور عقل سليم جسم سليم امكن الخص دور رياضه حياه يومي حياه انسان عموم اعتبر رياضه مهم صحه نفسي جسدي انسان تخلص مل ضغط حياه يومي مارس مبتعد ادمان عاده سيء تدخين مخدر اكد دراسه تجريبي علمي فرد ركض جل درجه عالي اختبار فكري انخفض هٰذا درجه عندما توقف تدريب اشار تمرين مستمر متواصل امر ضروري احتفاظ فاءده مرجو ,14
رغم اقتراح مره عام ظهر مصطلح حاسوب مقال نشر عام مجله شهري اتصال جمعيه اله حوسبه دعا لويس فين انشاء كليه دراسه اعلي حاسب الي غرار انشاء كليه هارفارد عمل عام بر لويس تسميه قول هٰذا موضوع اداره موضوع تطبيقي متعد تخص طبيعه بينما اتسم خصيصه نموذجي تخص اكاديمي تكل جهد جهد اخر محل عدي جورج فورسيث نجاح فقد استمر جامعه انشاء هٰذا قسم بدء جامعه بوردو عام علي رغم اسم قدر كبير حاسوب تضمن دراسه حاسوب هٰذا سب تم اقتراح عديد اسم بديله فضل قسم جامعه اكبر مصطلح حوسبه تاكيد هٰذا اختلاف تحديد اقترح عالم دنماركي تر ناور مصطلح بيان داتالوجي عكس حقيقه هٰذا تخص علمي دار حول بيان معالجه بيان شمل ضروره جهاز كمبيوتر مءسه علمي استخدم المصطلح قسم بيان جامعه كوبنهاغن تاس عام بيتر ناور استاذ بيان استخدم المصطلح شكل رءيسي دوله اسكندافي مصطلح بديل اقترح ناور بيان استخدم هٰذا المصطلح ان مجال متعد تخص تحليل بيان ذٰلك احصاء قاعده بيان ,10
نصب رءيسي باقي قوس نصر ثلاثي نقوش مر عبر طريق مءدي كسانثوس جدار مسرح قطر قدم حوالي متر عام ميلادي شهد نقوش محفوظ شكل جيد جد رغم مغطي شكل كبير رمل تذري رياحه بني حمام كبير عهد فيسباسيان ميناء ,7
امتلك جين شخصيه خجول عنيد درجه اراد غون قابل وحد زاعم سيك جبن احضر غون صديق مقابله صديق جين سال هٰذا اخير اخاف مواجه انسان حكم خلال تصرف ارك انتخاب رءيس جمعيه صياد تاكيد وصيه نيتيرو تم انجاز احترم رءيس راحل حد كبير ,14
حقل علمي فرعي تناول سياسي تضمن سياسه مقار اقتصاد سياسي نظريه سياسي فلسفه سياسي منهج سياسي سياسه عام اداره عام علاقه دولي اهتم سياسي موضوع مدني نظام قومي تحليل سياسه امه تطور سياسي قانون دولي سياسه تاريخ فكر سياسي حريه عام حق انسان فضل كون مرتبط اقتصاد قانون اجتماع تاريخ فلسفه جغرافيا انسان عصب حي ,8
تميز حياه اجتماعي قدم مجتمع كويتي ترابط اسري منزل ضم فرد اسره جد جده ابن حفيد ذٰلك حقبه كثير عبء رب اسره لزام شب بدا عمل سن مبكر جد تزوج سن صغير دور فرد فرد اسره اضحه معروف دور رجل عمل كسب لقمه عيش نساء دور تربيه اهتمام شان منزل قرار داخل بيت فكان كبير اسره ,12
غطي سياسه عالمي سياسه دولي جانب سياسه اثر نظام سياسي متعد عني ناحيه عملي ظاهره سياسي عبر حد وطني امكن شمل ذٰلك مدينه دوله قومي شركه متعد جنسي منظمه حكومي منظمه دولي عد علاقه دولي عنصر حظي اهميه كبير علاقه دوله قومي اتسم سلمي عندما دار عبر دبلوماسي عنيف وصف حرب اشار دوله قدره مارسه نفوذ دولي قوي قوه اعظم امكن تسميه دوله قوه قوه اقليمي متوسط اطلق نظام دولي قوه اسم نظام عالمي تاثر توازن قوه حد درجه قطبي نظام معني نظام عالمي توازن قوه احادي قطب ثناءي قطب متعد قطب قوه ناشء عمل زعزعه استقرار نظام عالمي خاص اظهر نزعه انتقامي وحدوي ,8
كتاب فنان صحفي كاريكاتوتي عرف بدايه قرن اتجاه مزيد انتاج فكري ابداعي تصوير حياه يومي مواطن صوره ملحوظ عمل انتاج ثقافي فني ماضي اهم ابدع تصوير حياه فني بدايه قرن نذكر فنان عالمي شارلي شابلين سبيل مثال حصر ,13
شمل مهمه معتاد مهندس حاسب تابه برمجيه برنامج ثابت متحكمه دقيق مضمن تصميم شريحه داره تكامل فاءق تصميم جهاز استشعار تناظري تصميم لوحه داءره مطبوع مختلط اشاره تصميم نظام تشغيل مهندس حاسب تلاءم بحث روبوته اعتمد شكل كبير استخدام نظام رقمي تحكم نظام كهرباءيه مراقبه محركه اتصال جهاز استشعار عديد مءسه سمح طالب هندسه حاسب اختيار مجال دراسه متعمق انهم اعلي ذٰلك لان نطاق معرفه كامل مستخدم تصميم تطبيق جهاز حاسب تجاوز نطاق درجه بكالوري طلب مءسه اخر طالب هندسه اكمال سنه سنه هندسه عام اعتبار هندسه حاسب تخص اساسي ,10
حزب سياسي انجليزيه منظمه نسق مرشح منافسه انتخاب بلد معين تبني عضو حزب غالب فكر متشابه حول سياسه امكن حزب راج هدف ايديولوجي سياسي محد ,8
وقع مسجد ساحه واسع بلغ مساحه قدم مربع اتسع مسجد حوالي شخص اداء صلاه وقت تم بناء محراب رءيسي حاءط غربي مسجد نقش ايه قران كريم استخدام خط راءع اكتمل هٰذا نقش عام واسطه مالك ياقوت امر سلطان محمد عادل شاه تميز مدينه يجابور عديد معلم بارز عد قبه مسجد جامع احده اجمل قب مدينه ,5
سياسه اجتماعي تعامل نظام حكم سلطه تحليل نشاط سياسي مءسه سياسي فكر سلوك سياسي دسار قانون مرتبط اعتبار اجتماعي سياسه معاصر تشكل نصف اخير قرن انفصال فلسفه سياسي تاريخ اخر قرن شاءع اعتبار سياسه مجال مستقل تاريخ مصطلح سياسه ميز داءم فلسفه سياسي مجموعه واضح سابق شمل فلسفه اخلاقي اقتصاد سياسي له سياسي تاريخ مجال اهتم تحديد معيري انبغي استنباط خصيصه وظيفه دوله المثاليه ,8
عام استحوذ شركه موقع سابق حوله مصنع تغذيه صناعه طيران بدا انتاج سلاح عام تم انتاج طوربيد قذيفه قنبله يدوي محور مروحه انبوب مدفعه مدفعيه انتج مصنع قاطره ڤيلداو ذءب سكه حديدي استخدم الفيرماخت الماني اثناء انسحاب اتحاد سوفي ايطاليا ,4
طيران ترفيه سياحي نشاط ترفي مقن خص طيار وجب حصول رخصه طيران طاءره معيار تجهيز دني صيانه تنقل طيران رءيه سمي طيران جهاز سمي تكلفه تدريب طيران طاءره صيانه عاده مشموله نادي طيران طيار راكب جولات جوي استعمال طاءره خفيف تنقل عاده علو منخفض هٰذا نشاط تاثر جد عامل جوي شمل هٰذا نشاط مروحي ايض لٰكن تكلفه تشغيل تعد مرتفع هٰذا وسيله تناقص نظر صناعه طاءره خاص هٰذا نشاط ,2
بحث ذكاء اصطناعي بحث عالي تخص تقنيه درجه نقده انتقد تفك هٰذا مجال تمحور مجال فرعي ذكاء اصطناعي حول مشكله معين تطبيق اداه خاص وحل اختلاف نظريه قديم راي تضمن مشكله رءيسي ذكاء اصطناعي قدره تفكير منطقي معرفه تخطيط تعلم تواصل ادراك قدره تحريك تغير شيء زال ذكاء عام ذكاء اصطناعي قوي هدف عيد مدي بحث هٰذا مجال ,10
قاعده اخر هيدروكسيد الكالسيوم استخدم تكليس جدار استخدم صناعه اسمنت محلول نشادر هيدروكسيد الامونيوم استخدم صناعه سماد كيماويه ,6
ابتداء قرن ميلاد فيثاغورس بدا اغريق قديم دراسه منهجي رياضي موضوع حد رياضي يوناني حوالي ميلاد قدم اقليدس طريقه بديهي زال استخدم رياضي يوم تكون تعريف بديهي النظريه اثبات اعتبر كتاب اصل نجاح تاثير عصر غالب اعتبر عالم الرياضيات اكبر عصر قديم ارخميدس ميلاد تطوير صيغه حساب مساحه سطح حجم ماده صلب استخدم طريقه استنفاد حساب منطقه قوس قطعه مكافء تجميع سلسله انهاءي طريقه اختلف كثير حساب تفاضل تكامل حديث انجاز بارز اخر رياضي يوناني قسم مخروطيه ابلونيوس البرغاوي قرن ميلاد المثلثات ابرخش قرن ميلاد بدايه الجبر ديوفانتوس الاسكندري قرن ميلاد ,3
اندلاع حرب عالمي اعتزم بريطاني ارسال سفينه حربي بالي معركه انتقامي استناد فكره نستون تشرشل تخفيف استخدام جسر مدرع تدمير حركه مرور ميني السويد المانيا سمي عمليه كاترين لٰكن تم تخلي فكره اولويه اخر استخدام ماده لازم تحويل سفينه سب نقص عماله ماهر ,7
كيمياء فلكي دراسه عنصر كيمياءي موجود فضاء خارجي تشكيل تفاعل اشار كيمياء فلكي دراسه كيمياء نظام شمسي وسط البين نجم درس كيمياء جر نظام شمسي مذنبه نيزك سمي كيمياء الكونيه درس تفاعل ذره جزيه وسط البين نجم يدعي الفيزياء فلكي الجزيءيه سنه عديد فلكي معرفه ضءيل تركيب وسط البين نجم فلك بصري ظهر نجم مجر سدم بينما وسط نجم ظهر مظلم تمام شيء لٰكن ظهور فلك رادي خمسينيه ستينيه جاء اكتشاف مذهل اظهر رصد خط طيفي هيدروج طول موجه بلغ نتيمترا دل وجود كميه كبير هيدروج وسط البين نجم اكتشف عديد عنصر اخر وسط البين نجم اكتشاف هيدروج لٰكن نسبه قليل نادر تركيب كيمياءي ذري سحب جزيءي لعب دور اساسي تكوين نجم كاكب تطور نجم نظام كوكبي تولد هٰذا سحب ,6
استطاع تفاعل كيمياءي تم فضل جهد كهرباءي استطاع تفاعل ولد جهد كهرباءي حاله بطاريه سمي هٰذا تفاعل الكتروكيمي شكل عام تم كيمياء كهرباءيه طريق تفاعل كيمياءي نوع تفاعل كسيد اختزال شكل منفصل فصل مسافه معين تم خلال انتقال الكترونه اتاح فرصه شكل جهد كهرباءي تيار كهرباءي انتقال شحنه مباشر جزي اخر دخل نطاق كيمياء كهرباءيه ,6
غالب اعتقد ذوي اضطراب افراط تناول طعام انقص ضبط جذر هٰذا سلوك مرتبط شكل مباشر اتباع نظام غذاءي صارم بدا اضطراب افراط تناول طعام عندما فرد عاده اكل قاسي حال اتباع نظام غذاءي قاسي قريب مجاعه استهلك كميه كبير جد طعام وقت قصير استعد جسم نمط سلوكي جديد ,11
كيمياء جناءي ارتبط عاده تحليل مسرح جريمه مكان وقوع جريمه شمل عمليه تحليل كيمياءي استخدام طريقه تحليلي كيمياءي تحليل غموض كثير جريمه سواء قتل تفجير سرقه نوع نوع حادث عاده تم طريق تحليل تعرف اصل كثير ماده كيمياءي استخدم مسرح جريمه تطبيق عديد جناءي مختلف مجال تزيف تزوير اعتبر ورق نقدي اهم مستند تعرض تزوير لان تكون اجود مكون ورق حبر طباعه اضافه وجود ساءل ضمان منع تزيف ,6
حارس مرمي لاعب وحيد سمح لمس كره يد ذراع شرط داخل منطقه جزاء استخدم لاعب حارس ارجله غالب تسديد تمرير كره امكن استخدام راس ضرب كره فريق احرز هدف فاءز احرز فريقان هدف متعادل نهايه مباراه نتيجه مباراه تعادل دخل مباراه نظام وقت اضافي ضربه ترجيحي اعتمد ذٰلك نظام بطوله وض اتحاد انجليزي كره قدم قانون عبه كره قدم سنه انجلت را تراس عبه كره قدم دولي اتحاد دولي كره قدم الفيفا انظام طوله كاس عالم هٰذا رياضه مره سنه بطوله اهم دولي ,1
برزخ شكل عام فكره عالم ملموس مستعمل فكر اسلامي معناه الغوي مكان فصل شيء مسلم اطلق عالم فصل عالم موت يوم قيامه صوفي اعتبر مرتبه فكري ادراكيه معرفي ذكر قرين تم تفسير خلال حديث تبني فرقه اسلامي فرقه حياه انسان عاش ومت مقسم قسم حياه دني حياه برزخ حياه اخره معتقد اسلامي ,13
ذٰلك غن غنيه حبس ماء فيلم قصير مسلسل اخر كليب اختار تصوير عديد مستمعي الراديو غنيه موسيقي حب اخراج سردار سيكي تم عرض جزيره ناهيد رويا عندما تعليق استعراض كليب نجح الكليب عرض مده شهر متواصل قاءمه اغن قدم غنيه كلمه هٰذا غنيه حيه وضع كشعار وضح دنيز سيكي ذٰلك وقت اصدر كليب اخر غضون اسبوع ,14
لٰكن شخص مصاب اضطراب افراط تناول طعام مشعر سلبي طعام اضطراب تناول طعام اخر اعتبر اضطراب افراط تناول طعام اضطراب تعبيري اضطراب عبر مشكله نفسي عميق اعتقد باحث اضطراب افراط تناول طعام افرع نهام عصبي شكل ابسط بينما اختلف اخر اضطراب مختلف نهام عصبي ,11
نتيجه هٰذا تنوع استخدام مصطلح يساري اختلاف يساري حول شمل لفظ فمثلا اكد ليبرالي اجتماعي حريه ديمقراطي اشتراكي التزام ديمقراطيه رفض ثوري تبني شيوعي اشتراكيه ثوري رفض ملكيه خاص وسيله انتاج مثل حقيقي يسار ,8
عد مدينه قاهره مدينه تنوع ثقافي حضاري شهد عديد حقب تاريخي مختلف مر عصر عديد معلم قديم حديث متحف مفتوح ضم اثار فرعوني يوناني روماني قبطي اسلامي تاريخ مدينه نشاه مدينه اون فرعوني هليوبوليس شمس حالي عد اقدم مدينه عالم قديم قاهره طراز حالي تاريخ انشاء فتح اسلامي مصر يد عمرو بن العاص عام ميلادي انشاء مدينه فسطاط انشاء عباسي مدينه عسكر بناء احمد بن طولون مدينه قطاعه دخول فاطمي مصر قادم افريقي تونس حالي بدا قاءد جوهر الصقلي بناء عاصمه جديد دوله فاطمي امر خليفه فاطمي المعز دين الٰه ذٰلك عام ميلادي اطلق خليفه اسم قاهره اطلق قاهره مر عصر عديد اسم مدينه مءذنه مصر محروس قاهره معز شهد قاهره خلال عصر اسلامي ارقي فن العماره تمثل بناء قلاع حص سور مدرسه مسجد منح لمحه جمالي زال موجود حي قديم ان ,9
 اطار برنامج مايكروسوفت تكيف سابق طراز كاءن مكون وربط كاءنه تضمين تكنولوجيه المحتوي تحميل شبكه سيما سياق شبكه عالمي قدم شاع استخدام نظام تشغيل اندوي مبدا اعتمد مايكروسوفت يندوز لٰكن واقع معظم عنصر تحكم تطلب محكي يندوز معظم تطلب عميل انتل عمل جهاز لان احتوي تعليم برمجي مترجم ,10
عام عندما بلغ عمر صدر البوم معروف اسم تعال هموريه ذٰلك انتاج شركه بيكر موسيقي ميرا تصوير اغنيتين هٰذا الالبوم عمل فيديو كليب واقعه الميءوس اعال عندما بلغ عمر صدر البوم عرف اسم نورتوب بناء نجاح هٰذا الالبوم انتشار اعتقد كثير شخص هٰذا الالبوم الالبوم ميرا ,14
تميز صيف طويل شتنبر حراره شديد جفاف رطوبه تناوب درجه حراره وصل درجه مءوي درجه فهرنهايت درجه حراره معتدل خلال رغم درجه حراره فصل شتاء انخفض درجه مءوي درجه فهرنهايت مطر ذكر بلغ متوسط ملم سنه اقتصر اشهر شتاء سقوط سطور عاصفه فيضان غزير غالب وادي صغير وادي جاف عاده جاي عاصفه ترابي عنيف انزل جزيره احجب شمس تسب ضر ريح تعطيل حظه نقل خدمه اخر معظم بلد صحراء ترابي جزء صغير صالح زراعه ,9
داله نتيجه عندما طبق عد مقابل هٰذا داله سمي داله زوجي قيمه عندما طبق عد مقابل هٰذا قيمه عندما طبق مقابل هٰذا عد هٰذا داله سمي داله فردي داله تقابل اقال داله تقابلي ان شموليه تبايني داله شمولي داله ضمن وجود سابق عنصر عنصر مجموعه وصول داله تبايني داله ضمن اختلاف اختلاف مدخله ,3
لغه مصري شكل فرع منفصل عاءله لغه الافرو اسيوي لغه مكتوب معروف نقوش هيروغليفي محفوظ اثر ورق البردي لغه قبطي مرحله اخير لغه مصري يوم لغه مقدس كنيسه قبطي ارثوذكسي هجه كوني لهجه معتمد مصري لغه يوناني مهم اسكندريه هلنتي استخدم فلسفه درس حق عالم لغه عربي ,12
غالب تم تشخيص اضطراب نفسي فق معيار وارد مرجعه تشخيص مرجع مستخدم نطاق واسع دليل تشخيصي احصاءي اضطراب عقلي نشر جمعيه امريكي طبيب نفسي تصنيف دولي مرض منشور منظمه صحه عالمي نشر طبعه دليل تشخيصي احصاءي اضطراب عقلي عام متوقع فاءده كبير عديد مجال طبي ,11
تميز جزيره عربي موقع توسط بلد شرق ادني قديم دور بشري مءثر تكوين سلاله عد ساكن اقدم نصيب ايض دور وساطه تاثير خط اتصال اقتصاديه دل اثر باقي جزيره مر بفتره متعاقب بدايه انسان بداءي قديم عصر حجري اداه حجري رسم داءيه متفرق تضمن اساس جماعه عربي متحضر عصور تاريخي قديم اثر معماري قاءم معبد سور سد حص برج مسكن مقبر عثر احتوي اثر متنوع اداه استعمال يومي اداه زينه فن نحت نقش منطقه عده جزيره عربي اشار اكتشاف اثري وجود اقدم حضاره تاريخي مستوي جزيره عربي منطقه نجران اقدم حضاره مكتشفه جزيره حضاره عبيد دلمون ازدهر منطقه حسيس خليج عربي اكتشف اقدم اثر حضاره انساني جاء ذكر دلمون كتابه مسماري قديم الفي ميلاد بلد رافدان سوريا,7
 تم ترقيه مصطفي كمال رتبه كباش رتبه عسكري عثماني عني قاءد جندي عادل رتبه راءد جيش تركي حديث نظر لان قبا شاءع رتبه عسكري عثماني اطلق رتبه بكباشي تم تسميه مصطفي كمال افندي ان صاعد اسم مصطفي كمال تم ترقيه مصطفي كمال رتبه ميرليفا عادل يوم لواء رتبه عسكري عثماني قب باشا شاءع اطلق رتبه ميرليفا ذٰلك لقب اسم مصطفي كمال باشا تركي ,14
حاول باحث توضيح فكره عرق طريق مساواه فكره بيولوجي غطاء و عباره مجموعه تصنيفيه كاءنه حي سلف مشترك حفيد ذٰلك جد مجموعه احدي مخلوق انتج طريق تكاثر جنسي سلاله مباشر احده حيده اب كارل ينيوس تصنيف كاءنه حي اساس تاشب اختلاف تشريحي سعي ا ه انشاء تصنيف شجره نشوء تطور اساس تشابه اختلاف وراثي تبع عمليه اكتساب خصيصه متعد كاءنه حي فردي ,5
شيد مسجد قابل تاجر يمني مستوطن فتره اسلام ملكه انديا ذٰلك امر بدحان ازنه بن ساسان حاكم يمن قرن هجري اعتنق اسلام عام م م عهد كافاد ابن كسري ملك فارس اعاد بناء مسجد قرن ميلادي حرب اعتبر مسجد شهيد اقدم مسجد هند شخصيه بارز زار مسجد ازان بن ساسان تميم بن زيد الانصاري ابن بطوطه نقور عبد القدير ارفادي ابراهيم صاحب سلطان عثماني مراد عالم مسلم ذكر ابن طوطه مذكره سفر هٰذا مكان ضم اكبر عد مستوطن عربي اعرب دهشه عندما شاهد عاش ارض عربي ,7
تاريخ حوسبه تسلسل زمني حوسبه ميلاد عداد اداه معروف استخدام حساب معتقد تم اختراع بابل حوالي عام ميلاد هيءه خط مرسوم رمل وضع حص ذٰلك حاسوب نظام حساب متقدم معروف ان سبق طريقه يوناني حوالي عام زال استخدم عداد تصميم حديث اداه حساب ان ,10
مسجد وقع مخط طولي بطول متر عرض متر اقام قاعده متر ساحه مفتوح حجم مربع بلغ متر جانب محاط اروقه بني هيكل عمودي عمود اتجاه جنوب انقسم مر ساحه مفتوح مصدر ضوء تهويه مساحه صلاه داخلي تم تقسيم سطح مربع متساوي حجم قباب صغير مربع بلغ مجموع قب كلي قبه قسم سقف سقف مسطح مجتمع سقف مسجد ,7
قدم معز ارسوي النوستالجيا خلال البوم حق خلال هٰذا البومه مبيعات وصل مليون نسخه نتيجه اعجاب كبير سلسله النوستالجيا مقدم خاص فتره سد عديد ضريبه هٰذا فتره تم منح عديد جاءزه ذهبي بلاتيني سب هٰذا البومه نجاح جاءزه حصل حصل معز ارسوي عديد جاءزه منظمه مختلف ,14
مطلع قرن اندلع انتفاض شعبي ضد ضريبه مفرط دوله ثوره قوي شكل خاص نصف قرن خلال حكم علي يابغو تبين انقسام حاكم اوغوز فرع سلجوقي اوغوز ضار دوله استخدم فرع سلجوقي اضطراب صالح قاد انتفاضه استولي جندي لٰكن اجبر مغادره منطقه ,7
 شركه اتحاد قطار توقيع شراكه شركه دي دولي شركه فرعي مجموعه دويتش دي الماني ذٰلك تشغيل صيانه قطار قدم شراكه متمثل شركه اتحاد قطار دي خبره تشغيل صيانه قطار مبدءي مرحله مشروع امر مهد طريق عمل شركه صفه استشاري عمليه مرحله مستقبلي شبكه السك حديدي اتحاد قطار ,9
حكومه قطري شجع استثمار خارج قطر مشروط اغلبيه قطري فاءده سبيل مثال شركه ملوك شركه قطر بتروكيماو حكومه قطر شركه فرنسي ايطالي شركه شركه قطر غاز بدا انتاج عام مشروع ملوك دوله قطر هيءه عام بترول شركه اجنبي اخر شركه نفط موبيل ولايه متحد حصه عام وقع شركه اتفاقيه بيع وشير سلطه تشوبو الكتريك شركه اليابان بيع غاز طبيعي المسال سنوي مده عام شركه اخر ولايه متحد شركه فيليبس وقع اتفاق انشاء مجمع جديد بتروكيماو قيمه مليون منطقه صناعي سعيد ,9
وقف مسجد قاعده عالي اقترب الدرج مدخله مقنطر ادي فناء توج مسجد بناء قباب كبير حجر رملي تميز نقوش متعرج رخام مسجد معلم رءيسي مدينه عو مثابه نقطه مرجعي مفيد استكشاف سوق مزدم امتد وصل قاعده زين جامع لوحه جميل حجر مرصع منحوته بلط مزج ايوان رءيسي مبني ايوان سيط نوع احتوي قوس رءيسي تصميم هندسي ,12
شمل مارسه اخر صله بطب سن مسند دليل تصوير فم شعاع فحص تشوه سن تهابه فم مرض دم دراسه دم تجنب مضاعفات نزيف اثناء جراحه سن مرض قلب سب مضاعفه خطير مختلف ناتج جراحه سن مريض قلب الخ ,0
كيمياء كهرباءيه كيمياء كهربي كهروكيميا كهركيمياء فرع كيمياء درس تفاعل تحدث سطوح موصل كهرباءيه الكترود مءلف معدن موصل غرافيت محالي شاردي كهرله ,6
 وقف سيزين اكسو مشجع امل ترتيب متخذ اصدر امل البوم اخر عرف اسم روح سمع تعامل اونو تونش مراد ياتير رغم نجاح اغاني اصابه فقد تعاون الموسيقي ارجان اعتشي اغاني ولد امل ليله مجرد صدور البوم اصاب خيبه امل كبير باع نسخه فقط ,14
ادي ربيع عربي اضفاء شرعيه سلطه سياسي كبير بدايه جماعه محظور قانوني مصر عديد دوله عربي اخر لٰكن اعتبار عام م عاني انتكاس شديد تراجع شعبيه فقد مصداقيه مءيد حد كبير تم اضفاء شرعيه جماعه اخ مسلم مصري عام م عام اطلق حزب سياسي مدني سمي حزب حريه عداله فاز عديد انتخاب ذٰلك انتخاب برلماني مصري م م انتخاب رءاسي عام م عندما مرشح محمد مرسي رءيس مدني مصر تسلم سلطه ديمقراطي خلال انتخاب رغم عام انتخاب حاشد مظاهره اضطراب م يوليوز اطاح جيش وضع رهن اقامه جبري عارض جماعه ذٰلك اعتبر انقلاب عسكري اعتبر معارض مرسي استجابه مطلب شعبي دعا جماعه عده مظاهره اعتصام احتجاج عزل لٰكن تم فض اعتصام قوه ادي قتيل جريح اعاد حظر جماعه مجد مصر م ادرج م ضمن منظمه ارهابي هجمه ارهابي استهدف مءسه امني تم تصنيف منظمه ارهابي سعوديه اماره اضام مصر مدفوع فكره جماعه اخ شكل تهديد حكم جماعه اخ ادعي منظمه سلمي ديمقراطي قاءد ادان عنف عمل عنف اتهم عديد سياسي غربي عربي تغذيه تطرف اسلامي مصدر ايديولوجي ارهابي تطرف حول عالم ,13
اوفاديا ايلي سياسي اسراءيلي سابق اصل يهودي عراق لد يوم مدينه خانقين محافظه ديالي عراق هاجر عاءله اسراءيل سنه جامعه حيفا سنه عضو الكنيست اسراءيلي حزب اليكود سنه وزير دفاع اسراءيلي سنه سنه حالي مسءول سلطه مطار اسراءيل ,14
عد قاهره محافظه مدينه محافظه شغل كامل مساحه مدينه وقت مدينه كبير شكل محافظه بذه انقسم حي احتفل قاهره عيد قومي يوليوز عام يوم وافق وضع قاءد جوهر الصقلي حجر اساس مدينه عام ميلادي بلغ عمر قاهره ان ربا عام ,9
دار حدث فيلم اطار رومانسي حول قصه حب شاب وفتاه اغتصب خطيب استطاع فعل شيء اصاب بحاله نفسي سيء قتل شخص دخل سجن حاول نسي صدمه غمر عمل لٰكن خروج خطيب سجن اعتقد حاول قتل فر نفق مترو تحدث مفارقه عديد ,14
ساهم حرب عالمي انتشار معرفه جغرافي شكل عام اهم تعافي اقتصادي عقب حرب اضافه تطور نمو جغرافيا اقتصادي صفه كنظام وقت شهره نظريه حتمي بيءي اثر السورث هنتينغتون نظريه حتمي مناخي هٰذا مجال شكل ملحوظ انتقد شده وقت لاحق جاء مشاركه قيمه عالم نظريه موقع جوهان هينريت فون ثونين الفريد بري نظريه مءثر اخر نظريه تر كريستالر مكان مركزي نظريه مركز طرف ,9
كلمه اصلي لغه تركي عني موقد لٰكن معني توسع مرور وقت اطلق شعل نار بيت سواء وبر مدر ذٰلك ساكن تطور معني اشار جماعه التقي مكان طاءفه رب حرف كذٰلك صنف صنف جند كتاب الروضتين نقل ابن شداد رد كلمه سياق وصل مخيم العادلي استمام ركوب عسكر دخل جاق معني خيمه معسكر ,7
عصور تاريخ حياه اعتمد بقاء قدره مجابه خصوصيه فرد اهميه فرد مدي دور ضمن جماعه تغير مجتمع بشري تقدم حضاره غربي شكل خاص اكد فردي اهميه فرد خصوصيه حالي قسم حياه شخصي فرد مجال مكان مارسه صنف حياه عمل منزل حياه جنسي ,14
قرن مصطلح حاسوب اشار اداه شريه عمليه حساب قضيه شيء امكن اله تحسب اتباع قاءمه تعليم ورقه قلم تحديد زمن لازم مهارات بصيره ذكاء دافع هٰذا دراسه تطوير اله حاسبه حاسوب امكن اتمام عمل روتيني معرض خطا بشري اجراء حساب شريه خلال اربعينات تطوير اله حاسبه قوه وقدره حسابي تطور مصطلح حاسوب اشار اله بدل شخص حساب واضح حاسوب امكن مجرد عمليه حسابي تالي تم انتقال دراسه حوسبه شكل عام بدا معلوماتيه حاسب استقلال فرع اكاديمي مستقل ستيني ايجاد قسم حاسب جامعه بدا جامعه منح اجازه هٰذا تاريخ اقرب تعريف حاسوب اله حاسوب رقمي حساب مهمه عدي ثابت معداد موجود عصر قديم مساعده عمليه حسابي ضرب قسمه ذٰلك خوارزميه اداء عمليه حسابي عصر قديم تطوير معدات حاسوبي معقد لغه سنسكريتي قديم مخطوط سمي قاعده الوتر كتاب خوارزميه مكتوب سنه ميلاد بناء جسم هندسي مذبحه استخدام وتد وتر اعتبر بدايه سلف مجال هندسه رياضي حسابي حديث ,10
صفوق بن بندر التمياط الشمري اكتب صفوك اعب كره قدم سعودي سابق لعب لنادي هلال منتخب سعودي سابق بدء مدرسه هلال برعم درج نادي هلال عبر فءه سني فريق مطلع تسعينات قرن استمر كثير فريق توقف سنه سب اصابه صف عاءله رياضي شقيق اكبر اعبين محمد ناءف التمياط كره افتح شركه خاص مقاوله مشاركه شقيق ,1
 تسلم شركه طيران ناس طاءره طراز ايرباص نيو وجاء اختيار طيران ناس هٰذا طراز ضبط ملك مواصفه حديث احترافي كفاءه تشغيل امكن طيران انسان سفر مسافه طويل فتح وجه عديد عيده ذٰلك تلبيه طلب متزايد شهد سوق طيران سعودي ,2
جغرافي جغرافي جغرافيا وصف ارض معلم درس وصف ارض مظهر عمران بشر معلم جغرافيه بشري ظاهره طبيعه معلم جغرافيه طبيعي بصوره ميسر ارض ظاهره طبيعي يزياءي حيل تعامل مظهر بشري صوره عمران اصل كلمه لغه اغريقي ترجمه عربي وصف ارض ذٰلك بدايه رحاله اصفي سجل مشاهده بلد اقليم زياره استكشاف كلمه جغرافي لغه عربي عد حديث شيء عرب مسلم استعمل صوره ارض قطعه ارض خريطه عالم اقليم مسلك ملك تقويم بلد طريقه ,9
جادل ليم جيمس مزاج شان تفسير مقدار كبير خلاف شهد فلسفه مر تاريخ خلال اعتبار مقدمه مءثر حج فلسفي رغم سعي ايجاد سب شخصي حصر استنتاج جادل جيمس تاثير مزاج فلاسفه لسفه مزاج المتصور هٰذا مثابه تحيز اوضح جيمس هٰذا التحيز عاءد ثقه وضع هٰذا فلاسفه مزاج اعتقد جيمس اهميه ملاحظه كامن مقدمه ربط قياس موضوعي نجاح فلسفه مدي اعتبار هٰذا فلسفه مخصوص فيلسوف مدي قدره هٰذا فيلسوف طريقه اخر رءيه امر طريقه ,12
استخدم مصطلح عرق حي حذر لان امكن غامض شكل عام عندما تم استخدام عد مرادفه فعلي نويع نسبه حيوان وحده تصنيفي وحيد مستوي نوع عاده سلاله فرعي تصنيف اضيق محد نبات عرق تطابق مباشره تقليدي اعتبر سلاله فرعي معزول جغرافي وراثي ظهر دراسه تنوع وراثي بشري ساكن وسا معزول جغرافي اختلاف وراثي اصغر كثير ذٰلك موجود سلاله ماثل ,5
عالم عصره حضره اسءلامي طور مورس خلال عصر ذهبي اسلام دوله اموي اندلس عباد اشبيليه دوله السامانيه زياري بويهي بلد فارس دوله عباسي امتد تقريب فتره شمل انجاز علمي اسلامي مجموعه واسع مجال خاص فلك رياضي طب شمل موضوع اخر بحث علمي خيمي كيمياء نبات هندسه زراعي جغرافيا رسم خريطه وطب صيدله فيزياء حيوان ,5
تبع عالم اصل طبيعي اعتبار بدا بدا مجتمع بشري اختراع قراءه كتابه عالم طبيعي ضروري بقاء قيد حياه لاحظ انسان معرفه حول سلوك حيوان فاءده نبات كغيذ ودواء انتقل جيل جيل هٰذا مفاهي بداءي افسح مجال مزيد بحث رسمي حول ميلاد ثقافه بلد نهر حضاره مصري قديم انتج دليل مكتوب معروف فلسفه طبيعي سلافه طبيعي ظهر كتابه اهتمام فلك رياضي جانب اخر عالم مادي هدف نهاءي استفسار عمل طبيعه حاله ديني اسطوري علمي ,5
لٰكن اعتبار بدايه سبعيني بدا ابتعاد عمل سينماءي بدا اهتمام انشغال الموسيقي فقط عام بدا لعب دور تلفزيوني مسلسل تلفزيوني حبي حبي محمد علي اربيل قناه كانال دي ذٰلك عب دور اخر مسلسل وقت لاحق قناه كانال دي تمثيل دور اكبر اقوي ادر سينماءي اطلاق ذٰلك خلال فيلم خرز ازرق طارق اكان ,14
روايه انسان صريص كاتب فيودور دوستويفسكي دعم بطل روايه ضمني كره ساوي كر ساوي عده فقره هدف ايديولوجي لٰكن بدل ذٰلك اقترح اراده حر اختيار رفض منطقي منطقي بشري انسان اضاف اعترف مره ساوي امر متاز لٰكن اردنا نعطي شيء اجب مره ساوي شيء ساحر جد جد ,8
انترنت شابكه انجليزيه لقب بشبكه معلومه شبكه عالمي شبكه عنكبوتي نظام اتصال عالمي سمح تبادل معلومه شبكه اصغر اتصل خلال حاسوب حول عالم عمل وفق نظام محد عرف بروتوكول موحد روتوكول انترنت اشار كلمه انترنت جمله معلومه متداول عبر شبكه بنيه تحتي نقل ذٰلك معلومه عبر قاره عد حوسبه سحابي خطوه تالي هٰذا شبكه مداره مورد ذاوتي ,10
ميرويم السليل اخير انجب ملكه ملك نمل الكيميرا لد اوان خرج قسر جسد والده مجتمع نمل الكيميرا ولاده ملك امتثل حرس ملكي امر مستعمره مخلوقات متنوع تزاوج خصب هدف انجاب ملكه تالي نمل الكيميرا ولاده بره ميرويم مستعمره اصلي حرس ملكي بحث مكان بدا بناء ملكه اسم عني نر انار شيء ,14
 عمل موسيقي البوم ماشاء الٰه مره وجتاب مسرح عام سيكي عمل عديد اغن كتاب لايا ديكمن عديد فناني اخر اطلق البوم اسم مكن عيش عام وضع مقطع صوتي اسم فلنذهب ايهان جونيل اضاف مقطع صوتي اسم شا اجلك ذٰلك خلال البوم معجزه ارجان اعتشي اختار هٰذا الاغنيه كاول فيديو كليب تم تصوير هٰذا الالبوم ,14
كثير حضاره والت جزيره عربي ازدهر ملكه معين ضفه وادي جوف منطقه سهلي واقع نجران حضرمه تميز اهل فن العماره زخرفه وضع فن حضاره معيني مركز رفيع ضاهي فن حضار مركز شرق قديم مصر بلد رافدان رعي زراعه صناعه اشتهر تجاره امتد نفوذ منطقه جزيره عربي خارج نقوش قديم عثر مدينه قرب وادي قريه ازداد شهره حضاره معيني وصل مركز حضار عالم قديم كتب كلاسيكي يونان رومان بعثه اثري ايطالي فرنسي عمل تنقيب موقع ارض جوف كشف نتيجه علمي اشار دوله معيني عاصر مرحله ازدهار ملكه سبا وكانت تابع اخر عمل شكل مستقل ,7
عام شارك بدر الشعيبي مسرحيه النهر مسحور مسرحيه حلم عملاق سنه عمل تلفزيوني مسلسل بعنوان ثمن عمري اشتراك حياه الفهد مريم صالح وعد فنان اضافه شقيق محمد الشعيبي اخر شهر تمبر عام اطلق غنيه وطني منفرد عنوان نبض سعودي وحق عد هاءل مشاهده قنه خاص موقع يوتيوب ,14
بوجه عام عرف فلسفه سياسي كلاسيكي اهتمام فكر هيليني فكر عصر تنوير عرف عالم سياسه ايض اهتمام كبير حداثه دوله قومي معاصر جانب دراسه فكر كلاسيكي تالي تشارك مزيد مصطلح عالم اجتماع بنيه فاعليه ,5
تاريخ معاصر سقط غزه يد قوه بريطاني اثناء حرب عالمي جزء انتداب بريطاني فلسطين نتيجه حرب عربي اسراءيلي عام ميلادي تولي مصر اداره ارض قطاع غزه اجري عده تحسين مدينه احتل اسراءيل قطاع غزه عام ميلادي عام نكسه اتفاقيه اوسلو منظمه تحرير فلسطيني اسراءيل عام ميلادي موجب اتفاق غزه اريحا موقع عام ميلادي انتقل سلطه مدني سلطه حكم ذاوتي فلسطيني انتخاب عام ميلادي اندلع قتال حركه فتح حركه مقاومه اسلامي حماس رفض حركه فتح نقل سلطه غزه حركه حماس ذٰلك وقع غزه حصار اسراءيل مصر ثوره مصري ميلادي مصر معبر رفح تسهيل مواطن غزه هٰذا قرار شكل فارق كبير ,7
تم انشاء شبكه سكه حديدي امتد مسافه كيلومتر مرحله هدف ربط اهم مركز سكني صناعي دوله شكل جزء مهم شبكه سكه حديدي تم انشاء دوله مجلس تعاون خليجي ربط دوله اماره عربي متحد ملكه عربي سعودي سلطنه عمان قطر البحرين كويت ,9
مرور وقت اغار تشعب استعمال مصطلح يساري غطي طيف اسعي راي وصف تيار مختلف متجمع مظله يساري يساري غرب اشار اشتراكيه ديمقراطيه اشتراكيه ليبرالي اجتماعي اوروبا ولايه متحد جه اخر دخل المصطلح عام يساري حركه اطلق لاسلطوي امكن اعتبار اقصي يسار يساري راديكالي ,8
اسم كوبا غه تاينو رغم معني دقيق كلمه واضح امكن ترجمه ارض خصب فيره كوباو مكان عظيم كوابانا اعتقد عالم كريستوفر كولمبوس اطلق اسم كوبا نسبه بلده كوبا قديم منطقه بيجا البرتغال ,7
وزل راي مختلف تقيم كامل شبيب ودور ذٰلك حدث مادح قادح حاول شبيب التنصل مسءوليه تدخل سياسه هاجم رشيد عالي الكيلاني حكومه دفاع وطني اثار استغراب رفيق قال عبد الرزاق الحسني كامل شبيب كتب رساله صديق بغداد دعي الي جهد حيلوله طيش جماعه قصد جماعه رشيد عالي اندفاع مفتي الحاج امين الحسيني طمع رشيد عالي الكيلاني توقع كارثه حل بلد التمس توسط سماح عوده طهران لٰكن بري هٰذا تماس غني شيء ,8
لد جوكه شا اسطنبول اب موسيقي وفنان بدا حياه موسيقي ذٰلك خلال درس بيانو حصل خلال دراسه ابتداءي كثير مدرس الموسيقي موسيقي مشهور ناجح مستقبل ذٰلك حصل درس الموسيقي خاص ارجكان سيدام رءيس قسم بيانو معهد الموسيقي ,14
وض عالم تصنيف حي هٰذا طير عاءله الدرسات عده عقد جانب شرشير عالم جديد طير درسه عالم قديم ذٰلك وضع تصنيف سيبلي الكويست شراشير داروين فصيله تناجر صنف جمعيه طير امريكي قاءمه مراجعه خاص امريكا شمالي شراشير الكوكوس ضمن درسات لٰكن ضعي علامه نجمي اشار تصنيف خاطء صنف نوع منطقه غالابوس قاءمه مراجعه مءقت امريكا جنوبي صنف محد ,5
خان جهان شاه جونان رءيس مالي فيروز شاه بدا شكل مكثف بناء صرح المعماريه مسجد اضافه خط بني عده مقبر مسجد فضل بناء مسجد تصميم فريد نوع سب اندفاع اهتمام بناء مسجد حقيقه معتنق ديانه هندوسي اراد ثبت وفي دين اسلامي مسجد ملكي بناه اسما مسجد خيركي شاد مسجد مدينه جاهاباي اه ,14
السيرافي هـ ابي سعيد الحسن بن عبد اله بن المرز بان السيرافي النحوي معروف قاضي لد سيراف طلب خرج مضي عمان فق سيراف مضي عسكر مكرم اقام اب عبد اله محمد بن عمر متكلم قدم فضل صاحب دخل بغداد قاضي ابا محمد ابن معروف قضاء جانب شرقي جانب انسان بصري قرا قران كريم اب بكر ابن مجاهد لغه ابن دريد اب بكر ابن السراج النحوي انسان اشتغل عده فن قران كريم قراء قران لغه فقه فريضه حساب كلام شعر عرض قافي ,14
بكر الصديق عبد اله بن اب قحافه عثمان بن عامر بن عمرو بن كعب بن سعد التيمي القرشي خليفه راشد مبشر جنه وزير رسول محمد صاحب رفيق هجره مدينه منور عده اهل سنه جماعه خير انسان نبيب رسول صحابه ايمان وزهد احب انسان نبي محمد زوجه عاءشه عاده الحق اسم اب بكر لقب صديق لقب لقب نبي محمد كثره تصديق ايا ,0
تميز التوحيد هونوثيه نظام ديني عبد مءمن اله انكار اخر عبد اله مختلف صلاحيه مونولاتيه اعتراف وجود عديد اله لٰكن عباده متسق اله فقط ربما يوليوس يلهاوزن استخدم مصطلح المونولاتري ,13
امكن اعتبار تاريخ رياضي سلسله متزايد تجريد ربما تجريد اشترك عديد حيوان عد ادراك مجموعه تفاحت مجموعه برتقاله سبيل مثال اشترك شيء كميه عضو اتضح رقم موجود عظام اضافه ادراك كيفيه حساب شيء مادي ربما ادرك شعب تاريخ كيفيه حساب كميه مجرد وقت ايام فصل سنه ,3
دانماركي بدايه وضع انتظار خارج فار خارج دنمارك مجند قوه حليف فقط ناحيه اخر جند بدايه فتواف خدم كثير فرانكفان س دنمارك جندي دمج تاندرتن نوردلاند اصدر امر صريح هتلر نهي دخول دنماركي متطوع قوه مسلح الماني صالح فرانكافن افن لٰكن طيار مقبول خطوه غورينغ تبوي خطاب شكوي اعاد لاحق ,7
ظهر عده جماعه مقاومه اهم مجموعه اجارد امبا بوبا نادي تشرشل هولغر دانسك اسم ماخوذ اسم بطل قومي دنماركي مجموع هفيدست التقي مجموعه مقاومه سمي رام مره لٰكن لان افتقر وسيله لازم اجراء عمليه عسكري اختار قتال ارض دعايه حزب دنماركي نازي تكدير اجتماع نشر اسم دوله ,7
زاد جمال مظهر مسجد جامع جوانبور تجانس عد عامل هيكل جامع كامل وقف قاعده عمق متر بوابه مزدوج متقوس شكل صرح بوابه رءيسي نقطه محوري واجه وقف شكل طولي امتد متر حوالي متر عرض قاعده هٰذا سمه ميز مسجد سلاله شرقي ,13
شروق العبايجي انطق شروق العبايچي سياسي عراقي عضوه سابق مجلس ناءب عراقي لد سنه بغداد عاءله شيوعي وصف اشتراكي سافر تشيكوسلوفاكيا حصل ماجسير هندسي جامعه براغ تكلنوجي عام شارك فعاليه ترافق تاسيس عمليه سياسي كتابه دستور رشح ضمن تحالف مدني ديمقراطي دخل مجلس ناءب عراقي عام ,14
كليب عرض نسبه استماع البوم كبير جد طلب مستمع تصوير كليب اغن البوم اصيل هٰذا غنيه حصل مركز قاءمه اغن تركيا ذٰلك اعد كليب صوره رسم كليبات تابع زرفه شاكا ديل هٰذا كليب حصد رقم مبيعات اغن رغم انفاق كثير انتاج ,14
لقد طور طبيب مسلم اسلوب معالجه جرح ابتكر اسلوب غيار جاف مغلق فتيله جراحه مغموس عسل نحل منع تقيح داخلي اسلوب نقل سبن طبق اوربي حرب جراح مسلم قفز جراحه قفزه هاءل قلا مرحله نزع سهام اغريق مرحله جراحه دقيق سهل هٰذا اكتشاف تخدير جراحه توصل سمو مرقد بنج عباره اسفنجه نقع محلول عشب المركبه قنب حشيش زوان خشيخ افي وست حسن وجف عمليه وضع اسفنجه فم مريض امتصي غشيه مخاطي ذٰلك عصاره استسلم رقاد عميق شعر الم جراحه ,5
فيلم نجيب عامل هندي رهن منزل باع متلكات حصل تاشيره عمل شركه داخل ملكه عربي سعودي بدا حكايه وصول رفقه صديق حكيم ملكه تاخر كفيل وصول مطار سب بساطه عدم تمكن لغه استغل فرصه رجل سعودي صارم قاسي طباع عنيف معامله اوهم كفيل صحراء قاحل صغير حكيم مزرعه صديق اصطحب نجيب بطل حكايه مزرعه فاجا نجيب وصول وجود عامل هندي مسن ورث حال ظهر عرض سابق حال عام تحول نجيب شخص اخر اغار شكل مظهر تاثر ذهن قدر كلام عرض معامله قاسي صارم حياه صعب دوني كفيل خاطف عاش حياه ماعز اكل صدر صوت ذٰلك عثر عامل اخر ميتا احاط نسور صحراء ,14
سياسي شخص شارك تاثير جمهور خلال تاثير صنع قرار سياسي شخص اثر طريقه حكم مجتمع خلال سلطه سياسي ديناميت جماعه هٰذا شمل شخص شغل منصب صنع قرار حكومه انسان بحث هٰذا موقف سواء طريق انتخاب انقلاب تعين تزوير انتخاب رجل سياسي رجل مهتم شان جماعه طريقه عمل خلال عمل سياسي امكن نف رجل سياسي معرفه اساس سياسه لان سياسه معني اقرب طريقه تعامل مجتمع استخدم رجل سياسي حل مشكله طريقه صحيح صناعه قرار خدمه مجتمع ,8
سب اهم منع طاءره طيران وجود عطل خل فني طاءره تمكن مهندس طاءره اكتشاف عطل سرع عمل اصلاح هٰذا عني ساعه كثير فقد طاءره ارض طيران علاوه مسءوليه كامل ملقي عاتق شركه طيران مسافر متن هٰذا طاءره سواء توفير طاءره اخر شركه تاجير طاءره اخر شرك طيران اخر حجز راكب مقر سفر متن هٰذا طاءره عيب فني فندق حتي انتهاء اصلاح هٰذا عطل اعطاء طاءره صلاحي سفر هٰذا كلف اخر تلقي عاتق شركه طيران ,2
براين دنتون مراسل صحيفه وه اهتم قصه ولد باءع صحيفه متجول جاك داود حي بروكلين مدينه نيويورك اقناع باءع صحيفه انضمام اضراب لٰكن قاءد باءع صحيفه بروكلين مترد انضمام اصاب احباط باق باءع صحيفه مضرب لان مشاركه سبوت مجموعه حاسم نجاح اضراب هٰذا اثناء اثار داود غضب مركز توزيع صحيفه خلال اداء غنيه اغتنم يوم اءعو صحيفه مضرب تحطيم عربه داخل مركز توزيع صحيفه عالم نيويورك مزق نسخه مطبوع ذٰلك يوم وصول شرطه تمكن ولد هروب استثناء كرتشي صبي معاقي تمكن شبيحه وليتزر امساك وضع ملجا ملجا اداره شنايدر مراقب فاسد همل يتم مشرد اختلس مال مخص رعايه طفل مجلس مدينه ,14
غزو النرويج اراد لمن منع مشكله رءيسي سلاح بحريه حدث اثناء حرب عالمي طريق فرض حصار بحر اسكتلندا بيرغن بحريه ملكي امر مكن فضل سياسه خارجي مواليه بريطانيا اسكندافيا فعل نظريه امكانيه هجوم الماني النرويج كتاب استراتيجيه بحري حرب عالمي الماني الادميرال اجنر عام عام صرح هتلر ادميرال اريك ريدر قاءد كريغسمرين حرب بدا عام تم وضع برنامج بناء بحريه الماني فق ذٰلك سفينه فءه سمرك زال خدمه اسطول الماني قادر تعامل بريطاني خارج ذٰلك قاعده نرويجي فاءده قارب قارب هتلر الماني طلب ريدر هتلر تخطيط احتلال النرويج هٰذا غرض تصادم رفض اولي عرض واضع نظريه نازي الفريد روزنبرغ حامي نرويجي فيدكون كويزلينج قاءد ريدر حج جديد صالح غزو هتلر لٰكن رغم قياده اعلي قوه مسلح الماني نازي انتهي فعل اعداد خطه لازم مجرد حادثه التمارك ادي اتخاذ قرار اجراء عمليه يزيربونج ,7
نظريه كيفيه معد جمهور فلاسفه تبع مشءون معد روحاني فقط روح انسان فقط جسم بعث يوم قيامه حساب جمهور متكلم دين عقل فقط عقل نقل قول معد فقط جسم انسان روح مذهب اهل سنه جماعه معد روحاني جسماني كثير حكيم عريف جماعه متكلم كثير عالم مذهب شيعي اثني عشري قول معد جسماني روحاني ,13
لد زينب داغي عام مدينه جولباشي انقره ابنه ثناءي ابراهيم فاطمه دوغدو تخرج زينب داغي عام قسم علاقه دولي كليه سياسي جامعه انقره هت زينب داغي الماجستير قسم علاقه دولي جامعه شرق اوسط تقني عام حصل زينب شهاده دكتوراه كليه سياسي جامعه انقره عام ,14
درس عالم اجتماع مجتمع سلوك اجتماعي فحص مجموعه مءسه اجتماعي شكل بشر اضافه سياسه دين تجمع مختلف تنظيم عمل درس سلوك تفاعل اجتماعي مجموعه تبع اصل نمو حل تاثير نشاط مجموعه عضو فرد ,14
عام تم تكريم جاءزه فنانه دوله قدم رءيس جمهوريه سليمان دميريل ذٰلك اقتراح وزاره ثقافه سياحه عام حصل لقب سفيره نيه حسن سلم مفوض امه متحد سامي شان لاجء حصل عديد جاءزه ذٰلك جاءزه افضل فنانه امراه عديد عام ذٰلك خلال جاءزه موسيقي الفيديو تلفزيون كرال ,14
تم احتفاظ جيد مقتني مسجد ذٰلك وفر جو هادء غايه اجري تم اهتمام زياره منظمه مسح اثري هندي ذٰلك زياده تجميل محافظه مسجد دوره لعب الكومنولث عام عقد دلهي مسجد اثر اختصاص داءره اثر دلهي كلف ترميم مسجد مبلغ مليون روبيه اقترح امريكي هٰذا غرض ,7
مسجد كيلاكاراي اقدم مسجد مدينه كيلاكاراي عرف ايض اسم بالا بال التاميليه مين كادا بال التاميليه اعتبر مسجد اقدم مسجد عالم مسجد هند احتفظ تراث اسلامي سنه وقع مسجد مدينه كيلاكاراي جنوب هند مدينه معروف ثقافه اسلامي العريقه بني مسجد فتره عام م م اعاد بناء عام م عد هٰذا مسجد اعظم مثال العماره اسلامي جنوب هند ,7
كيمياء حيوي متعلق عمليه ايضي داخل خليه متعلق جهاز غد صماء تم دراسه شكل كبير مجال اخر كيمياء حيوي شمل ماده وراثي نقل ماده خلال غشاء خليه نقل اشاره تم استخدام نتيجه كيمياء حيوي مقام طب تغذيه زراعه طب درس كيمياءي حيوي سب علاج مرض مجال تغذيه درس كيفيه حفاظ صحه عافيه دراسه اثر نقص تغذيه عرف سوء تغذيه مجال زراعه تقصي عالم كيمياء حيوي التربه سماد حاول اكتشاف طريقه تحسين زراعه محصول تخزين محصول مكافحه افه ,6
اختلف عالم تعريف افضل تعريف جمع عقل سلوك شعور لاشعور بحث سلوك علاقه حياه عقلي شعوري شعوري نبذه خص اقصد درس عقل انسان ايض دراسه علمي سلوك انسان قدره تنبء عري برنامج ركز دراسه علمي سلوك فردي جماعي قاعده فيزياءي بيءي سلوك ,5
قدر ديانه عالم لٰكن حوالي ساكن عالم انتمي اكبر مجموعه ديني مسيحيه اسلام هندوسي بوذي اخير شكل دين شعبي شمل ديموغرافيا منتمي ديني ذٰلك تعارض دين معين ملحد لادي منتمي ديني نما عد صعيد عالمي شمل دراسه دين مجموعه واسع تخص اكاديميه ذٰلك لاهوت دين مقارن دراسه علمي اجتماعي قدم نظريه دين تفسير مختلف اصل دين عمل ذٰلك اساس وجودي كاءن معتقد ديني ,13
استخدم عقار مسبه اكتءاب نطاق واسع عالم كدواء وصفه طبي اشار دواء محظور عندما استخدم هٰذا ماده اثار مرغوب شمل ترنح تخفيف انزعاج تخفيف الم تخدير نعسه عجز معرفي فقدان ضعف الذاكره كذٰلك تحدث حاله نشوه تفكه ارخاء عضله انخفاض ضغط دم انخفاض سرعه قلب نقص تهويه اثر مضاد صرع انتهي تخدير كامل موت جرعه عالي ,11
خوف مغادره منزل عكس رهاب منزل منطقه صغير معتاد ادي حصول نوبه هلع انتج هٰذا رهاب عده سب محد خوف مكان عام مفتوح الحافلات عام مركز تسوق مكتظ خوف تلوث مكن مضاعفات وسواس قهري اضطراب تالي رضحه انتج حادثه حصل شخص مكان عام عيدا منزل اعتبر هٰذا نوع رهاب معقد مرور وقت مريض تدريجي حبيس منزل ,11
تبقي هٰذا نوع حيوان لذا صنف معرض خطر انقراض عاش اغلب محميه طبيعي صين محميه طبيعي وطني جمل وحشي لوب نور قليل عاش صحراء جوبي منغوليا امتاز جمل وحشي قدره اكل ثلج تزويد ماء هٰذا ميزه حيوان قليل طبيعه اكل ثلج ,12
كلاسيكيا صنف طريقه منهج كيمياء تحليلي نمط نوعي كميه تحليل عضوي نوعي بحث اثبات وجود عنصر كيمياءي مركب وجود مركب عضوي عينه تحليل عضوي نوعي بحث تاكيد وجود زمره ظيفي مركب عضوي عينه تحليل كمي بحث تحديد مقدور دقيق عنصر مركب عينه ماخوذ وزن مركب عنصر جرام مليج ,6
قاءم ضم فراعنه مصر معبد رمسيس ابيدوس ابيدوس متوافق قاءمه ملوك مصر ابيدوس امر والد يتي انشاء معبد موجود ابيدوس تحفظ قاءمه ملوك منتسب رمسيس محفوظ ان متحف بريطاني لندن حصل متحف عام ,7
رغب كاتب مخرج بليسي تكيف روايه حياه ماعز فيلم سينماءي قرا روايه عام اختار بريثفيراج بطل عام تالي اشتري حق نص كاتب نيمان كتابه السيناريو حق توفر بليسي ميزانيه مالي انتاج سمح تقدم مشروع امضي بليسي سنه بحث منتج مناسب اخير عام سمح مشروع اكتساب زخم انضم جيمي جان لويس تيفن ادامز بليسي منتج مشارك رحمان تاليف الموسيقي تصويري اصلي فيلم اغاني ,14
قال حاجي خليفه كتاب كشف ظن جغرافي كلمه يوناني معني صوره ارض اقال جغراويا اصل تعرف حال اقليم واقع ربع مسكون كره ارض عرض بلد واقع طول عد مدينه جبل براري بحار ,9
تقنيه معلومه مجال شامل ركز تطبيق تقنيه معالجه اداره معلومه شمل ذٰلك خصوص مجال صله منظمه كبير تعامل تقنيه معلومه شكل رءيسي حاسوب الكتروني برمجيه حاسوب تحويل تخزين حمايه معالجه معلومه اضافه نقل استعاده معلومه نتيجه هٰذا اطلق اخصاءي هٰذا مجال اسم اخصاءي تقنيه معلومه عرف قسم ركز تقنيه شبكه برمجيه اطار مءس معين مصطلح قسم تقنيه معلومه معلومه اسم اطلق هٰذا قسم قسم نظام معلومه اختصر نظام معلومه اداري اختصر ,4
معظم نوع خوارزميه جمع قمامه تلقاءي حدث تحرير الذاكره فتره طويل كاءن قابل وصول مدمره سمي منهيه هٰذا حاله مناسب معظم استعمال هٰذا لغه تم تحرير مورد خلال بناء معجمي عادل طريق استدعاء داله مكافء حذف صريح وجه خصوص استخدم عديد لغه برمجه كاءنيه توجه نمط تخلص ,10
لودفيغ هولبرغ نرويجي شاعر كاتب مسرحي مءرخ وقانوني فيلسوف عالم لغوي نرويجي لد مدينه برغن النرويج يوم اتحاد نرويجي دنماركي درج منصب جامعي تولي رءاسه جامعه كوبنهاغن توفي لقب اب ادب حديث بلد اسكندافي اشهر عمل مسرحي الهزليه مسرحيه يبه تل فلاح باءس ,14
عد كيمياء حيوي نقطه تقاطع كيمياء حي قسم رءيسي كيمياء حيوي حي بنيوي انزيمات ايض عمليه بناء جسم مدي عقد اخير قرن نجح كيمياء حيوي خلال هٰذا تخص شرح معظم عمليه حيوي انسان حيوان نبات جري كشف مجال حياه تقريب تطوير خلال منهج حوث كيمياءي حيوي ,6
وقع جزء غربي فدراليه روسي اوروبا بينما امتد جزء واقع شرق جبل الاورال اسيا شرق جبل عباره منطقه مسطح مستنقع جدول دعا سهل سيبيري غربي ارتفع تدريجي هضبه سيبيري اوسط مرتفع جبلي جنوب شرق غطي غابه صنوبري معظم هٰذا ارض احتل جزء اكبر روسيا اوروبي سهل اوروبي شمالي منطقه مكسو بغابات شاسع شجر بتول صنوبر روي عده انهار اكبر نهر الفولجا اقصي امتد سهول تندره جليدي ,9
ذٰلك حافظ سويدي فتره طويل حياديه شاق متاجر حديد سلعه المانيا مد حديد سويدي ميناء سويدي نرويجي تم نقل متن سفينه سويدي مرافقه سفينسكا مارينين عبر بحر البلطيق هاجم اسطول ملكي نطاق واسع حرك ملاحه بحري النرويج المانيا مختلف ظرف وقع حدث ماساوي تعرض راكب سفينه سويدي هانيسا غرق قتيل فقط ناجي ,7
حاسوب شخصي مكتبي ثابت معروف انجليزيه نوع حاسوب شيوع ذٰلك استخدام متعد رخص ثمن نوع حاسوب محمول ابتوب شكل عام مشابه جد حاسوب شخصي رغم استهلك طاقه حوي مكون اصغر حجم ,10
عسكر عثماني سلطان سليم مصر فتح سنه م تالف وجاقه زاد ابن سلطان سليمان قانوني سنه م اضافه وجاق وجاقه وقت لاحق تحديد سنه م اضاف وجاق اخر مجموع وجاقه بلغ عد جندي فارس ماشي تمرز مدينه اكبر قطر مصري هٰذا قوه قاءد عثماني عام امر سلطان اقامه داءم قلعه عدم مغادره مهمه هٰذا وجاقه حفظ نظام بلد دفاع جبايه خراج ,7
دين تمثل طاعه انقياد رجل دين مطيع منقاد حمل دين انسان اكر هٰذا باب اتي كلمه دين قرض عطاء جزاء حساب عباده طاعه مواظبه قهر غلبه استعلاء سلطان ملك حكم تسير تدبير توحيد تعبد اله مذهب ورع اجبار اله ديان قهار قاضي حاكم ساءس حاسب مجازي اضاع عمل اجزي خير شر ديانه عزه مذله طاعه عص عاده خير شر ابتلاء ,13
اقترح باحث كاثوليكي اسلام ويس ماسينيون عباره دين ابراهيمي عني هٰذا دين اتي مصدر روحي اشار ولس الطرسوسي ابراهيم ابونا مصطلح قرضي مله ابراهيم دين ابراهيم اشار اسلام ذروه مارسه ديني ابراهيم تقليد يهودي يهودي انحدر ابراهيم تبع يهودي استمد هويه روحيه ابراهيم كاول اب البطاركه كتابي ابراهيم سحق يعقوب ,13
سير عرم نبيل كتاب تراجم حافظ عبد اله شمس دين ذهبي اسم مشهور كتاب سير عرم نبيل لٰكن اختلف عالم تسميه سما تاريخ عالم نبيل تاريخ نبيل كتاب نبيل اعيان نبيل سير نبيل سير عرم نبيل اشهر دقه كمال ذكر حافظ ذهبي بخط ,0
وقت كنيسه غربي حرم صناعه طب مرض عقاب الٰه انبغي انسان صرف عمن استحق اعتقاد ظل ساءد غرب قرن بدا مسلم قرن ميلادي تطوير نظام طبي اعتمد تحليل علمي وقت بدا انسان اقتنع اهميه صحي اجتهد طبيب ايجاد سبيل علاج افرز اسلام عصر اوسط اعظم طبيب تاريخ طور مستشفي جراحه نطاق واسع ومارس نساء طب طبيبتان عاءله ابن زهر خدم بلط خليفه موحدي يوسف يعقوب منصور قرن ميلادي ذكر طبيبه قابله مرضعه كتابه ادبي ذٰلك فتره ,11
غالبيه اعظم مالك كمبيوتر فقط مستخدم طار جزء سيطه برنامج برمجه صوره بدا صعب احده مبادره عديد ازاله هٰذا صوره برمجه تقنيه الترميز الكود رغم بيءه برمجه مرءي محدود شكل عام قدره هدف شكل اساسي اظهار مستخدم مفهوم برمجه امكن مرء بني شيء تقريب استخدام امكن مفيد ادخال مفهوم برمجه تاس مشروع دعم تصميم تطبيق خلال برمجه مرءي توليد الكود مصدري دعم برنامج توليد تعليم برمجي عديد لغه برمجه ,10
سيره لغه عني سنه طريقه حاله انسان اقال سيره حسن قال تعالي اعاد سيره طٰهٰ ايه اصطلاح فن دبي اعتمد انتقاء ترتيب اعاده شخصي واقع حقيقي تزيف عني قصه حياه تاريخ كتب سمي كتاب سير قال قرا سيره تاريخ حياه سيره نبوي عني مجموع وقيعه حياه رسول اسلام وصفه خلقي خلقي مضاف غزوه سريه ,12
عرف انسان كيمياء قدم اصطلح تسميه كيمياء قديم خيمياء عد مزيج مارسه كيمياء فيزياء فلك فلسفه شكل علمي شعوذه سيمياء عرف ابن خلدون الخيمياء نظر ماده تم تكوين فضه صناعه ارتبط هٰذا فن حضاره قديم معدن تعدين صناعه لون دواء صناعه فني دبغ الجلود صبغ قماش صناعه زجاج طبخ طعام صاحب تغير كيمياءي معين نبات بفره زرع اميرندي فنزويلا سنه ميلاد احتوي جذر هٰذا نبات حمض الهيدروسيانيك قاتل عرف هندي احمر قدامي هٰذا ماده سامه تخلص تسخين حول هٰذا حمض ماده سام استخدم انسان سنه ميلاد محلول شب صبغه محضر عفص لحاء ثمر شجر ورق نبات سماق تلوين الجلود قماش ,6
ادي عامل اجتماعي اقتصادي جانب راي مبكر لٰكن داءم عرق معاناه كبير صف مجموعه عرقي محروم كثير تزامن تميز عنصري عقليه عنصري فرد ايديوليجيه تابع مجموعه عضو مجموعه جماعه خارجي حد سواء عرقي محد اخلاقي نتيجه ذٰلك كثير جماعه عرقي تمتع سلطه قليل نسبي مستبعد مضطهد فرد مءسه مهيمن مكلف مارسه موقف عنصري ادي عنصريه عديد ماسي ذٰلك رق اباده جماعي ,9
ثقافه مغربي مزيج غني ثقافه عربي الامازيغيه اندلسي تاثير افريقي عبري متوسطي عكس تقارب تاثير تاريخي عبر جانب مختلف ذٰلك سلوكي شخصي جماعي لغه عاده معرفه معتقد فن تشريع فن طهو الموسيقي شعر هندسه المعماريه ذٰلك ,12
معني تصوف حقيقي صدر عصر صحابه خليفه صوفي معني اكد كتاب حليه ولي حافظ اب نعيم الاصبهاني مشهور محدث بدا كتاب حليه صوفيه صحابه تبع صوفيه تابع هٰكذا ,13
تاس لجنه مسجد شاهي حمايه رعايه مسجد سلطان تيبو اخر عام يد سراج مباركي محمد شرف الدين اصهار خان سيد ظفر هدف توعيه انسان ضر لحق مسجد سب انشاء سكه حديدي مترو راس لجنه محمد شرف الدين بينما شغل عزيز مباركي منصب امين عام تم تشكيل لجنه خاص تفاوض سلطه مترو كلكتا شان اصلاح ضر ناجم عمل بناء مسجد مفاوضه افقي سلطه هدم جزء تالف مسجد اعاده بناء ,7
بصفه اساسي داءم قلع طاءره رحله طيران مهندس طيران فحص لازم طبق شركه مصنع طاءره مهندس طاءره توقيع امضاء اسم رقم رخصه طاءره صالح طيران امان كتاب دفتر صلاحيه طاءره رحل رق هٰذا كتاب هٰذا توقيع قلع طاءره طبق قانون طيران مدني مصري قانون طيران عالمي لان باسط هٰذا توقيع شهاد مهندس طاءره صالح طيران اعتبر طاءره صالح عدم وجود هٰذا شهاده حاسب قانوني جناءي اقتضي امر ذٰلك ,2
شارك كثير طالب نشاط رياضي رياضي الموسيقي فلكلور حوي مبني عماده شان طالب جامعه كثير قاعه مخص ذٰلك كقاعه نادي رياضي رجل اخر نساء قاعه ملاكمه كاراتي بليار كره منضده ضم جامعه احده اكبر صاله رياضي مغلق مشرق عربي صاله حسين رياضي سعه مقعد اقام مباراه كره سله كره طاءره حوي جامعه اكبر قاعه البولينغ اردن تاس عام نادي جامعه تطبيقي كنادي مستقل رياضي ثقافي اجتماعي شارك نادي يوم محفل رياضي سواء محلي عربي اقليمي ,4
كطالبه مدرسه ثانوي حلم نورا ذهاب مدينه نيويورك دوروثي ركر اخر شاعره كاتبه قصيه كاتبه هجاء ناقد امريكي نوه نورا معلم صحافه مدرسه ثانوي تشارلز سيمز مصدر الهام سعي عمل مجال صحافه تخرج مدرسه بيفرلي هيلز ثانوي عام كليه ازلي ويليسلي ماساتشوستس عام درجه بكالوري سياسي ,14
اضطراب افراط تناول طعام نوع اضطراب انتشار بالغ دراسه متعلق انتشار اضطراب افراط تناول طعام اصاب هٰذا اضطراب رجل نساء هٰذا اعلي معدل طبيعي اضطراب اكل قهم عصبي نهام عصبي ارتبط هٰذا اضطراب زياده سمنه نجد هٰذا اضطراب ثقافه عرق عاده اكتسب شخص مصاب سمنه شخص اضطراب تناول طعام زياده وزن وزن مبكر مقارنه شخص طبيعي محتمل اكتساب وزن فقدان شكل معتاد يقظه مفرط اكتساب وزن ,11
حاكم مرثا ملهار هولكار راو اراد هدم مسجد اعاده بناء معبد موقع ذٰلك استطاع فعل اراد لاحق عام ابنه اهيلياباي هولكار اشاد معبد كاشي فيشواناث حالي مسجد بدايه عام منظمه فيشوا هندو اريشاد حمله استعاده موقع مسجد شاد هدم معبد هندوسي هدم مسجد ابري عام تم نشر حوالي رجل شرطه منع وقوع حادث ماثل موقع مسجد زعيم حزب بهاراتيا جاناتا تايد طلب استصلاح مسجد ابري عارض طلب منظمه فيشوا هندو اريشاد هدم مسجد غيانفابي اساس مسجد استخدم نشاط مسجد خضغ حمايه حمايه مكان عباده عام ,7
اختصار دراسه علمي سلوك عقل تفكير شخصي امكن تعريف دراسه علمي سلوك كاءنه حي خصوص انسان ذٰلك هدف توصل فهم هٰذا سلوك تفسير تنبء تحكم مهم حديث توسع قديم هٰذا اقتصر فرع عده فرع قسم اضافه ذٰلك متع دراسه سهل ساعد هٰذا معرفه نمط شخصيه مختلف ,5
قال احمد بن عجيبه مقام اسلام عبر شريعه مقام ايمان طريقه مقام احسان حقيقه شريعه تكليف ظاهره طريقه تصفيه ضمير حقيقه شاهد حق تجليه مظهر شريعه عبد طريقه قصد حقيقه شهد قال مذهب صوفيه عمل حده جارحه ظاهره سمي مقام اسلام انتقل تصفيه بواطن رياضه مجاهده سمي مقام ايمان فتح العبد سر حقيقه سمي مقام احسان ,13
اهتم شخصي دراسه كامن وراء شخصي سعي تفسير ميل كامن اختلاف سلوك تبني عالم عديد نهج مختلف محاوله دراسه شخصي ذٰلك نظريه بيولوجي معرفي قاءم تعلم قاءم سمات فضل نهج نفسي ديناميكي انساني عكس نهج مختلف مستخدمه دراسه شخصي يوم تاثير منظر هٰذا مجال يغموند فرويد الفريد ادلر غوردون البورت هانز ايزنك ابراهام ماسلو كارل روجرز ,5
مجموعه شرشير قابل تزاوج عشواءي ظهر تعد جيني متوازن عده شكل وليس افترض كحاله نوع تكاثر داخلي قط حافظ اختيار تعد جيني زياده نمط حياتي نوع خلال توسيع فرصه تغذيه امكن توضيح وراثه حاله غياب برنامج تكاثر مفصل لٰكن مكان عاني اختلال توازن ارتباطي ,12
رياضه مجهود جسدي عادي مهاره موجب قاعده متفق هدف ترفي منافسه متعه تميز تطوير مهاره تقويه ثقه جسد اختلاف هدف اجتماع انفراد ماز رياض اضافه اضاف لاعب فرقه تاثير رياضه امر مهم حياه يومي وجب جزء روه يومي فاءده جسم صحه نفسي ,1
عد قاهره مقر عديد منظمه اقليمي عالمي وقع مقر جامعه دوله عربي مكتب اقليمي منظمه صحه عالمي منظمه غذاء زراعه منظمه طيران مدني دولي اتحاد دولي اتصال صندوق امه متحد ساكن هيءه امه متحد امراه مقر رنامج امه متحد انماءي مكتب تنسيق شان انساني امه متحد كذٰلك مقر اتحاد افريقي كره سله ,9
تاريخ مسيحيه عني هٰذا دراسه تاريخ ديانه مسيحي كنيسه يسوع رسول اثنان يوم حاضر ديانه مسيحي ديانه توحيدي اقام اساس تعليم حياه يسوع كنيسه معن لاهوي مسيحي مءسه اقام يسوع تابع مهمه نشر ثقافه خلاص بشر وفق معتقد مسيحي ,13
تخرج نورهان كاراداغ عام قسم مسرح كليه لغه تاريخ جغرافيا جامعه انقره عام التحق نورهان كاراداغ قناه ار وبدات عمل مءلف مسرحيه مخرج عام نورهان كاراداغ جامعه تخرج شغل منصب استاذ مساعد ذٰلك شغل منصب استاذ جامعي اخرج نورهان كاراداغ عديد مسرحيه مسرحه دوله مسرحه مدينه اسطنبول قسم مسرح كليه لغه تاريخ جغرافيا عديد دور بطوله مسرحيه عمل نورهان كاراداغ مذيعه مستشاره برنامج اذاعي تلفزيوني عام حاز عديد جاءزه مختلف ضمن جاءزه شرف مهرجان مسرح دولي انقره تولي نورهان كاراداغ عديد وظيفه مختلف مسرح انقره ذٰلك عام عام القي نورهان كاراداغ محاضره توجيهي قسم مسرح كليه لغه تاريخ جغرافيا شغل نورهان كاراداغ ظيفه رءيس قسم عام حاز نورهان كاراداغ جاءزه شرف مهرجان مسرح دولي انقره ,14
طب نفسي فرع فرع طب متخص دراسه تشخيص وقايه علاج اضطراب نفسي شمل هٰذا مختلف تشوه صله مزاج سلوك ادراك فهم ,11
ثقافه كويت عد امتداد ثقافه عربي اسلامي شكل عام ثقافه جزيره عربي شكل خاص طبيعه موقع جغرافي خاص دوله كويت اثر اكبر مجتمع كويتي مجتمع متفت متقبل ثقافه محيط مبدا تشاور حوار كويتي حكم قيام دوله ثقافه ديموقراطيه حريه تعبير اساس هام ثقافه كويتي ضمن دوله خليج عربي اعتبر ثقافه كويت اقرب ثقافه البحرين ,12
تركز الايزيديه تاريخي اساس منطقه جغرافي كردي واقع عراق سوريا تركيا كتاب شرف نامه مءرخ شاعر كردي شرف خان شمس الدين البدليسي عام م ايزيدي انتشر تحديد موصل دهك دار بكر حلب جزيره ابن عمر ,7
نمط حياه عرف نمط عيش انجليزيه بيءه اختار انسان عاش كيفيه تعامل مقدره وضع مجتمع قناعه شخصي نمط حياه اختلف فرد اخر اراد حفاظ صحه اختار نمط حياه بيءه صحي مناسب عيده تدخين قريب وسيله مكان تمريض عاش عاده منطقه هادء عيده ضجيج اختار برنامج غذاءي مناسب رب اسره اهتم تنشءه طفل اهاء نمط حياه استطاع نمو صوره صحيح اختار بيءه مناسب امن مثال نمط حياه عديد ايجابي سلبي ,14
تاس شركه اتحاد قطار عام عمل مرسوم اتحادي رقم هدف اداره تطوير تشغيل شبكه سكه حديدي وطني دوله اماره عربي متحد نقل بضاعه راكب ربط شبكه مركز رءيسي صناعه انتاج مركز سكاني نقطه استيراد تصدير دوله صول ربط متكامل مدينه صناعه شكل امن مستدام ,9
جامعه تطبيقي جامعه اردني خاص جامعه خاص بلد وقع مدينه عمان تحديد منطقه شفا بدران ضمن حد امانه عمان اكبر قطعه ارض مساحه دونم اعتبر جامعه خاص اكبر مساحه مستوي اردن بدا عمل كجمعه اردني استقبل جامعه فوج طالب عد طالب طالبه كليه ادب اساسي اقتصاد قدم ذٰلك كليه تخص انذاك ان خرج جامعه ان فوج تجاوز عد فرد قرابه طالب طالبه مختلف كليه تخص علمي انساني تفخر جامعه سفير مختلف عالم ضم جامعه جنبه طالب طالبه انتمي اربعون جنسيه منتظم فتره صباحي اعتبر حالي جامعه ميز ملكه شرق اوسط جامعه عضو اتحاد جامعه عربي اتحاد جامعه اسلامي اتحاد دولي جامعه رابطه مءسه عربي اوروبي منظمه عربي مسءول قبول تسجيل ارتبط جامعه علاقه ثقافي اتفاقيه توامه تعاون عديد جامعه اجنبي عربي سهل طالب مواصله دراسه اعلي اعتبر جامعه تطبيقي خاص جامعه منطقه حصل شهاده نظام اداره جوده حصل جامعه عام شهاده الايزو مجال تعليم عالي بحث علمي كاول جامعه عالم عربي سمي جامعه جامعه عرب سب عد جنسي عربي اجنبي تجاوز اربعون جنسيه ,4
طيران اماره شركه طيران طنيه اماراتي مطار دبي دولي اماره دبي اكبر مدينه دوله اماره عربي متحد مقر مركز عمليه طيران اماره تقديم خدمه وجه حول عالم اعتبر طيران اماره شركه تابع مجموعه اماره امتلك حكومه دبي كامل تميز طيران اماره سرعه معدل نمو كنوقل عالمي امتلاك اسطول طاءره اعتبر اصغر اسطول حالي عمره امتلك طيران اماره حوالي طاءره مختلف طرازه اعتبر طيران اماره اكبر مشغل طاءره ايرباص تعاقد عملاق صناعه طاءره اوروبي شركه ايرباص شراء طاءره هٰذا طراز تسلم ان طاءره عام معرض دبي طيران تم عقد صفقه شراء طاءره بوينغ قيمه مليار اعتبر هٰذا صفقه اكبر تاريخ طيران مدني مر سنه حصل طيران اماره جاءزه عديد تميز وجبه تنوع وسيله ترفيه اثناء رحله تفوق خدمه قدم شركه وجه عموم طيران اماره عام نقل مليون مسافر مليون طن شحنه متن اماره شحن جوي ,2
عندما ابتد مرحله اعدادي بدا جوكه شا اهتمام درس جيتار بدا والد تعلم درس جيتار سنه اخير ثانوي بدا كتابه اغن عمل تلحين هٰذا اغن سب عمل والد كموسيقي جوكه شا فرصه حصول درس مسرح حضور كوليس ذٰلك فتره اجازه الموسيقي حصل درس تمثيل مده عام ذٰلك خلال ذهاب مدرسه مسرح خاص شاهيكا تيكناد ,14
هٰذا نوع تدخل متبع متكر عديد بلد لٰكن دليل اثبات ذٰلك مشكوك واقع عديد دليل اشار عمليه استخلاص معلومه فعال لٰكن مضر وضعي استخلاص معلومه ازمه قاءمه علاجه امكن تسب اذي عميل مجله اس وجه نظر حول ,12
نهج اختزالي شامل ارض ايض دراسه ارض كاكب محيط فضاء استخدم عالم ارض معرفه كوكب تحديد موقع مورد طاقه مورد معدني تطوير درس اخر تاثير نشاط بشري بيءه ارض تصميم طريقه حمايه كوكب استخدم معرفه عمليه ارض براكين زلزله اعصور تخطيط مجتمع عرض انسان هٰذا حدث خطير ,5
 شاهد منصه عربي قدم خدمه الفيديو طلب منطقه شرق اوسط اعاد اطلاق عام مجموعه اعلامي جدير ذكر شاهد منصه راءده فيديو طلب نظام اشتراك عد منصه بث عربي راءده عالمي موطن انتاج اصلي عربي نوعي مواصفه رقي عالمي وتحتا اندرج مسلسله شاهد اصلي عرض شاهد اضافه طيف واسع فيلم جانب بث مباشر مجموعه قناه تلفزيوني عربي مشاهده ,12
مقاربه منهجي متنوع مال عالم نظريه موقع كلاسيكي جديد اتبع نهج الفري بري تركيز موقع صناعي استخدام طريقه كموميه سبعينيه قرن قابل المقاربات كلاسيكي جديد رداي فعل كبير نظام شكل واضح اقتصاد سياسي ماركي نتج عمل ديفيد هارفي جغرافيا اقتصادي جديد حسبان عامل اجتماعي ثقافي مءساتي اقتصاد مكاني حل عالم اقتصاد بول كروغمان جيفري ساكس عديد خواص مرتبط اقتصاد اجتماعي سمي كروغمان تطبيق تفكير مكاني نظريه تجاره دولي جغرافيا اقتصادي حديث تنافس مباشر مقاربه ضمن نظام جغرافيا حمل ايض مسمي جغرافيا اقتصادي حديث اقترح اسم اقتصاد جغرافي كبديل ,9
تطبيقي تطبيق معرفه حقل طبيعي حل مشكله عملي ذٰلك اعتبر جزء اساسي تطوير تقنيه تطبيقي تطبيق معرفه علمي نقل بيءه مادي شمل مثال اختبار نموذج نظري استخدام رسمي حل مشكله عملي خلال استخدام تطبيقي ,4
مرحله ربط شبكه سك حديدي منطقه مصفح ميناء خليفه جبل علي كذٰلك ربط حد دوله سلطنه عمان ملكه عربي سعودي امتد مرحله طول كيلومتر تم انتهاء عمل هندسي مبدءي هٰذا مرحله عد ان عمليه مناقصه قيد تنفيذ تم قريب منح عقد شمل تصميم نهاءي انشاء ,9
عد تراجم طبعه مكتبه عصري ترقيم مسلسه تراجم سيره مغزي خليفه مجلد اخير طبعه مءسه رساله ترقيم تراجم مجلد حده الحافظ ذهبي ابرز عالم تراجم واسع اطلاع غزير معرفه سيما تراجم ذٰلك استعمل اسلوب فريد انتقاء تراجم وضع عديد اساس هٰذا اساس امكن تلخيص ولي اساس علمي اورد ذهبي مشهور عرم اورد مغمور مجهول اس شمل نوعي فلم اقتصر نوع معين عرم تنوع تراجم شمل فءه كثير انسان خليفه ملوك سلاطين قاضي وزير محدث فقيه اديب طبيب لغوي نحاه شاعر رب مل نحل متكلم فلاسفه مجموعه معني صرف اس شمل مكاني عمل الحافظ ذهبي كتاب شامل تراجم عرم كافه عالم اسلامي اندلس غرب اقصي شرق اس توازن زماني لقد حاول الحافظ ذهبي وازن عد عرم ذٰين ذكر امتداد مده زمني استغرق كتاب بالغ قرن نجد تفضيل عصر عصر اخر اس طول تراجم قصر شك الحافظ ذهبي كتب تراجم عرم هٰذا كتاب واسع اطلاع تراجم رجل ذٰلك نلاحظ هٰذا كتاب هناه ترجمه كتب امام احمد بن حنبل صفحه ترجم جنكيز خان حاج بن يوسف الثقفي قل صفحه هٰذا طبع راجع فاءده مرجو صاحب ترجمه سيره احمد بن حنبل نفيسه نادره نفع ذكر استفاد ,0
كيمياء قاعده مركب كيمياءي امكن اتحاد ايونه هيدروج معني اخر عنصر مركب مانح كترون عندما تفاعل قاعده حمض تعادل كيمياءي انتجي مركب جديد ربما ماء قال تعادل قاعده حمض تفاعل قاعده حمض ملح وماء احتوي محلول قاعده ماءي ايونات الهيدروكسيد سالب شحنه ,6
قال صديق ريتشارد كوهن لقد يهودي غايه ثقافي وجداني عرف كامراه يهودي كامل ذٰلك نورا متدين امكن كثير زبده بد اعتقادي دين هٰذا نهايه قال ساخر مقابله اذاعه وطني عام سءال الم جولي جوليا عام اخرج ابن جاكوب بيرنشتاين فيلم تكلم حياه شخصي عنوان شيء نسخه شبكه تلفزيوني امريكي اتش ,14
اعتبر نزاع قاءم حول وضع قدس مساله محوري صراع عربي اسراءيلي اقدم حكومه اسراءيلي حرب سنه جيش عربي اسراءيلي احتلال قدس شرقي تبع اردن الحق اسراءيل اعتبر جزء تجزا مجتمع دولي اغلبيه اعترف هٰذا ضم زال نظر قدس شرقي منطقه متنازع دعا اخر حل هٰذا قضيه طريق اجراء مفاوضه سلمي اسراءيل فلسطيني ذٰلك اغلبيه دوله عالم اعترف قدس عاصمه اسراءيل لذا معظم سفاره قنصلي اجنبي وقع مدينه تل ابيب ضاحيه طالب فلسطيني زال قدس شرقي عاصمه دوله فلسطيني احتل اسراءيلي برلمان اسراءيلي اقر يوليوز سنه قانون اساس قدس عاصمه اسراءيل اعلان قدس حد رسم حكومه اسراءيلي عام مبدا دستوري قانون اسراءيلي رد مجلس امن قرار رقم رقم سنه وجه لوم اسراءيل سب اقرار هٰذا قانون اكد خالف قانون دولي شان منع استمرار سريان اتفاقيه جنيف سنه جزء شرقي قدس افترض مدينه ضمن محافظه قدس تابع دوله فلسطين,7
قم شركه نرويجي تاس اسكتلندا اجراء اقتصر عملي مهمه حاميه كذٰلك تدريب مزيد قوه حليف حرب شتاء بدل وحده خاص ذٰلك شركه متميز نرويجي وقوه رقم شركه رقم فرد مشترك حليف قاءد مختلطه انجلو نرويجي اقام غاره مختلف طول ساحل نرويجي اعاد بريطانيا متطوع اخر جند صف حليف ارسل وحده جزر ادار جان ماين محطه طقس تم اجلاء عام بينما ايسلندا تشكل شخصيه نرويجي مدرسه نرويجي حرب شتاء درب جندي جندي بريطاني جندي امريكي ,7
مسجد فوتي سمي ايض مسجد اوتي بالانجليزيه مسجد وقع مدينه كومابور هند تم بناء واسطه ناءب نغال سارفاراز خان عام قال تم بناء ليله لٰكن اقال ايض سارفاراز خان استاجر عامل بناء عمل مسجد عده شهر جاء اسم مسجد يوم اعتبر مسجد فوتي قديم اكبر مسجد مدينه كومابور منطقه مرشد اباد ,7
 قيد تحالف حزب مرشح مستقل شكل قاءمه نال صوت كلي التزم مرشح مستقل برنامج انتخابي قاءمه شارك عاده مستقل صات اكبر كتله حزبي تحالف حزب معارضه كثير برلمان نظم مستقل تله مجموعه كتل تسهيل عمليه تشكيل اءتلاف حاكم نظام جمهوريه برلماني حال امكن ناءب انتخاب حول صفه حزب مستقل عكس وجود قيد قانوني منع ذٰلك ,8
معظم فيلم استخدم بوابه زمن نقل مجموعه انسان شخص وراء وقت مناسب شعبي رحله وقت سفر وراء زمن ديناصور فيلم امكن بوابه وقت شكل خطر سبيل مثال امكن بدا فقد صواب قصد نقل شيء شخص وقت مختلف وقت حاضر مره اخر شعبي ديناصور نقل طريق خطا عالم حاضر ,12
حزب عامل كردستاني اختصار كردي پاره ی كرێكارانی كوردستان جماعه مسلح كردي يساري نشا سبعينات منطقه كردستان تركيا كحركه انفصالي مزيج فكري قوميه كردي ثوري اشتراكيه سعي اقامه دوله ماركسي لينيني كردستان مطلع ثمانينيه دخل صراع مسلح دوله تركي غيه نيل حق ثقافي سياسي تقرير مصير كرد تركيا استمر مواجه نهايه تسعينات اعتقل تركيا زعيم حزب عبد اله اوجلان دخل حزب مرحله جديد نزاع ,8
اثار مارسه حرس قومي استياء مواطن فرد هٰذا مليشيا عمل سرقه اعتداء ابتزاز بحق مواطن قيام اعتقال كيفيه فتح سجن خاص تشكيل محكمه قانوني مارسه ابشع صنفه تعذيب عدم مواطن بريء غد حرس قومي جيش جرير نافس جيش عراقي سطو سلاح متوسط ذخيره اعتداء منتسب قوه مسلح ضابط فرد اهانه سرهم صديق انتشر فرد حرس قومي ساحه عام تقاطع طريقه ,7
شخص ذوي وزن صحي بالغ تناول طعام هٰذا عاده استهلك كميه كبير طعام وقت قصير ادي نهايه زياده وزن سمنه عاقبه صحي هٰذا نوع اضطراب طعام زياده وزن مترتب نوبه افراط تناول طعام مرض شخص ذوي اضطراب افراط تناول طعام ذٰلك سب غياب تغذيه سليم عاده شمل نوبه اضطراب افراط تناول طعام طاعمه احتوي نسبه عالي دهن سكر ملح نسبه قليل فيتامينات معدن غالب شخص مستاء اضطراب تناول طعام صاب اكتءاب ,11
تميز رجل كويتي محافظه اصاله ملبس شعبي اعتبار ملبس رسمي مناسبه محفل رسمي نمط ملبس غربي اعتبر راءج جد فءه مجتمع خصوص شب نسبه نساء كبير سن لبس عباءه اسود غطي معظم جزء جسم ,12
صراع فلسفات كثير فمثلا اعتقد ا ابتعاد روح اصلي كونفوشيه يوم اختبار ثقافه جداره زال قيمه صين سنه اخير دعا عد كونفوشيه حديث الثل ديمقراطي حق انسان متوافق تمام كونفوشي تقليدي قيمه اسيوي زياده قوه اقتصادي عسكري اوروبي ابتداء منتصف قرن اكتسب نظام صيني منظمه اجتماعي سياسي اعتناق صين هٰذا اصلاحي رفض تمام ارث ثقافي صين اخر سعي جمع نقطه قوه ثقافه صيني اوروبي تاريخ صين قرن قرن تم تجريب نظام جديد منظمه اجتماعي سياسي اقتصادي سمح اعاده ادماج امه عقب انهيار اسره حاكم ,12
هٰذا اضطراب موجود مرحله مراهقه امكن ظهر عرض موقف عرض اخر المصاحبه خوف هجير تهميش حدوث نوبه شديد غضب تهيجيه امر صعب فهم نسبه اخر غالب بدي شخص مصاب اضطراب شخصي حدي راي شخص محيط شكل اقصاءي مثالي متحل قيمه ذٰلك شكل متفاوت تقدير عالي ايجابي خيبه امل سلبي اضافه ذٰلك مكن وصل امر ايذاء انتحار هٰذا اضطراب تميز طول قابليه انتشار تغلغل غالب مانعه مصاب تشخيص نفسي خاص مرحله مراهقه بلوغ مبكر مكن ازداد عرض هٰذا اضطراب سوء حاله عدم علاج مبكر ,5
اشار اعاده بناء تعليم برمجي نشاط صيانه برنامج تم تعديل تعليمه رمجيه مصدر تحسين قابليه قراءه تحسين هيكل تم غالب اعاده بناء تعليم برمجي متطابق معيار تعليم برمجي تم اقرار فريق اصدار اولي امكن اعتبار تغير عدل اسلوب برنامج اعاده بناء تعليم برمجي نشاط اعاده بناء تعليم برمجي شاءع اسم متنوع متغير طريقه اعاده تسميه طريقه متنقل فءه كامل وطرق كبير طارء ظاءف داخل طريقه اصغر ,10
بلغ مساحه عمان قارب كم ذٰلك اكبر دوله جزيره عربي ملكه عربي سعودي يمن هٰذا وضع سلطنه عمان ضمن مجموعه دوله متوسط مساحه مساحه قريب مساحه ايطاليا فلبين بولندا قليل مساحه اليابان اكبر مساحه ملكه متحد اكبر دوله اماره عربي متحد البحرين قطر كويت مجتمع اكبر ذٰلك مساحه سوريا اردن لبنان مجتمع تبع سلطنه عمان مجموعه جزر معظم عباره نتوءه صخري عرض بحر اكبر هٰذا جزر مساحه جزيره مصير بحر عرب ماهول ساكن ,9
يساري جناح يساري مصطلح تيار فكري سياسي سعي تغير مجتمع حاله مساواه فرد اصل مصطلح يساري ثوره فرنسي عندما ايد عموم جلس يسار ناءب تغير حق طريق ثوره فرنسي ذٰلك تغير متمثل تحول نظام جمهوري علماني زال ترتيب جل متبع برلمان فرنسي ,8
صم هٰذا عمليه الغاء تاشيره منتج راي عام دولي جانب السويد رغم فوز دعم راي عام ذكر خيار تدخل ادميرال كارل دونيتز جانب وزاره ويد شكل رتيب جد ناقش قمه الماني دنمارك مقر هبوط لٰكن زاءد حاجه سب استسلام الماني ,7
مستقبل هٰذا تمرد تمرد كتب مارشيل مراد خطاب ارسل نابليون وجنود يوم قاءل لقد حرك شعب مدريد اختيار تمرد اسال دم فرنسي تطلب هٰذا انتقام قتل شخص مقبوض اثناء عصيان تناول جويا هٰذا انقلاب عمل مسمي وصف عمل طاءفه فرسان متمرد اقوي مواجه استمر ساعه وقع مركز مدريد نصف عمل شهره شرح قتل اجتماع سب مكان كثير حول مدريد فجر فرنسي قبض متمرد ليله مدريد اعدم يوم خرج محكمه رغم هٰذا اجراء عمل مقاوم اسبان مواجه فرنسي حرب جزيره استمر سنه اعتبر هٰذا كاول حرب عصابه دعم قوه اسباني شكل كبير جيش مكون عسكر بريطاني اسباني برتغاليه قياده يلسيلي دخل هٰذا جيش البرتغال راي عام متمرد فتره رسم لوحه شعار وطنيه بطوله ,7
اليابان نوعان ملبس نوع ملبس تقليدي ملبس حديث ملبس تقليدي برز زي الكيمونو ياباني معن شيء ارتداء عباره ثاب مبهرج طويل استخدم نساء رجل طفل مناسبه خاص لٰكن حالي استخدم شكل واسع اشاره لباس ياباني تقليدي طويل لبس رجل نساء طفل معروف كيمونو منظر جميل لون زاهي خصوص الكيمونو نساءي كيمونو عباره ثوب شكل حرف ال انجليزيه وصل طول كاحل ياقه كم عريض تكون خلفيه بطانه تحتي تم ارتداء ذٰلك جزء علوي مليء لون مبهج نسبه ملبس حديث ياباني اتجاه حديث الجانجورو ياباني زي نساءي تميز ارتداء ملبس مبهرج جد استخدام مفرط اكسوار قصه شعر جديد متنوع تلوين لون اعتيادي افته جد اظفر طويل شكل جديد صبغ لون بشره لون داكن استخدام مكياج متعد لون,12
مهمه مكتب جده شمل تنسيق توثيق مشاركه مدينه متابعه معامله رسمي خاص مدينه منطقه مكه مكرم نشر معرفه مدينه انشطه انجاز توزيع مطبوعات جه افراد صاحب علاقه تمثيل مدينه موضوع علاقه مدينه ترتيب زياره منسوب مدينه مكلف مهمه رسمي منطقه مكه مكرم عمل حجوزه توفير مواصله تواصل وسيله اعلام منطقه تنسيق مدينه تنظيم عقد مءتمر لقاء صحفي حول مدينه انشطه ,4
جزاءر بلد افريقي عربي اكبر مساحه وقع غربي قاره افريقيا عضو عديد مءسه دولي اتحاد مغرب عربي اتحاد افريقي امه متحد الاوبك عديد مءسه عالمي اخر اطلق بلد مليون نصف شهيده استشهد ثوره تحرير وطني تمركز جزاءري منطقه شمالي بلد مناخ مناسب ثقافه جزاءر اختلف مجتمع جزاءري شكل كبير مجتمع اسلامي لٰكن وقت حالي ثقافه جزاءري تطور انفتاح فضل فءه شب جزاءر استخدام انترنت مشاركه كثير منتدي الكتروني نسبه مطالعه قراءه صحف زال متوسط اتدن كثير خاص فءه نساء عاده فضل فيلم غربي فيلم كشن رومانسيه ادب جزاءري نشا عديد كتاب مشهور جزاءر دور كبير نهضه ادبي حاز جاءزه عالمي كاتبه اسيا جبار اشهر كتاب جزاءري حلم مستغانمي طاهر فضيله الفاروق مفدي زكريا فن دور كبير بناء حضاره جزاءري نشا عديد فن ارض جزاءر فن قديم تراثي صناعه تحفه فن العماره جزاءر دخل قاءمه تراث عربي عالمي عديد اثر قديم قلعه بني حماد وادي ميزاب اثر مدينه كويكول عديد متيفه منتشر عديد تمثال روماني قديم تمثال رجل سياسي فسيفساء زال فن منتشر حديث رسم صناعه حلي تقليدي ملابسي صناعه نحاس ,12
تونليس منطقه سكني وندزورث قديم قرب نهر وسط مدينه سمي هٰذا اسم عديد اسم شارع احتوي كلمه شعر قريه وجود مقهي متاجر طريق يورك قديم وسط ضم منطقه مكان بارز رويال تاندرد ايست هيل الما قدم مطعم براديز فش سمك بطاط تقليدي تم استخدام منطقه مءخر موقع مسلسل ,9
مشروب كحولي غالب اشار كون مجرد مشروب روحي شراب احتوي كحول حجم مخدر تم استخدام وصف عقار نفساني تاثير عام عد ايثانول اقدم مخدر ترفيهي زال استخدم بشر امكن سب ايثانول تسم نتيجه سكر حاله سمي تسم كحولي عندما تم تعاطي انقسم مشروب كحولي فءه عام تبع قانون تنظيم كحول بيره نبيذ مشروب روحيه مشروب مقطر استهلك شكل قانوني معظم بلد عالم دوله قانون نظم انتاج بيع استهلاك كحوليه ,12
خلص احثون جامعه نيهون فوكوشي فيهاندا اليابان فاءده رياضه اقتصر بدن امتد تاثير ايجابي عقل مهاره ذهني انسان بدا معاينه شخص تابع رنامج هروله دقيقه مره مره اسبوعي مده شهر خضع عده اختبار برنامج استنتج باحث درجه مسجل اختبار اسبوع هروله منتظم زاد صوره ملحوظ برنامج معدل استجابه اسرع ,14
تحول ايلا كوتلو عام كتاب طفل كتب كتاب طفل قرب كتاب فتره ايلا كوتلو عمل ارتكز مشكله امراه ايلا كوتلو قصيده عنوان ملحمه نساءي عمل كشف وضوح قضيه امراه مشكله شكل قصيده شكل هيكل ملحمه كلاسيكي هٰذا عمل مقدم ملحمه جلجامش دمج ايلا كوتلو قصه عصر اسطوري ملحمي امراه قصيده ملحمه نساءي قصه يومي ,14
تفقي براين دنتون طباعه صحيفه خاص عبر وجه نظر اعرف انسان اضراب بوليتز استخدم نفوذ امر صحيفه عدم نشر خبر ضرب حدث مطبعه وافق طباعه صحيفه جاك مطبعه خلسه تسل صحفي دنتون باقي اسره يعقوب جد اله طباعه قديم ملقي استخدم ظل اطبع طوال ليل منشور كون احسن استخدام اله طباعه ساعد دنتون خبره كيفيه استخدام زعي كافه صحيفه فجر شروق شمس مراهق فتان فتاه عامل ساءر حي مدينه نيويورك حث انضم اضراب فتان عامل بيع صحيفه غنيه مره ابد ,8
جواز سفر سويدي وثيقه سفر مواطن دوله السويد اعتبر اقوي جواز عالم فنلندي الماني امريكي بريطاني سمح حاملي سفر دوله حاجه تاشيره اقامه ذٰلك دوله منح جواز سفر سويدي مواطن دوله السويد اصلي ذٰلك اجنبي انطبق شرط تقدم جنسيه سويدي اقامه فتره زمن حد داءره هجره سويدي سجل مواطن خالي مخالفه قانون سويدي عدم وجود اسم طالب جواز داءره استحصال دين ,12
تميز ظهور سياسه وصف حقل اكاديمي جامعه انشاء قسم كراسي جامعي حمل اسم سياسه اخر قرن استخدم تعبير عالم سياسه اشاره شخص حمل درجه دكتور ماجسير هٰذا مجال زال دمج دراسه سياسي سابق حقل موحد جاري وفر تاريخ سياسه مجال غني نمو سياسه معياري ايجابي اشترك جزء جزء تخص سابق تاريخي ,8
فتره حكم عاءله الويس امتد عاءله مالك تلا عاءله بوربون شهد فرنسا نظام اقطاعي سلطه مطلق ملك مباركه كنيسه شعب مقسم طبقه رءيسي فرنسا وحد معظم اوروبا فرد طبقه متوسط معظم متعلم حال بدء شعر عدم رضا مكانه دني احتل قياس طبقه نبيل صاحب مقام رفيع كنيسه تذمر تمرد هٰذا وضع عامل اشعل فتيل ثوره تحالف سمي طبقه رزح وضع سيء ظل نظام اقطاعي ساءد انذاك حال اقتصادي ,8
الكابوكي نوع نوع مسرح كلاسيكي ظهر مستهل قرن اتسم هٰذا فن طريقه ميز القاء موزون زي فاخر طريقه تجميل مبلغ معروف اسم كومادوري استخدام تجهيز ميكانيكيه تنفيذ مءثر خاص مسرح شان مسحوق تجميل برز شخصيه مسرحي حاله مزاجي دار معظم مسرحيه حول موضوعات عصر اوسط عصر ايدو ذكور كافه دور تمثيلي نساءي ,12
يزيدي ايزيدي كردي ءێزیدی مجموعه ديني كردي تركز منطقه كردستان ناطقه لهجه الكرمانجيه لغه كردي محافظه زواج اقرب عاش غالبيه يزيدي باقي شرق اوسط يوم منطقه متنازع عراق اساس محافظه نينوي دهك تاثر جماعه محيط الفسيفساءي المتكون ثقافه عربي زال ارتدي زي عربي يزيدي شعب دين وجود ادم حواء ارض احثي ديانه انبثق ديانه بابلي قديم بلد نهر باحث اسلامي ديانه يزيدي ديانه منشق منحرف اسلام اخر ديانه خليط عده ديانه قديم زردشه مانوي امتداد ديانه الميثراءيه شخصيه اساسي ديانه اليزيديه عدي بن مسافر طاوس ملك ,13
اعتبر حمض الكروميك ماده سطيه عمليه طلاء كرم طلاء سيراميك زجاج ملون نظر لان مزيج حمض الكروميك حمض كبريتيك عرف خليط كبريت كروميك كرم كبريتيك عد عامل مءكد قوي استخدم تنظيف زجاجيه مختبر خاص ازاله بقا ماده عضوي ذاءب ذٰلك رفض هٰذا استخدام سب مخافه بيءي اضافه ذٰلك حمض كميه صغير ايونات الكروميك مغناطيسيه مساير تداخل جهاز مطيافيه اخص انبوب ,6
عندما تالف جمعيه خلق ادبي وقع اختيار زميل حسن البنا رءيس مجلس اداره هٰذا جمعيه جمعيه اخر خارج نطاق مدرسه سمو جمعيه منع محرمه اس صديق محب الدين الخطيب جمعيه شاب مسلم مقاومه تبشير استعمار مسلم انضم حسن البنا شاب مسلم الغاء خلافه اسلامي سنه دين وجه نظر علامه جهل تاخر حضاره عمل حسن البنا تكوين جماعه داعي متحمس طالب دار ازهر خرج انسان مسجد مقهي خاطب اسلوب بسيط رشد تمسك دين اتباع سنه رسول تعين مدرس عام مدرسه اسماعيليه ابن توقف دعوه اختار توجه دعوه انسان مقهي زدح فكان حياه اسلامي بناء عماد حكومه امه اسره فرد تاثر دعوه كثير اس البنا جمعيه اخ مسلم اسماعيليه نقل عمل مدرس قاهره دعا مسلم عوده كتاب الٰه وسنه رسول ,0
نظر خواص فريد كربون اعتقد امكن شكل شكل حياه نجم اخر اعتماد كربون ذٰلك احتماليه تغير ذره كربون سيليكون وقع سفل كربون جدول دوري تكافء كربون تكافء السيليكون زاد عد كيمياء عضوي اهم فرع كيمياء حديث درس منهج منفصل كثير نظام تعليمي عالم ,6
